condition,label,regime,wrong,reset,trajectory,seed,B1_F,K1_F,B1_int,K1_int,B1_e,K1_e
0,A_Normal_Persist,A,False,False,0,17589777890202796842,0.999176,0.998847,0.999337,0.999597,0.048624,0.048300
0,A_Normal_Persist,A,False,False,1,12545602446374637349,0.998723,0.998897,0.999010,0.998798,0.040619,0.048375
0,A_Normal_Persist,A,False,False,2,11174791513762315072,0.998018,0.997371,0.999229,0.998955,0.070763,0.073515
0,A_Normal_Persist,A,False,False,3,15700661152455971531,0.993012,0.995307,0.997431,0.997190,0.043226,0.056739
0,A_Normal_Persist,A,False,False,4,2849086772100652466,0.998327,0.998569,0.999505,0.999500,0.057768,0.061385
0,A_Normal_Persist,A,False,False,5,319654008582080984,0.997650,0.999580,0.999339,0.999740,0.061620,0.078873
0,A_Normal_Persist,A,False,False,6,8268244998995483726,0.995366,0.994641,0.995651,0.995490,0.038092,0.043788
0,A_Normal_Persist,A,False,False,7,13101428384562279473,0.999662,0.999489,0.999621,0.999689,0.027079,0.045404
0,A_Normal_Persist,A,False,False,8,15106281664518893828,0.999629,0.999549,0.999558,0.999323,0.040768,0.047563
0,A_Normal_Persist,A,False,False,9,17049794065283541185,0.999271,0.999351,0.999256,0.999586,0.042924,0.051962
0,A_Normal_Persist,A,False,False,10,6938476609358270904,0.999810,0.999992,0.999386,0.999546,0.069960,0.063102
0,A_Normal_Persist,A,False,False,11,932074468377912656,0.997538,0.995983,0.999321,0.998836,0.043350,0.050018
0,A_Normal_Persist,A,False,False,12,5698988199802682754,0.998481,0.997816,0.998656,0.998647,0.032561,0.048669
0,A_Normal_Persist,A,False,False,13,10571818032137991554,0.999979,0.999956,0.999862,0.999810,0.049108,0.053638
0,A_Normal_Persist,A,False,False,14,4725273981579120888,0.999688,0.999999,0.999730,0.999716,0.042611,0.052807
0,A_Normal_Persist,A,False,False,15,18074791800128421472,0.999997,0.999962,0.999168,0.999215,0.037301,0.040302
0,A_Normal_Persist,A,False,False,16,8108913964183774458,0.999324,0.999105,0.999148,0.998974,0.046193,0.045740
0,A_Normal_Persist,A,False,False,17,10814800511765464997,0.999026,0.999635,0.999812,0.999919,0.041942,0.050665
0,A_Normal_Persist,A,False,False,18,7110857762768718238,0.991713,0.994243,0.997425,0.997405,0.036146,0.042206
0,A_Normal_Persist,A,False,False,19,18122741490306151171,0.997520,0.997934,0.999665,0.999611,0.037017,0.044487
0,A_Normal_Persist,A,False,False,20,1782068948177614150,0.995917,0.994415,0.999144,0.998830,0.066549,0.084707
0,A_Normal_Persist,A,False,False,21,4557996224056385523,0.998542,0.998464,0.999653,0.999680,0.047373,0.046889
0,A_Normal_Persist,A,False,False,22,1132005911200400028,0.998695,0.999106,0.999720,0.999727,0.049728,0.051887
0,A_Normal_Persist,A,False,False,23,7730768889055107054,0.999856,0.999876,0.999619,0.999681,0.042908,0.046130
0,A_Normal_Persist,A,False,False,24,15848388019018353447,0.997797,0.996232,0.999049,0.998321,0.057934,0.072925
0,A_Normal_Persist,A,False,False,25,4744690083744558053,0.998235,0.997587,0.997711,0.998270,0.043579,0.056705
0,A_Normal_Persist,A,False,False,26,8626063377622690844,0.999922,0.999933,0.999906,0.999863,0.022928,0.040143
0,A_Normal_Persist,A,False,False,27,8060564906719492303,0.995881,0.997835,0.997565,0.998121,0.057684,0.066523
0,A_Normal_Persist,A,False,False,28,7123470726733826419,0.999986,0.999990,0.999816,0.999837,0.036254,0.055849
0,A_Normal_Persist,A,False,False,29,1770034654292991051,0.997871,0.998229,0.999358,0.999417,0.033523,0.040533
0,A_Normal_Persist,A,False,False,30,14801622811215438738,0.999854,0.999990,0.999734,0.999782,0.024677,0.041401
0,A_Normal_Persist,A,False,False,31,2214622552619454761,0.996982,0.997793,0.999260,0.999419,0.053910,0.054334
0,A_Normal_Persist,A,False,False,32,5755291633769711074,0.999881,0.999995,0.999401,0.999251,0.031610,0.034817
0,A_Normal_Persist,A,False,False,33,13304235186759857948,0.999997,0.999924,0.999314,0.999117,0.061398,0.069955
0,A_Normal_Persist,A,False,False,34,2578939055252829052,0.999945,0.999764,0.998244,0.998369,0.022813,0.036662
0,A_Normal_Persist,A,False,False,35,6191461403071375039,0.995549,0.995220,0.997394,0.997512,0.037621,0.060274
0,A_Normal_Persist,A,False,False,36,6543691829881638348,0.994877,0.995667,0.998682,0.998217,0.061775,0.075839
0,A_Normal_Persist,A,False,False,37,16101867512422523573,0.999856,0.999878,0.999529,0.999449,0.046793,0.047160
0,A_Normal_Persist,A,False,False,38,16951867704495303409,0.999103,0.999914,0.999745,0.999841,0.043655,0.050109
0,A_Normal_Persist,A,False,False,39,18192567319657376557,0.999766,0.999886,0.999643,0.999685,0.054240,0.059914
0,A_Normal_Persist,A,False,False,40,131260324142521281,0.992672,0.990623,0.997570,0.996604,0.043739,0.054015
0,A_Normal_Persist,A,False,False,41,16756683041942224451,0.999989,0.999997,0.999720,0.999890,0.058653,0.066296
0,A_Normal_Persist,A,False,False,42,15549932082592990496,0.999788,0.999586,0.999133,0.999467,0.033489,0.044577
0,A_Normal_Persist,A,False,False,43,3717727507057356368,0.996184,0.996308,0.999578,0.999385,0.060619,0.062283
0,A_Normal_Persist,A,False,False,44,2171114357013988175,0.999838,0.999998,0.999918,0.999842,0.031252,0.046137
0,A_Normal_Persist,A,False,False,45,16226289625636856283,0.997871,0.997259,0.999698,0.999452,0.037138,0.049989
0,A_Normal_Persist,A,False,False,46,6117993287843793273,0.996879,0.997955,0.998913,0.998885,0.054691,0.052341
0,A_Normal_Persist,A,False,False,47,6890155756008470165,0.995681,0.995375,0.997281,0.997559,0.026891,0.036455
0,A_Normal_Persist,A,False,False,48,16573447064485743218,0.997445,0.997533,0.999381,0.999474,0.045486,0.055679
0,A_Normal_Persist,A,False,False,49,14250150111630836063,0.999832,0.999745,0.999376,0.999571,0.040454,0.047448
0,A_Normal_Persist,A,False,False,50,1002054071676831518,0.999613,0.999438,0.999834,0.999694,0.042051,0.062817
0,A_Normal_Persist,A,False,False,51,4628682506542645912,0.997210,0.998778,0.999125,0.999278,0.066322,0.061614
0,A_Normal_Persist,A,False,False,52,18216719114477938007,0.995973,0.995753,0.998756,0.998316,0.057763,0.055829
0,A_Normal_Persist,A,False,False,53,8525249328655299666,0.999315,0.999460,0.999722,0.999821,0.036699,0.042620
0,A_Normal_Persist,A,False,False,54,13464204517152056085,0.999141,0.999126,0.999064,0.999651,0.043039,0.055022
0,A_Normal_Persist,A,False,False,55,4586097293512840890,0.999948,0.999655,0.999869,0.999578,0.137533,0.130557
0,A_Normal_Persist,A,False,False,56,11865984228913288277,0.999511,0.999418,0.999767,0.999693,0.046514,0.055802
0,A_Normal_Persist,A,False,False,57,18433315942916534683,0.991360,0.992912,0.997322,0.997272,0.075059,0.074529
0,A_Normal_Persist,A,False,False,58,14203592199566012085,0.999781,0.999788,0.999007,0.999100,0.034607,0.043743
0,A_Normal_Persist,A,False,False,59,14622402754046566671,0.999606,0.999403,0.999034,0.999397,0.032689,0.041520
0,A_Normal_Persist,A,False,False,60,4615731072374699158,0.999216,0.999633,0.999686,0.999456,0.060784,0.062372
0,A_Normal_Persist,A,False,False,61,593095418841398297,0.999775,0.999616,0.999436,0.999514,0.053007,0.059327
0,A_Normal_Persist,A,False,False,62,14574386754041982706,0.999902,0.999997,0.999394,0.999732,0.067268,0.074221
0,A_Normal_Persist,A,False,False,63,18020331819541264556,0.999445,0.999999,0.999050,0.999547,0.056375,0.068796
0,A_Normal_Persist,A,False,False,64,14291968845027809219,0.999730,0.999752,0.999704,0.999607,0.033031,0.042112
0,A_Normal_Persist,A,False,False,65,189373932083208134,0.995929,0.996520,0.997069,0.997332,0.093197,0.080556
0,A_Normal_Persist,A,False,False,66,15253211940323626555,0.999999,0.999997,0.999224,0.999700,0.091063,0.096718
0,A_Normal_Persist,A,False,False,67,16351628183831674080,0.998589,0.998962,0.999701,0.999706,0.040329,0.051589
0,A_Normal_Persist,A,False,False,68,2590678532341232553,0.999468,0.999850,0.999709,0.999653,0.039644,0.047457
0,A_Normal_Persist,A,False,False,69,9961890938728407477,0.999370,0.999738,0.999297,0.999531,0.058689,0.074038
0,A_Normal_Persist,A,False,False,70,8737477274693781309,0.999950,0.999997,0.998111,0.998622,0.059117,0.076002
0,A_Normal_Persist,A,False,False,71,10112432413057293262,0.997319,0.998333,0.997348,0.997722,0.051447,0.062176
0,A_Normal_Persist,A,False,False,72,17754223360767927082,0.996774,0.995458,0.998742,0.998499,0.038259,0.052865
0,A_Normal_Persist,A,False,False,73,8524514862046144439,0.999307,0.999450,0.999666,0.999586,0.055330,0.062693
0,A_Normal_Persist,A,False,False,74,2619621124950055082,0.998926,0.999295,0.999014,0.999468,0.086215,0.085448
0,A_Normal_Persist,A,False,False,75,5245367253902114773,0.994704,0.994371,0.998157,0.997301,0.050655,0.054372
0,A_Normal_Persist,A,False,False,76,4908442928459783785,0.999542,0.999369,0.999920,0.999842,0.043684,0.042804
0,A_Normal_Persist,A,False,False,77,11601191636692089777,0.995706,0.995638,0.999162,0.998991,0.082976,0.072670
0,A_Normal_Persist,A,False,False,78,4946032338573080337,0.999817,0.999489,0.999652,0.999874,0.039766,0.050712
0,A_Normal_Persist,A,False,False,79,193323190656864392,0.998999,0.999716,0.999804,0.999783,0.054170,0.057951
0,A_Normal_Persist,A,False,False,80,12286717315884329967,0.992823,0.991125,0.996189,0.995688,0.099467,0.087856
0,A_Normal_Persist,A,False,False,81,2393616938676688700,0.998513,0.999099,0.999651,0.999606,0.061693,0.073662
0,A_Normal_Persist,A,False,False,82,8429949523851626037,0.998854,0.997792,0.998478,0.998768,0.064768,0.067639
0,A_Normal_Persist,A,False,False,83,10625789809040938924,0.994117,0.995400,0.997115,0.997376,0.042699,0.048963
0,A_Normal_Persist,A,False,False,84,7323021778516561033,0.998605,0.997823,0.999397,0.999073,0.065280,0.076548
0,A_Normal_Persist,A,False,False,85,17351807296096434206,0.998011,0.996988,0.999328,0.998668,0.065211,0.070522
0,A_Normal_Persist,A,False,False,86,10488284877416351363,0.999914,0.999575,0.999780,0.999740,0.050177,0.055162
0,A_Normal_Persist,A,False,False,87,10425690760161580294,0.999981,0.999981,0.999602,0.999801,0.037386,0.046421
0,A_Normal_Persist,A,False,False,88,11290716188760566105,0.999987,0.999947,0.999824,0.999719,0.039474,0.043831
0,A_Normal_Persist,A,False,False,89,3071557683751029957,0.999998,1.000000,0.999892,0.999824,0.056714,0.057033
0,A_Normal_Persist,A,False,False,90,6668639990356663155,0.998738,0.997882,0.999078,0.999183,0.061838,0.064600
0,A_Normal_Persist,A,False,False,91,15453338452008338158,0.999943,0.999793,0.999605,0.999510,0.042027,0.052510
0,A_Normal_Persist,A,False,False,92,12445374721324425945,0.999729,0.999999,0.999784,0.999947,0.073114,0.071986
0,A_Normal_Persist,A,False,False,93,12102051444333430969,0.999872,0.999963,0.999596,0.999897,0.047632,0.061158
0,A_Normal_Persist,A,False,False,94,4270178746539578890,0.999726,0.999687,0.999725,0.999613,0.038314,0.048935
0,A_Normal_Persist,A,False,False,95,415915742581952632,0.999469,0.999353,0.999051,0.998801,0.056305,0.059641
0,A_Normal_Persist,A,False,False,96,13160564818314794778,0.999985,0.999994,0.999614,0.999819,0.040773,0.048439
0,A_Normal_Persist,A,False,False,97,8297630469199321273,0.999600,0.999314,0.999450,0.999238,0.023432,0.031144
0,A_Normal_Persist,A,False,False,98,2024780049722463762,0.989308,0.988647,0.994902,0.995142,0.048055,0.054977
0,A_Normal_Persist,A,False,False,99,8272763099127616356,0.998810,0.997954,0.998246,0.997857,0.047717,0.049945
0,A_Normal_Persist,A,False,False,100,7907310815272351480,0.998960,0.997629,0.999501,0.999585,0.038930,0.049037
0,A_Normal_Persist,A,False,False,101,8919572360003037733,0.994245,0.995964,0.995999,0.996856,0.036151,0.042495
0,A_Normal_Persist,A,False,False,102,2256239934813566588,0.999835,0.999998,0.999787,0.999778,0.028242,0.046442
0,A_Normal_Persist,A,False,False,103,5941016352435333481,0.991679,0.994332,0.996024,0.996586,0.024102,0.038825
0,A_Normal_Persist,A,False,False,104,3890179285335390609,0.995491,0.996446,0.999073,0.999244,0.037000,0.043949
0,A_Normal_Persist,A,False,False,105,1143588545465723632,1.000000,0.999951,0.998894,0.999309,0.069324,0.064899
0,A_Normal_Persist,A,False,False,106,13452058666802791191,0.997021,0.997274,0.999069,0.998783,0.051657,0.060949
0,A_Normal_Persist,A,False,False,107,825539370941933605,0.999853,0.999614,0.999745,0.999652,0.063233,0.083532
0,A_Normal_Persist,A,False,False,108,4971263419176091714,0.999999,0.999957,0.999681,0.999790,0.051209,0.063428
0,A_Normal_Persist,A,False,False,109,14513301737419025520,0.999149,0.999921,0.999779,0.999831,0.033388,0.047441
0,A_Normal_Persist,A,False,False,110,12657170792695931112,0.993646,0.997419,0.999002,0.999267,0.059254,0.079691
0,A_Normal_Persist,A,False,False,111,14554728232899413977,0.999116,0.998617,0.999273,0.999127,0.031838,0.042245
0,A_Normal_Persist,A,False,False,112,3285507139685542476,0.998322,0.998461,0.999399,0.999303,0.020894,0.032815
0,A_Normal_Persist,A,False,False,113,4279155023737222899,0.998731,0.998459,0.999341,0.998618,0.045998,0.053610
0,A_Normal_Persist,A,False,False,114,16834022921450468354,0.998288,0.997941,0.998410,0.997964,0.044133,0.049603
0,A_Normal_Persist,A,False,False,115,9223606929073461462,0.996422,0.998504,0.998822,0.998627,0.072918,0.073408
0,A_Normal_Persist,A,False,False,116,4563343505542545135,0.999964,0.999956,0.999619,0.999532,0.033218,0.050641
0,A_Normal_Persist,A,False,False,117,1793793917346988005,0.999984,1.000000,0.999745,0.999809,0.042137,0.046147
0,A_Normal_Persist,A,False,False,118,13948109408276176612,0.997926,0.997192,0.998517,0.998375,0.067714,0.055105
0,A_Normal_Persist,A,False,False,119,1874348788710582351,0.999926,0.999571,0.999760,0.999850,0.026205,0.036293
0,A_Normal_Persist,A,False,False,120,18055481954459928017,0.994791,0.996735,0.997329,0.996580,0.031164,0.056856
0,A_Normal_Persist,A,False,False,121,6759364069723208998,0.999990,0.999875,0.999900,0.999944,0.031536,0.041351
0,A_Normal_Persist,A,False,False,122,2701525060871462804,0.999965,0.999896,0.999583,0.999510,0.040762,0.044935
0,A_Normal_Persist,A,False,False,123,9537889934652134712,0.991783,0.992760,0.997982,0.998292,0.023891,0.036039
0,A_Normal_Persist,A,False,False,124,1329224620767936773,0.994857,0.995665,0.997687,0.998303,0.038421,0.040567
0,A_Normal_Persist,A,False,False,125,10330575857816938123,0.995717,0.994361,0.997063,0.996590,0.059342,0.063265
0,A_Normal_Persist,A,False,False,126,7118456129573124430,0.996325,0.997037,0.999320,0.999343,0.048120,0.057086
0,A_Normal_Persist,A,False,False,127,11095297396665690069,0.997657,0.997503,0.999183,0.999271,0.040446,0.045082
0,A_Normal_Persist,A,False,False,128,498760509776609174,0.999996,0.999940,0.999857,0.999956,0.037224,0.046658
0,A_Normal_Persist,A,False,False,129,16100216468074718207,0.998521,0.998951,0.999629,0.999634,0.053367,0.052875
0,A_Normal_Persist,A,False,False,130,18170179375270938255,0.999122,0.999594,0.999789,0.999803,0.035230,0.048196
0,A_Normal_Persist,A,False,False,131,15938280625536513631,0.998124,0.998986,0.998867,0.999188,0.036667,0.044421
0,A_Normal_Persist,A,False,False,132,1863595606247557403,0.999998,0.999973,0.998521,0.998092,0.058807,0.065073
0,A_Normal_Persist,A,False,False,133,8779269494373167123,0.997721,0.997574,0.996617,0.996960,0.027735,0.043329
0,A_Normal_Persist,A,False,False,134,15673294531230463559,0.995114,0.995521,0.999049,0.999202,0.038888,0.042559
0,A_Normal_Persist,A,False,False,135,6546157702392299646,0.999616,0.999872,0.999775,0.999685,0.057684,0.058310
0,A_Normal_Persist,A,False,False,136,14175486175583147887,0.999644,0.999601,0.999778,0.999689,0.054470,0.063376
0,A_Normal_Persist,A,False,False,137,2723616798389846593,0.996395,0.997755,0.998792,0.999086,0.055218,0.052410
0,A_Normal_Persist,A,False,False,138,4253040765001152812,0.999702,0.999856,0.999618,0.999819,0.033083,0.040698
0,A_Normal_Persist,A,False,False,139,7183569130053270251,0.999926,0.999957,0.999756,0.999898,0.044121,0.051377
0,A_Normal_Persist,A,False,False,140,14876798086321358358,0.999926,0.999831,0.999484,0.999765,0.091609,0.079713
0,A_Normal_Persist,A,False,False,141,818285479060412438,0.986850,0.986086,0.996814,0.996304,0.042661,0.051203
0,A_Normal_Persist,A,False,False,142,17810835190234706811,0.995955,0.996915,0.998742,0.998689,0.039538,0.045459
0,A_Normal_Persist,A,False,False,143,14937736043367929972,0.998716,0.998125,0.998705,0.998616,0.063001,0.069268
0,A_Normal_Persist,A,False,False,144,14551305983604970407,0.999564,0.999090,0.999684,0.999768,0.035545,0.045672
0,A_Normal_Persist,A,False,False,145,13265647662600768821,0.999977,0.999980,0.999888,0.999903,0.026133,0.040547
0,A_Normal_Persist,A,False,False,146,4419254689044984187,0.998680,0.999588,0.999470,0.999818,0.035611,0.040848
0,A_Normal_Persist,A,False,False,147,8892460906512563003,0.996203,0.997172,0.998138,0.998156,0.023342,0.034465
0,A_Normal_Persist,A,False,False,148,14896333487085688320,0.999860,0.999638,0.999205,0.999232,0.056915,0.058926
0,A_Normal_Persist,A,False,False,149,10380545843764232654,0.997736,0.997107,0.999112,0.999366,0.058348,0.067455
0,A_Normal_Persist,A,False,False,150,6630120930247150382,0.999949,0.999954,0.999929,0.999890,0.031519,0.044341
0,A_Normal_Persist,A,False,False,151,10665621507777772520,0.999669,0.999729,0.999812,0.999654,0.046493,0.051506
0,A_Normal_Persist,A,False,False,152,1738081950813811106,0.999976,0.999991,0.999572,0.999835,0.047592,0.063301
0,A_Normal_Persist,A,False,False,153,17899349771188291029,0.999517,0.999500,0.999577,0.999680,0.043397,0.057085
0,A_Normal_Persist,A,False,False,154,8812064127872443066,0.998163,0.996744,0.998614,0.998171,0.030483,0.042187
0,A_Normal_Persist,A,False,False,155,3253323538317167122,0.998833,0.998579,0.999881,0.999844,0.052972,0.063772
0,A_Normal_Persist,A,False,False,156,10414933645770106716,0.995947,0.996197,0.998206,0.998355,0.035797,0.042730
0,A_Normal_Persist,A,False,False,157,16823716647236655461,0.995062,0.997080,0.998758,0.998941,0.031928,0.040399
0,A_Normal_Persist,A,False,False,158,14151171250347361643,0.999996,0.999849,0.999657,0.999651,0.045439,0.057330
0,A_Normal_Persist,A,False,False,159,5784256038332739669,0.999679,0.998900,0.999743,0.999499,0.070145,0.064583
0,A_Normal_Persist,A,False,False,160,13922804056035861309,0.998549,0.998886,0.998320,0.998760,0.063231,0.065805
0,A_Normal_Persist,A,False,False,161,10811508319269836193,0.999398,0.999674,0.999689,0.999825,0.030538,0.047262
0,A_Normal_Persist,A,False,False,162,14101135820784492977,0.997079,0.997478,0.998871,0.999182,0.033080,0.040066
0,A_Normal_Persist,A,False,False,163,8426529291970484699,0.999488,0.998870,0.999703,0.999422,0.067562,0.060795
0,A_Normal_Persist,A,False,False,164,5387733996514614122,0.997308,0.997711,0.997444,0.998197,0.049488,0.046485
0,A_Normal_Persist,A,False,False,165,632356201489216354,0.999703,0.999420,0.999287,0.999374,0.033050,0.047670
0,A_Normal_Persist,A,False,False,166,14255574563921086766,0.992551,0.993068,0.997861,0.997137,0.049428,0.062266
0,A_Normal_Persist,A,False,False,167,2579797834808679832,0.999914,0.999973,0.999001,0.999436,0.037644,0.053994
0,A_Normal_Persist,A,False,False,168,16414102953224792267,0.999969,0.999341,0.999745,0.999786,0.053457,0.065408
0,A_Normal_Persist,A,False,False,169,6692421827244363951,1.000000,0.999968,0.999689,0.999699,0.068567,0.064269
0,A_Normal_Persist,A,False,False,170,3877599420909139526,0.999742,0.999875,0.999379,0.999216,0.048830,0.053320
0,A_Normal_Persist,A,False,False,171,13026377236299590074,0.997816,0.998574,0.999645,0.999437,0.054785,0.059365
0,A_Normal_Persist,A,False,False,172,11889748274810362994,0.999318,0.999999,0.998671,0.999581,0.052913,0.066933
0,A_Normal_Persist,A,False,False,173,11819234196926277566,0.998420,0.996881,0.999846,0.999455,0.091462,0.073180
0,A_Normal_Persist,A,False,False,174,11759541634526467721,0.993668,0.993565,0.998882,0.998455,0.070047,0.077162
0,A_Normal_Persist,A,False,False,175,6911733858453867683,0.999245,0.999510,0.999689,0.999598,0.036945,0.044747
0,A_Normal_Persist,A,False,False,176,2879679186955224669,0.999377,0.999991,0.999522,0.999322,0.054114,0.058740
0,A_Normal_Persist,A,False,False,177,3080514693772911641,0.999998,0.999984,0.999836,0.999772,0.040302,0.047840
0,A_Normal_Persist,A,False,False,178,9872307904607576762,0.997580,0.998820,0.999684,0.999780,0.041796,0.040928
0,A_Normal_Persist,A,False,False,179,7654013680245477515,0.999902,0.999558,0.999676,0.999785,0.043485,0.057840
0,A_Normal_Persist,A,False,False,180,12761781976288209900,0.999950,0.999853,0.999896,0.999908,0.068636,0.078577
0,A_Normal_Persist,A,False,False,181,1733502000736036112,0.998832,0.997485,0.999249,0.999377,0.074758,0.081002
0,A_Normal_Persist,A,False,False,182,6041916978047591176,0.999731,0.999975,0.999922,0.999963,0.038455,0.041917
0,A_Normal_Persist,A,False,False,183,6409865495178403902,0.996001,0.996695,0.996686,0.995881,0.036389,0.052990
0,A_Normal_Persist,A,False,False,184,7321294978425608053,0.998366,0.998534,0.999320,0.999229,0.021654,0.031549
0,A_Normal_Persist,A,False,False,185,12422813314409448693,0.999731,0.999463,0.999379,0.999204,0.031491,0.042453
0,A_Normal_Persist,A,False,False,186,8059778070704714746,0.991155,0.993367,0.995860,0.996385,0.066186,0.071929
0,A_Normal_Persist,A,False,False,187,1206506119366577701,0.999749,0.999549,0.998714,0.998601,0.047039,0.051534
0,A_Normal_Persist,A,False,False,188,11642914151321440517,0.998837,0.998966,0.999850,0.999838,0.032947,0.040054
0,A_Normal_Persist,A,False,False,189,2200725611864922824,0.999496,0.999289,0.999828,0.999696,0.046719,0.054707
0,A_Normal_Persist,A,False,False,190,5645983475351932490,0.994684,0.995779,0.997564,0.998025,0.036468,0.043450
0,A_Normal_Persist,A,False,False,191,2392528882247587823,0.999695,0.999554,0.999914,0.999711,0.058462,0.061275
0,A_Normal_Persist,A,False,False,192,15483434965078772100,0.999223,0.999758,0.999385,0.999547,0.047474,0.054964
0,A_Normal_Persist,A,False,False,193,7046595559061846252,0.999916,0.999997,0.999361,0.999605,0.034815,0.049376
0,A_Normal_Persist,A,False,False,194,8604254814403170605,0.997976,0.998298,0.999435,0.999099,0.056725,0.059039
0,A_Normal_Persist,A,False,False,195,5289729503512552104,0.999917,0.999884,0.999959,0.999979,0.021654,0.033493
0,A_Normal_Persist,A,False,False,196,16743614088088865918,0.998607,0.998244,0.998786,0.998580,0.048288,0.054744
0,A_Normal_Persist,A,False,False,197,1830014350420115066,0.998828,0.996057,0.999090,0.998464,0.074046,0.087687
0,A_Normal_Persist,A,False,False,198,10240479074490114078,0.999945,0.999985,0.999833,0.999900,0.038504,0.045846
0,A_Normal_Persist,A,False,False,199,14873079815662905021,0.999039,0.998092,0.999393,0.999275,0.039170,0.060802
0,A_Normal_Persist,A,False,False,200,7823220605447734722,0.997534,0.998513,0.999013,0.999201,0.036691,0.045603
0,A_Normal_Persist,A,False,False,201,3360261949553755004,0.999518,0.999941,0.999737,0.999773,0.047595,0.055458
0,A_Normal_Persist,A,False,False,202,17918722357745603391,0.999344,0.998714,0.999794,0.999846,0.049180,0.059508
0,A_Normal_Persist,A,False,False,203,13047860582671187923,0.995094,0.996159,0.998933,0.999040,0.029861,0.039581
0,A_Normal_Persist,A,False,False,204,12101104037260853741,0.999329,0.999481,0.999922,0.999875,0.041410,0.049911
0,A_Normal_Persist,A,False,False,205,3419051043861357974,0.997801,0.996036,0.997972,0.996810,0.052357,0.056113
0,A_Normal_Persist,A,False,False,206,12589656189573883740,0.999796,0.999890,0.998899,0.999058,0.042964,0.058942
0,A_Normal_Persist,A,False,False,207,3667574126699473590,0.999346,0.999483,0.998859,0.999209,0.032828,0.047255
0,A_Normal_Persist,A,False,False,208,15745939680907434392,0.999488,0.999739,0.999358,0.999481,0.021619,0.034083
0,A_Normal_Persist,A,False,False,209,12674688285153584404,0.996652,0.997469,0.997781,0.997977,0.114560,0.095806
0,A_Normal_Persist,A,False,False,210,130386036099209291,0.999035,0.998269,0.999335,0.999092,0.042762,0.051798
0,A_Normal_Persist,A,False,False,211,11673236025370554425,0.998940,0.997958,0.999355,0.999243,0.038365,0.049790
0,A_Normal_Persist,A,False,False,212,4240322574159367066,0.999995,0.999992,0.999942,0.999906,0.034050,0.044493
0,A_Normal_Persist,A,False,False,213,14939536600783805402,0.999882,0.999753,0.999893,0.999884,0.028797,0.034728
0,A_Normal_Persist,A,False,False,214,13416314771570177077,0.999790,0.999127,0.999518,0.999478,0.037939,0.044519
0,A_Normal_Persist,A,False,False,215,52311016626875733,0.996739,0.997739,0.998732,0.999152,0.049034,0.060696
0,A_Normal_Persist,A,False,False,216,13335046124629134855,0.998540,0.999321,0.999271,0.999058,0.041792,0.054592
0,A_Normal_Persist,A,False,False,217,6699378732475172916,0.999489,0.998658,0.998843,0.998412,0.046336,0.053320
0,A_Normal_Persist,A,False,False,218,6672113573794557623,0.999854,0.999992,0.999931,0.999641,0.074123,0.072833
0,A_Normal_Persist,A,False,False,219,16296482569573595274,0.999305,0.998625,0.999613,0.999621,0.036993,0.049352
0,A_Normal_Persist,A,False,False,220,7178976531962467619,0.997247,0.994791,0.999217,0.998836,0.048731,0.057662
0,A_Normal_Persist,A,False,False,221,16534214468370022833,0.994328,0.995589,0.998166,0.998269,0.053727,0.053637
0,A_Normal_Persist,A,False,False,222,16513553947737408641,0.999301,0.999202,0.999721,0.999779,0.051843,0.063140
0,A_Normal_Persist,A,False,False,223,6588264193823881302,0.993286,0.994512,0.998282,0.998111,0.051427,0.058529
0,A_Normal_Persist,A,False,False,224,13847035299489426041,0.999092,0.998051,0.998794,0.998510,0.040142,0.046870
0,A_Normal_Persist,A,False,False,225,3436539641273236137,0.997645,0.997567,0.998259,0.998313,0.045782,0.049982
0,A_Normal_Persist,A,False,False,226,2562174795283169040,0.999990,0.999990,0.999833,0.999881,0.055584,0.055900
0,A_Normal_Persist,A,False,False,227,14244553284439517644,0.998157,0.998924,0.999783,0.999811,0.047801,0.052269
0,A_Normal_Persist,A,False,False,228,17608913133450497815,0.999251,0.999585,0.999137,0.998974,0.030968,0.041545
0,A_Normal_Persist,A,False,False,229,17996006275527319704,0.999509,0.999999,0.999871,0.999951,0.061690,0.061904
0,A_Normal_Persist,A,False,False,230,5678511018710248648,1.000000,0.999995,0.999531,0.999767,0.055515,0.070038
0,A_Normal_Persist,A,False,False,231,17806121122449600552,0.998528,0.998341,0.999020,0.999054,0.040283,0.043931
0,A_Normal_Persist,A,False,False,232,18087052827802349198,0.999671,0.999852,0.999777,0.999891,0.047206,0.052035
0,A_Normal_Persist,A,False,False,233,2826954751529832061,0.994719,0.993820,0.997476,0.997351,0.049791,0.053696
0,A_Normal_Persist,A,False,False,234,7785862984183382969,0.998136,0.998979,0.998952,0.999196,0.079064,0.062457
0,A_Normal_Persist,A,False,False,235,2474665726529795206,0.996622,0.997106,0.997440,0.997372,0.037447,0.043546
0,A_Normal_Persist,A,False,False,236,15413862931333232287,0.998785,0.996095,0.999625,0.999073,0.087106,0.069628
0,A_Normal_Persist,A,False,False,237,13823279078916585379,0.999956,0.999848,0.999903,0.999892,0.023109,0.032278
0,A_Normal_Persist,A,False,False,238,8552280754816368181,0.999737,0.999887,0.999910,0.999873,0.043412,0.052786
0,A_Normal_Persist,A,False,False,239,2098316941545326701,0.998529,0.996842,0.999520,0.999239,0.033982,0.048322
0,A_Normal_Persist,A,False,False,240,6624003080662789651,0.999841,0.999898,0.999630,0.999828,0.048051,0.055530
0,A_Normal_Persist,A,False,False,241,3883409303016955911,0.999975,0.999996,0.999727,0.999514,0.055236,0.056859
0,A_Normal_Persist,A,False,False,242,2098484214215913853,0.995558,0.993158,0.996949,0.996748,0.035127,0.053346
0,A_Normal_Persist,A,False,False,243,354812032807674542,0.998723,0.999053,0.999139,0.999340,0.052790,0.048648
0,A_Normal_Persist,A,False,False,244,16932598909404653156,0.999955,0.999965,0.999203,0.999259,0.041331,0.044832
0,A_Normal_Persist,A,False,False,245,16824646918711359935,0.997051,0.998165,0.998508,0.998371,0.057017,0.068386
0,A_Normal_Persist,A,False,False,246,18099298932906849525,0.994731,0.995784,0.997272,0.997941,0.036121,0.042393
0,A_Normal_Persist,A,False,False,247,5344702288507899276,0.999961,0.999997,0.998877,0.998741,0.061342,0.066934
0,A_Normal_Persist,A,False,False,248,15516356955829044527,0.999656,0.999289,0.999685,0.999854,0.057526,0.073198
0,A_Normal_Persist,A,False,False,249,9652615256568975426,0.999900,0.999995,0.999454,0.999407,0.047884,0.052628
0,A_Normal_Persist,A,False,False,250,5899950009947580327,0.999408,0.999916,0.999086,0.999500,0.060543,0.067481
0,A_Normal_Persist,A,False,False,251,155163627815251536,0.999971,0.999819,0.999701,0.999682,0.033242,0.048927
0,A_Normal_Persist,A,False,False,252,5001251344622740117,0.999029,0.998474,0.999321,0.999084,0.024318,0.034374
0,A_Normal_Persist,A,False,False,253,13234541246198717719,0.999762,0.999937,0.999553,0.999652,0.036263,0.051372
0,A_Normal_Persist,A,False,False,254,16533366284157705106,0.995239,0.995614,0.998818,0.998076,0.055921,0.071496
0,A_Normal_Persist,A,False,False,255,2117599770228979790,0.999834,0.999977,0.999543,0.999466,0.035138,0.048582
0,A_Normal_Persist,A,False,False,256,13366055447721603840,0.987178,0.990952,0.993892,0.993634,0.053595,0.063668
0,A_Normal_Persist,A,False,False,257,11076522649891567910,0.999907,0.999129,0.999713,0.999580,0.065608,0.062148
0,A_Normal_Persist,A,False,False,258,7870429157351059359,0.999155,0.999441,0.999800,0.999719,0.050315,0.060921
0,A_Normal_Persist,A,False,False,259,14420012116733949093,0.999924,0.999803,0.999539,0.999868,0.047912,0.060040
0,A_Normal_Persist,A,False,False,260,327961059537685436,1.000000,0.999541,0.999852,0.999759,0.028672,0.038914
0,A_Normal_Persist,A,False,False,261,3860190064395088684,0.998187,0.999014,0.999734,0.999818,0.038317,0.044244
0,A_Normal_Persist,A,False,False,262,8227116463056412739,0.999804,0.999954,0.999789,0.999804,0.045085,0.054577
0,A_Normal_Persist,A,False,False,263,36825879821806677,0.996333,0.996520,0.999109,0.998441,0.049090,0.056608
0,A_Normal_Persist,A,False,False,264,732621004966186327,0.998772,0.996915,0.999167,0.998558,0.071221,0.084946
0,A_Normal_Persist,A,False,False,265,4144293395862699382,0.999833,1.000000,0.999628,0.999539,0.056864,0.061958
0,A_Normal_Persist,A,False,False,266,6672458013022873412,0.999909,0.999971,0.998974,0.998926,0.036306,0.048979
0,A_Normal_Persist,A,False,False,267,15316783551587354858,0.998299,0.998016,0.999665,0.999754,0.053153,0.060494
0,A_Normal_Persist,A,False,False,268,4957885649897097966,0.999813,0.999724,0.998149,0.999112,0.048203,0.058433
0,A_Normal_Persist,A,False,False,269,11369042854369383293,0.997955,0.997488,0.999086,0.998859,0.040705,0.050189
0,A_Normal_Persist,A,False,False,270,12469543040130518537,0.999938,0.999388,0.999898,0.999530,0.058280,0.072137
0,A_Normal_Persist,A,False,False,271,1692661429523449239,0.999943,0.999996,0.999814,0.999765,0.069099,0.063923
0,A_Normal_Persist,A,False,False,272,16081387120139323257,0.999873,1.000000,0.999613,0.999856,0.063229,0.078583
0,A_Normal_Persist,A,False,False,273,15503968852551494232,0.999081,0.999537,0.999588,0.999575,0.060993,0.059009
0,A_Normal_Persist,A,False,False,274,5909764651216837976,0.999994,0.999919,0.998965,0.999140,0.035332,0.048623
0,A_Normal_Persist,A,False,False,275,5231579201714807687,0.999248,0.999957,0.999620,0.999724,0.058782,0.062391
0,A_Normal_Persist,A,False,False,276,12549639007952069543,0.996139,0.998360,0.999004,0.999372,0.049762,0.060479
0,A_Normal_Persist,A,False,False,277,17213925078797606076,0.999997,0.999999,0.999156,0.999713,0.100202,0.097913
0,A_Normal_Persist,A,False,False,278,1825354369873983507,0.997321,0.995333,0.998605,0.998218,0.052353,0.053077
0,A_Normal_Persist,A,False,False,279,12510132611121074868,0.999345,0.999568,0.999858,0.999661,0.069614,0.068675
0,A_Normal_Persist,A,False,False,280,17860625069390269402,0.999337,0.998599,0.999404,0.999471,0.034012,0.040369
0,A_Normal_Persist,A,False,False,281,13318879732659955421,0.996631,0.997238,0.999431,0.999396,0.071067,0.069722
0,A_Normal_Persist,A,False,False,282,3791198185484700404,0.999398,0.998968,0.999629,0.999456,0.034232,0.041582
0,A_Normal_Persist,A,False,False,283,18094934153263207018,0.990526,0.995051,0.996320,0.996409,0.069745,0.078752
0,A_Normal_Persist,A,False,False,284,102213511729854648,0.999182,0.997810,0.999142,0.999187,0.050063,0.057808
0,A_Normal_Persist,A,False,False,285,12033387989126740441,0.998228,0.998736,0.999572,0.999568,0.041122,0.043185
0,A_Normal_Persist,A,False,False,286,11019052771957141486,0.999351,0.999911,0.999498,0.999931,0.068231,0.065298
0,A_Normal_Persist,A,False,False,287,9987187324859440757,0.999994,0.999982,0.999221,0.999038,0.051181,0.046821
0,A_Normal_Persist,A,False,False,288,11076459742163877316,0.999514,0.999992,0.999707,0.999747,0.031025,0.053273
0,A_Normal_Persist,A,False,False,289,4109816161527519424,0.999316,0.999147,0.999152,0.998833,0.052740,0.057051
0,A_Normal_Persist,A,False,False,290,13721389105606611018,0.999268,0.999807,0.999568,0.999816,0.035144,0.046668
0,A_Normal_Persist,A,False,False,291,17642688204823682596,0.999901,0.999438,0.999984,0.999883,0.036692,0.045366
0,A_Normal_Persist,A,False,False,292,12863786876997085946,0.979556,0.986529,0.994167,0.995457,0.063982,0.069274
0,A_Normal_Persist,A,False,False,293,9904904023791539100,0.999084,0.998567,0.999800,0.999635,0.042997,0.047603
0,A_Normal_Persist,A,False,False,294,1711585921792691346,0.998384,0.998658,0.998689,0.998950,0.048391,0.056388
0,A_Normal_Persist,A,False,False,295,2861844490437268241,0.993782,0.996174,0.997825,0.997802,0.061151,0.067508
0,A_Normal_Persist,A,False,False,296,11847839562583246392,0.999695,0.998637,0.999869,0.999579,0.044099,0.049022
0,A_Normal_Persist,A,False,False,297,3838848487862148528,0.999700,0.998949,0.999033,0.998537,0.033303,0.042979
0,A_Normal_Persist,A,False,False,298,3750829085176521237,0.994786,0.994091,0.996300,0.996504,0.030883,0.042739
0,A_Normal_Persist,A,False,False,299,10938673670030773172,0.999805,1.000000,0.999669,0.999806,0.059376,0.070083
0,A_Normal_Persist,A,False,False,300,16745534380438117417,0.999999,0.999263,0.999450,0.999734,0.071429,0.087676
0,A_Normal_Persist,A,False,False,301,706379363329877282,0.999767,0.999978,0.998481,0.998947,0.046046,0.053794
0,A_Normal_Persist,A,False,False,302,16830871667720053804,0.993216,0.992812,0.997169,0.997335,0.047452,0.054820
0,A_Normal_Persist,A,False,False,303,7362080646045726024,0.998586,0.998830,0.999500,0.999228,0.049901,0.060035
0,A_Normal_Persist,A,False,False,304,12065978325801906662,0.999999,0.999999,0.999902,0.999863,0.033378,0.047768
0,A_Normal_Persist,A,False,False,305,3451802620075397225,0.994420,0.994788,0.998902,0.998987,0.037993,0.047308
0,A_Normal_Persist,A,False,False,306,12189785017339215167,0.995738,0.993588,0.997833,0.996290,0.057543,0.063773
0,A_Normal_Persist,A,False,False,307,8136461074077179205,0.998475,0.997644,0.999017,0.998512,0.036524,0.047259
0,A_Normal_Persist,A,False,False,308,115437243600808457,0.999910,0.999349,0.999844,0.999820,0.034979,0.039776
0,A_Normal_Persist,A,False,False,309,2564729328331404193,0.994498,0.994516,0.996259,0.996828,0.046025,0.047024
0,A_Normal_Persist,A,False,False,310,12251402239409264325,0.999054,0.998550,0.999603,0.999336,0.051831,0.055937
0,A_Normal_Persist,A,False,False,311,2203004839663235785,0.999957,0.999515,0.999790,0.999875,0.061384,0.071755
0,A_Normal_Persist,A,False,False,312,3038674625838264249,0.999980,0.999834,0.999719,0.999752,0.059622,0.061786
0,A_Normal_Persist,A,False,False,313,6034243530695299558,0.999996,0.999921,0.999811,0.999831,0.079704,0.092498
0,A_Normal_Persist,A,False,False,314,8827454341521757900,0.998146,0.998546,0.999499,0.999493,0.032843,0.044447
0,A_Normal_Persist,A,False,False,315,17726915370024338844,0.999804,0.999673,0.998320,0.999257,0.112751,0.105511
0,A_Normal_Persist,A,False,False,316,14158414604069104589,0.999523,0.998980,0.999101,0.999400,0.060036,0.059239
0,A_Normal_Persist,A,False,False,317,15133829938363252743,0.999583,0.999516,0.998197,0.998581,0.023996,0.038959
0,A_Normal_Persist,A,False,False,318,9783358265638319282,0.999210,0.999711,0.998612,0.998981,0.040095,0.050154
0,A_Normal_Persist,A,False,False,319,12756680094094053246,0.989623,0.989449,0.997093,0.996316,0.037543,0.049338
0,A_Normal_Persist,A,False,False,320,16420906384418601184,0.999587,0.999951,0.999749,0.999699,0.055966,0.054405
0,A_Normal_Persist,A,False,False,321,8428335026370279944,0.999990,0.999973,0.999651,0.999638,0.068632,0.067876
0,A_Normal_Persist,A,False,False,322,5283978947587324079,0.997048,0.995968,0.998841,0.998803,0.036957,0.050089
0,A_Normal_Persist,A,False,False,323,12832649547511595388,0.999883,0.999917,0.999854,0.999906,0.047779,0.053012
0,A_Normal_Persist,A,False,False,324,17198062724826950217,0.998899,0.998127,0.999786,0.999676,0.050803,0.055008
0,A_Normal_Persist,A,False,False,325,6798039275189052480,0.996291,0.997735,0.997682,0.998351,0.037284,0.054012
0,A_Normal_Persist,A,False,False,326,2706027302868140451,0.999781,0.999792,0.999401,0.999624,0.081222,0.072396
0,A_Normal_Persist,A,False,False,327,9778740488290412332,0.999219,0.999481,0.999748,0.999660,0.056271,0.055141
0,A_Normal_Persist,A,False,False,328,13096596143457073221,0.999239,0.999083,0.999840,0.999650,0.035032,0.047492
0,A_Normal_Persist,A,False,False,329,12508090596224738896,0.999283,0.999875,0.999214,0.999234,0.042015,0.052689
0,A_Normal_Persist,A,False,False,330,1426287156828733753,0.999822,0.999649,0.999349,0.999496,0.069564,0.077054
0,A_Normal_Persist,A,False,False,331,7667554228982971968,0.999826,0.999818,0.998847,0.998912,0.028049,0.041407
0,A_Normal_Persist,A,False,False,332,3470693052774828048,0.996740,0.997661,0.998786,0.998813,0.071572,0.070977
0,A_Normal_Persist,A,False,False,333,2661221001374952190,0.999989,0.999476,0.999514,0.999353,0.032285,0.045433
0,A_Normal_Persist,A,False,False,334,4514824534123678468,0.999303,0.999115,0.999545,0.999647,0.032186,0.042308
0,A_Normal_Persist,A,False,False,335,13239536720889055254,0.998855,0.996901,0.997982,0.997921,0.038219,0.060224
0,A_Normal_Persist,A,False,False,336,15609591011173610423,0.998444,0.998026,0.998777,0.998626,0.034942,0.042355
0,A_Normal_Persist,A,False,False,337,3072240082765831666,0.998993,0.999328,0.999319,0.999315,0.044590,0.050168
0,A_Normal_Persist,A,False,False,338,3577581352126404039,0.994965,0.996372,0.997837,0.998060,0.044308,0.056117
0,A_Normal_Persist,A,False,False,339,15912541422818580143,0.999056,0.998464,0.999542,0.999534,0.043831,0.048477
0,A_Normal_Persist,A,False,False,340,6175378597196865078,0.999983,0.999959,0.999603,0.999737,0.055192,0.060641
0,A_Normal_Persist,A,False,False,341,395659883877716773,0.999858,0.999470,0.999859,0.999843,0.057622,0.062058
0,A_Normal_Persist,A,False,False,342,753302202564530408,0.999515,0.999488,0.999831,0.999787,0.038244,0.045514
0,A_Normal_Persist,A,False,False,343,422311988400940070,0.998311,0.997347,0.999119,0.998629,0.057873,0.060915
0,A_Normal_Persist,A,False,False,344,18131398904114839406,0.999423,0.999898,0.999103,0.999198,0.048139,0.063952
0,A_Normal_Persist,A,False,False,345,3333042944451901500,0.999855,0.999702,0.999420,0.999404,0.056671,0.060232
0,A_Normal_Persist,A,False,False,346,128129292411600605,0.999845,0.999974,0.999368,0.999323,0.050249,0.058095
0,A_Normal_Persist,A,False,False,347,12678891823933860379,0.999964,0.999990,0.999474,0.999117,0.049674,0.052199
0,A_Normal_Persist,A,False,False,348,15625226078543124015,0.999801,0.999894,0.999716,0.999749,0.058013,0.063698
0,A_Normal_Persist,A,False,False,349,6805007676115436866,0.996824,0.997029,0.998807,0.999272,0.051187,0.053808
0,A_Normal_Persist,A,False,False,350,3519565948477178966,0.996234,0.996794,0.997533,0.996747,0.045593,0.053180
0,A_Normal_Persist,A,False,False,351,16593385522959679433,0.998195,0.995480,0.999076,0.998709,0.046156,0.050842
0,A_Normal_Persist,A,False,False,352,7802140501713512813,0.997064,0.998812,0.997528,0.997989,0.053329,0.061214
0,A_Normal_Persist,A,False,False,353,5156352611329804268,0.990372,0.989435,0.997231,0.997157,0.036760,0.041395
0,A_Normal_Persist,A,False,False,354,1783152175994700585,0.997787,0.998813,0.999087,0.999029,0.038285,0.042533
0,A_Normal_Persist,A,False,False,355,1780113682158910139,0.988520,0.988978,0.996945,0.996578,0.030147,0.046281
0,A_Normal_Persist,A,False,False,356,13160995690095656400,0.999599,0.999865,0.999837,0.999912,0.050295,0.063904
0,A_Normal_Persist,A,False,False,357,15514665233176403475,0.994981,0.994690,0.998282,0.997985,0.036391,0.043052
0,A_Normal_Persist,A,False,False,358,17679364930655380689,0.998945,0.999765,0.999605,0.999500,0.046729,0.052089
0,A_Normal_Persist,A,False,False,359,9573550315975695711,0.999948,0.999962,0.999709,0.999813,0.056768,0.058598
0,A_Normal_Persist,A,False,False,360,16266354996806614189,0.999239,0.999746,0.999637,0.999723,0.052920,0.062983
0,A_Normal_Persist,A,False,False,361,12765536374399240239,0.999925,0.999517,0.999739,0.999653,0.039607,0.047347
0,A_Normal_Persist,A,False,False,362,7367088719604590173,0.996501,0.998086,0.998465,0.998831,0.030678,0.045415
0,A_Normal_Persist,A,False,False,363,8402394678295124495,0.998712,0.999005,0.999375,0.999673,0.043086,0.050387
0,A_Normal_Persist,A,False,False,364,1949975606712277077,0.985960,0.986390,0.996695,0.996036,0.026014,0.043514
0,A_Normal_Persist,A,False,False,365,10629140153010252065,0.998275,0.999421,0.999742,0.999849,0.037198,0.055242
0,A_Normal_Persist,A,False,False,366,10173203195642748652,0.999098,0.999537,0.999202,0.999262,0.096063,0.092410
0,A_Normal_Persist,A,False,False,367,3208869676859343447,0.997773,0.997645,0.997710,0.996782,0.105205,0.084935
0,A_Normal_Persist,A,False,False,368,15836734687034935976,0.999320,0.999686,0.999837,0.999883,0.037021,0.043695
0,A_Normal_Persist,A,False,False,369,12450160297867930053,0.996265,0.996610,0.998102,0.998464,0.046963,0.047994
0,A_Normal_Persist,A,False,False,370,1384707418514369194,0.999900,0.999692,0.999923,0.999797,0.054674,0.075204
0,A_Normal_Persist,A,False,False,371,13618675687713624504,0.985893,0.988627,0.993625,0.992953,0.068433,0.077885
0,A_Normal_Persist,A,False,False,372,12620437216552030256,0.999101,0.997230,0.999881,0.999597,0.069850,0.070070
0,A_Normal_Persist,A,False,False,373,868427328848709021,0.999911,1.000000,0.999537,0.999712,0.042818,0.055061
0,A_Normal_Persist,A,False,False,374,10037588567612645200,0.996018,0.994999,0.998907,0.998754,0.055712,0.052713
0,A_Normal_Persist,A,False,False,375,14499913726119038869,0.990432,0.987360,0.998209,0.997403,0.058264,0.070282
0,A_Normal_Persist,A,False,False,376,292375812852163874,0.998837,0.999830,0.998519,0.998588,0.046305,0.057876
0,A_Normal_Persist,A,False,False,377,11575938145727640429,0.999745,0.999805,0.999832,0.999870,0.058245,0.062880
0,A_Normal_Persist,A,False,False,378,3873316875731519699,0.998054,0.998019,0.999458,0.999385,0.052001,0.054625
0,A_Normal_Persist,A,False,False,379,15831351512759232139,0.997885,0.997599,0.997854,0.998318,0.025153,0.031678
0,A_Normal_Persist,A,False,False,380,6809532538181814531,1.000000,1.000000,0.999216,0.999462,0.033344,0.043413
0,A_Normal_Persist,A,False,False,381,11405783348824116912,0.998707,0.997952,0.998826,0.998897,0.035518,0.049501
0,A_Normal_Persist,A,False,False,382,4007369067791722730,0.998982,0.998898,0.999293,0.999427,0.048762,0.052252
0,A_Normal_Persist,A,False,False,383,15731479537327072252,0.999977,0.999352,0.998893,0.998982,0.054729,0.069880
0,A_Normal_Persist,A,False,False,384,714654852894782458,0.988848,0.986623,0.995358,0.994797,0.041632,0.050288
0,A_Normal_Persist,A,False,False,385,17151928788584993480,0.996264,0.996801,0.997900,0.998000,0.022524,0.041736
0,A_Normal_Persist,A,False,False,386,9798547753284937911,0.997305,0.994326,0.997705,0.997384,0.075783,0.077214
0,A_Normal_Persist,A,False,False,387,16676138805936508759,0.998587,0.997778,0.997573,0.997170,0.051451,0.048982
0,A_Normal_Persist,A,False,False,388,6172953113992902709,0.994347,0.995655,0.998925,0.999253,0.031516,0.043455
0,A_Normal_Persist,A,False,False,389,2549942622219059980,0.999566,0.999966,0.998864,0.999523,0.073606,0.065944
0,A_Normal_Persist,A,False,False,390,11113301367228951045,0.998077,0.997897,0.997889,0.998354,0.060774,0.069669
0,A_Normal_Persist,A,False,False,391,7909184983219584586,0.999848,0.999105,0.998563,0.998635,0.036202,0.052060
0,A_Normal_Persist,A,False,False,392,975373573938616123,0.999711,0.999762,0.999252,0.999096,0.055043,0.065841
0,A_Normal_Persist,A,False,False,393,7743353754489607545,0.993879,0.994683,0.997632,0.998165,0.069866,0.082864
0,A_Normal_Persist,A,False,False,394,2848204940562025195,0.995404,0.995920,0.999105,0.998924,0.047189,0.056266
0,A_Normal_Persist,A,False,False,395,7358563302924953285,0.999984,0.999998,0.999719,0.999729,0.044005,0.046642
0,A_Normal_Persist,A,False,False,396,17729388975539941845,0.999961,1.000000,0.999750,0.999775,0.045417,0.071069
0,A_Normal_Persist,A,False,False,397,16912477777581356012,0.999714,0.999849,0.999156,0.998990,0.047977,0.048749
0,A_Normal_Persist,A,False,False,398,2563797418468573326,0.998286,0.998341,0.999747,0.999640,0.024706,0.037770
0,A_Normal_Persist,A,False,False,399,447439993742484686,0.999969,0.999995,0.999917,0.999939,0.040773,0.055614
0,A_Normal_Persist,A,False,False,400,17395761728429308991,0.999608,0.999944,0.999797,0.999681,0.055475,0.067916
0,A_Normal_Persist,A,False,False,401,8754234033581082751,0.999031,0.999656,0.999780,0.999819,0.055925,0.067716
0,A_Normal_Persist,A,False,False,402,15062495673903432196,0.997542,0.998489,0.999476,0.999113,0.057345,0.059796
0,A_Normal_Persist,A,False,False,403,3819379633430898852,0.999732,0.999868,0.999878,0.999905,0.024639,0.036087
0,A_Normal_Persist,A,False,False,404,2429921009038406988,0.999720,0.999743,0.999404,0.999686,0.045798,0.050716
0,A_Normal_Persist,A,False,False,405,8713784926287433177,0.989247,0.988320,0.996372,0.995560,0.050590,0.055547
0,A_Normal_Persist,A,False,False,406,11201918390512452354,0.999881,0.999965,0.999633,0.999723,0.045154,0.049191
0,A_Normal_Persist,A,False,False,407,3756634749102013263,0.993263,0.995120,0.997721,0.997967,0.041376,0.049004
0,A_Normal_Persist,A,False,False,408,3542486965148557514,0.999995,0.999921,0.999894,0.999852,0.053522,0.063227
0,A_Normal_Persist,A,False,False,409,16851119150412175514,0.999329,0.999894,0.999885,0.999903,0.020380,0.031669
0,A_Normal_Persist,A,False,False,410,5429436962925620934,0.999973,0.999886,0.999785,0.999835,0.037024,0.048297
0,A_Normal_Persist,A,False,False,411,5958217255421220372,0.999694,0.999942,0.999629,0.999803,0.041478,0.052954
0,A_Normal_Persist,A,False,False,412,11376128047872389059,0.999944,0.999879,0.998758,0.999234,0.034315,0.050235
0,A_Normal_Persist,A,False,False,413,12574190729138013359,0.998060,0.998493,0.999550,0.999632,0.032397,0.039774
0,A_Normal_Persist,A,False,False,414,13649876829418213988,0.999064,0.999316,0.999774,0.999815,0.040779,0.055857
0,A_Normal_Persist,A,False,False,415,5812726023411946871,0.995988,0.994018,0.996856,0.996529,0.038246,0.044990
0,A_Normal_Persist,A,False,False,416,4729334904168317377,0.999340,0.999336,0.999658,0.999477,0.081100,0.081861
0,A_Normal_Persist,A,False,False,417,14457737665832842751,0.998096,0.999606,0.999659,0.999624,0.038438,0.055889
0,A_Normal_Persist,A,False,False,418,13580743116335355625,0.999137,0.999693,0.999518,0.999757,0.078148,0.078643
0,A_Normal_Persist,A,False,False,419,7913490883652099168,0.998531,0.999289,0.998518,0.999236,0.088631,0.090153
0,A_Normal_Persist,A,False,False,420,13467386271629839055,0.999072,0.998807,0.999292,0.999129,0.027377,0.038961
0,A_Normal_Persist,A,False,False,421,13297405285315799075,0.999997,0.999944,0.999868,0.999911,0.053957,0.063540
0,A_Normal_Persist,A,False,False,422,4587512601837227321,0.996490,0.997676,0.999495,0.999334,0.061760,0.083108
0,A_Normal_Persist,A,False,False,423,12285744345887938791,0.999696,0.999971,0.998396,0.998091,0.036896,0.053055
0,A_Normal_Persist,A,False,False,424,7042666570618804110,0.999441,0.999911,0.999606,0.999780,0.081932,0.080061
0,A_Normal_Persist,A,False,False,425,14218061897379561599,0.999941,0.999440,0.998329,0.998666,0.066231,0.081974
0,A_Normal_Persist,A,False,False,426,8788329383444576426,0.999819,0.999999,0.999954,0.999848,0.041827,0.046636
0,A_Normal_Persist,A,False,False,427,8636815221051995096,0.999897,0.999532,0.999832,0.999748,0.039844,0.041378
0,A_Normal_Persist,A,False,False,428,5643291714575388100,1.000000,0.999971,0.999904,0.999922,0.016127,0.027974
0,A_Normal_Persist,A,False,False,429,9601480105174393234,0.998318,0.998737,0.998230,0.997944,0.062982,0.070186
0,A_Normal_Persist,A,False,False,430,15518726141986463349,0.999253,0.999789,0.999848,0.999918,0.057368,0.054396
0,A_Normal_Persist,A,False,False,431,14699564106563172271,0.995744,0.995359,0.998004,0.998494,0.076429,0.077280
0,A_Normal_Persist,A,False,False,432,2297651891059011408,0.999842,0.999817,0.999766,0.999885,0.050449,0.057978
0,A_Normal_Persist,A,False,False,433,12361356790513629874,1.000000,0.999877,0.998854,0.999274,0.049377,0.047118
0,A_Normal_Persist,A,False,False,434,10090510654218181718,0.999992,1.000000,0.999302,0.999476,0.057603,0.065137
0,A_Normal_Persist,A,False,False,435,4651384823444981120,0.998912,0.998115,0.998980,0.998849,0.048703,0.060226
0,A_Normal_Persist,A,False,False,436,3365640779333931797,0.990791,0.992942,0.996899,0.997756,0.051571,0.060492
0,A_Normal_Persist,A,False,False,437,8603435430432764640,0.999996,0.999492,0.999637,0.999656,0.050733,0.073416
0,A_Normal_Persist,A,False,False,438,5605234180293643437,0.999651,0.999336,0.999922,0.999892,0.043012,0.047425
0,A_Normal_Persist,A,False,False,439,11411990964985994713,0.999820,0.999563,0.999685,0.999810,0.050133,0.063219
0,A_Normal_Persist,A,False,False,440,604821186773342638,0.999341,0.998981,0.999396,0.999666,0.055392,0.060309
0,A_Normal_Persist,A,False,False,441,11739869932788315063,0.998549,0.998642,0.999019,0.998973,0.054089,0.058037
0,A_Normal_Persist,A,False,False,442,3962286010027003770,0.996650,0.997462,0.999051,0.998819,0.034132,0.043659
0,A_Normal_Persist,A,False,False,443,17259901820819841607,0.996647,0.997124,0.997779,0.997255,0.043354,0.052583
0,A_Normal_Persist,A,False,False,444,9780275937733746239,0.999746,0.999757,0.999959,0.999782,0.047111,0.054395
0,A_Normal_Persist,A,False,False,445,991167809747862901,0.998916,0.999371,0.999778,0.999735,0.047696,0.058308
0,A_Normal_Persist,A,False,False,446,10853217876610933592,0.998969,0.998670,0.998743,0.998233,0.028153,0.045478
0,A_Normal_Persist,A,False,False,447,7178033228395588152,0.997809,0.998844,0.998735,0.998876,0.039612,0.043820
0,A_Normal_Persist,A,False,False,448,5643085873465261715,0.999999,0.999813,0.999501,0.999632,0.062973,0.061445
0,A_Normal_Persist,A,False,False,449,15983916149565017174,0.998899,0.999318,0.999512,0.999544,0.045846,0.053385
0,A_Normal_Persist,A,False,False,450,9042215153154741822,0.997726,0.996807,0.999662,0.999584,0.059202,0.051243
0,A_Normal_Persist,A,False,False,451,10589388146700557226,0.999742,0.999838,0.999570,0.999680,0.038881,0.046555
0,A_Normal_Persist,A,False,False,452,17008915280755050358,0.998535,0.999318,0.999069,0.999190,0.033099,0.049678
0,A_Normal_Persist,A,False,False,453,4781554029871849436,0.992497,0.994319,0.997944,0.997465,0.044548,0.051453
0,A_Normal_Persist,A,False,False,454,9586281111486769744,0.999334,0.999614,0.999729,0.999730,0.033521,0.048986
0,A_Normal_Persist,A,False,False,455,13559410378557233530,0.981167,0.982842,0.994499,0.994552,0.056066,0.059653
0,A_Normal_Persist,A,False,False,456,205232277521596179,0.995102,0.995931,0.996603,0.996881,0.032564,0.045620
0,A_Normal_Persist,A,False,False,457,13551066353128589400,0.999087,0.998675,0.998880,0.999028,0.061890,0.061760
0,A_Normal_Persist,A,False,False,458,11185446952411868954,0.996000,0.995346,0.999167,0.999025,0.050706,0.050441
0,A_Normal_Persist,A,False,False,459,17389592471004805073,0.999265,0.998571,0.999087,0.998608,0.047078,0.057240
0,A_Normal_Persist,A,False,False,460,11088658363728648327,0.999560,0.999522,0.999835,0.999836,0.078193,0.072499
0,A_Normal_Persist,A,False,False,461,18114246288094974872,0.999996,0.999989,0.999946,0.999965,0.049104,0.053981
0,A_Normal_Persist,A,False,False,462,12844040024445017680,0.998688,0.999462,0.998607,0.999084,0.061740,0.064230
0,A_Normal_Persist,A,False,False,463,6676202484634822203,0.999826,0.999774,0.999814,0.999938,0.060311,0.058078
0,A_Normal_Persist,A,False,False,464,8145334475021795972,0.999335,0.999113,0.999903,0.999773,0.035470,0.045731
0,A_Normal_Persist,A,False,False,465,5466647479162502447,0.999892,0.999976,0.999421,0.999657,0.049264,0.059057
0,A_Normal_Persist,A,False,False,466,14320962832139980972,0.999625,0.999594,0.999908,0.999842,0.052214,0.053785
0,A_Normal_Persist,A,False,False,467,8882266740151492437,1.000000,0.999949,0.999862,0.999902,0.041367,0.051184
0,A_Normal_Persist,A,False,False,468,16849158599720907128,0.999247,0.998975,0.999542,0.999649,0.052920,0.052071
0,A_Normal_Persist,A,False,False,469,16196011167114647241,0.999322,0.998014,0.999744,0.999681,0.038359,0.047636
0,A_Normal_Persist,A,False,False,470,11636298929302440971,0.998106,0.998593,0.998869,0.998161,0.055279,0.052578
0,A_Normal_Persist,A,False,False,471,9165606836235084354,0.999753,0.999940,0.999888,0.999887,0.055001,0.073574
0,A_Normal_Persist,A,False,False,472,11847011775281070663,0.999915,0.999410,0.999832,0.999669,0.030708,0.041849
0,A_Normal_Persist,A,False,False,473,6918920747358019319,0.997620,0.995149,0.998044,0.997222,0.057289,0.067368
0,A_Normal_Persist,A,False,False,474,6186398038950563940,0.999991,0.999957,0.999817,0.999782,0.027244,0.039797
0,A_Normal_Persist,A,False,False,475,14797956348393639254,0.999974,0.999946,0.999749,0.999934,0.062499,0.068044
0,A_Normal_Persist,A,False,False,476,5864873674580984594,0.990828,0.988961,0.997642,0.996959,0.025469,0.038326
0,A_Normal_Persist,A,False,False,477,16859100942939681746,0.998766,0.999344,0.999235,0.999415,0.028278,0.043838
0,A_Normal_Persist,A,False,False,478,10321769329835418794,0.998578,0.999796,0.999768,0.999897,0.051036,0.053205
0,A_Normal_Persist,A,False,False,479,2766166866636464986,0.999791,0.999520,0.999734,0.999687,0.028524,0.037367
0,A_Normal_Persist,A,False,False,480,927296753115146833,0.999998,0.999760,0.999430,0.999320,0.074577,0.073523
0,A_Normal_Persist,A,False,False,481,1516399179854162913,0.998439,0.998599,0.998886,0.998783,0.035136,0.044172
0,A_Normal_Persist,A,False,False,482,9850715577396092079,0.999961,0.999944,0.999506,0.999314,0.039473,0.052427
0,A_Normal_Persist,A,False,False,483,17691770683387390311,0.999997,0.999954,0.999917,0.999900,0.027600,0.031021
0,A_Normal_Persist,A,False,False,484,13186951919254198329,0.999955,0.999999,0.999760,0.999879,0.047242,0.054965
0,A_Normal_Persist,A,False,False,485,16171664432965645596,0.996503,0.998494,0.999002,0.999384,0.046245,0.047306
0,A_Normal_Persist,A,False,False,486,5398069353582425482,0.999117,0.998901,0.999534,0.999523,0.049631,0.056790
0,A_Normal_Persist,A,False,False,487,15635807780543827261,0.998433,0.998378,0.998571,0.998722,0.038612,0.044323
0,A_Normal_Persist,A,False,False,488,16079459129434395889,0.997861,0.998361,0.999560,0.999334,0.062319,0.069272
0,A_Normal_Persist,A,False,False,489,15374973032062333651,0.999800,0.999989,0.999319,0.999494,0.055552,0.053299
0,A_Normal_Persist,A,False,False,490,11688360827193148546,0.991816,0.992229,0.997978,0.997233,0.055823,0.056425
0,A_Normal_Persist,A,False,False,491,12965924886644362880,0.998348,0.998781,0.999850,0.999923,0.046727,0.047036
0,A_Normal_Persist,A,False,False,492,8611390598743358155,0.997923,0.998734,0.998833,0.998775,0.035511,0.047947
0,A_Normal_Persist,A,False,False,493,6996180313540727355,0.998243,0.998371,0.998963,0.999261,0.058029,0.062212
0,A_Normal_Persist,A,False,False,494,14325555358177163193,0.999511,0.999096,0.999875,0.999755,0.033246,0.045851
0,A_Normal_Persist,A,False,False,495,14920767026744349051,0.981805,0.982313,0.996566,0.996113,0.042236,0.055960
0,A_Normal_Persist,A,False,False,496,10615772779241491453,0.996439,0.995584,0.997649,0.996472,0.062368,0.073750
0,A_Normal_Persist,A,False,False,497,9243490138312210940,0.999369,0.999984,0.999763,0.999918,0.042855,0.054674
0,A_Normal_Persist,A,False,False,498,13952255519171440588,0.989587,0.992971,0.994674,0.994693,0.047869,0.054590
0,A_Normal_Persist,A,False,False,499,2049529599741705805,0.998874,0.998298,0.999564,0.999164,0.083898,0.086933
0,A_Normal_Persist,A,False,False,500,17652337027273894854,0.999973,0.999524,0.999943,0.999850,0.051796,0.052356
0,A_Normal_Persist,A,False,False,501,9175984738253319369,0.999765,0.999320,0.999722,0.999556,0.035434,0.048982
0,A_Normal_Persist,A,False,False,502,7483435806482054170,0.999572,0.999989,0.999582,0.999636,0.045299,0.061367
0,A_Normal_Persist,A,False,False,503,2187662139628852095,0.999410,0.999998,0.999794,0.999918,0.059603,0.064715
0,A_Normal_Persist,A,False,False,504,3854611918163595088,0.997860,0.998397,0.997308,0.997909,0.055606,0.055479
0,A_Normal_Persist,A,False,False,505,10924288722764799312,0.999967,0.999572,0.999283,0.999372,0.041350,0.054311
0,A_Normal_Persist,A,False,False,506,3457291020193594213,0.999639,0.999898,0.999424,0.999871,0.074382,0.091213
0,A_Normal_Persist,A,False,False,507,2436087336694119222,0.999965,0.999991,0.999843,0.999861,0.050125,0.054613
0,A_Normal_Persist,A,False,False,508,17169434125740196924,0.996286,0.996140,0.997601,0.997446,0.029148,0.038000
0,A_Normal_Persist,A,False,False,509,17938834996565013110,0.997161,0.997450,0.999100,0.998895,0.044463,0.049207
0,A_Normal_Persist,A,False,False,510,2761947614220583778,0.995939,0.994758,0.996540,0.995806,0.061544,0.061330
0,A_Normal_Persist,A,False,False,511,17610444022735158268,0.997994,0.999009,0.998863,0.999430,0.058848,0.063609
0,A_Normal_Persist,A,False,False,512,6985024677340065829,0.998921,0.997171,0.999326,0.998992,0.039736,0.043693
0,A_Normal_Persist,A,False,False,513,5895801566603685774,0.997419,0.998438,0.998230,0.998109,0.057472,0.059121
0,A_Normal_Persist,A,False,False,514,10712589665184144823,0.999970,0.999736,0.998088,0.998433,0.030305,0.047782
0,A_Normal_Persist,A,False,False,515,17971416387287296082,0.984125,0.982991,0.994784,0.993532,0.087349,0.080333
0,A_Normal_Persist,A,False,False,516,3127803323271277680,0.999158,0.997947,0.999039,0.999365,0.042013,0.056058
0,A_Normal_Persist,A,False,False,517,9732338086407902643,0.999622,0.999501,0.999767,0.999828,0.054462,0.063250
0,A_Normal_Persist,A,False,False,518,4292146004189007858,0.997343,0.995728,0.998559,0.998096,0.060693,0.067095
0,A_Normal_Persist,A,False,False,519,16296549266202413709,0.999693,0.999979,0.999775,0.999482,0.056619,0.053165
0,A_Normal_Persist,A,False,False,520,12203593228894951707,0.999771,0.999887,0.999419,0.999393,0.068650,0.059157
0,A_Normal_Persist,A,False,False,521,6443771369330357397,0.999976,0.999995,0.999631,0.999739,0.052809,0.055384
0,A_Normal_Persist,A,False,False,522,4426190872159966785,0.994648,0.994994,0.998348,0.998232,0.030897,0.048730
0,A_Normal_Persist,A,False,False,523,5173583988625715364,0.999493,0.999651,0.999188,0.998975,0.062318,0.074874
0,A_Normal_Persist,A,False,False,524,11968789410703392043,0.999748,0.999986,0.999499,0.999497,0.046120,0.060856
0,A_Normal_Persist,A,False,False,525,11069226745930273004,0.997502,0.997780,0.998527,0.999055,0.036625,0.043226
0,A_Normal_Persist,A,False,False,526,14793993874253982197,0.993194,0.993809,0.998419,0.998234,0.037109,0.050388
0,A_Normal_Persist,A,False,False,527,6053552467444238106,0.999703,0.999238,0.999707,0.999705,0.030849,0.045258
0,A_Normal_Persist,A,False,False,528,16364830658105663998,0.999959,0.999732,0.999446,0.999470,0.050911,0.059578
0,A_Normal_Persist,A,False,False,529,18057017823942195134,0.999908,0.999958,0.999480,0.999571,0.037821,0.051011
0,A_Normal_Persist,A,False,False,530,14370571718319462966,0.998193,0.998785,0.999670,0.999602,0.042419,0.056210
0,A_Normal_Persist,A,False,False,531,5054119891089518387,0.998623,0.998986,0.998450,0.998463,0.047079,0.052475
0,A_Normal_Persist,A,False,False,532,15433231717684893876,0.997504,0.998022,0.999455,0.999375,0.080000,0.084622
0,A_Normal_Persist,A,False,False,533,2821044400218043794,0.999996,0.999665,0.999678,0.999607,0.031037,0.047457
0,A_Normal_Persist,A,False,False,534,4218669035827614348,0.999755,0.998566,0.999838,0.999784,0.050669,0.060502
0,A_Normal_Persist,A,False,False,535,7763566165298582386,0.996031,0.996803,0.998894,0.999336,0.071965,0.078595
0,A_Normal_Persist,A,False,False,536,11288732859520827079,0.999678,0.999896,0.998403,0.998494,0.086263,0.087505
0,A_Normal_Persist,A,False,False,537,85974110303588052,0.997270,0.997380,0.998169,0.998165,0.047236,0.048975
0,A_Normal_Persist,A,False,False,538,6483287114010330092,0.999400,0.999709,0.999803,0.999702,0.031008,0.047640
0,A_Normal_Persist,A,False,False,539,6899442241344293531,0.999711,0.999660,0.999696,0.999814,0.041894,0.048183
0,A_Normal_Persist,A,False,False,540,12521613684289404635,0.989406,0.985582,0.997678,0.996685,0.059089,0.067676
0,A_Normal_Persist,A,False,False,541,338727606253804148,0.996023,0.990815,0.999108,0.997675,0.090313,0.093075
0,A_Normal_Persist,A,False,False,542,13770707566858087475,0.999968,0.999987,0.999691,0.999632,0.063455,0.071077
0,A_Normal_Persist,A,False,False,543,12251724949740167281,0.998084,0.998745,0.999749,0.999764,0.041333,0.049427
0,A_Normal_Persist,A,False,False,544,8723546663325773559,0.999805,0.999741,0.999791,0.999760,0.037684,0.051778
0,A_Normal_Persist,A,False,False,545,14955897173380353459,0.999222,0.998868,0.999836,0.999796,0.038362,0.049388
0,A_Normal_Persist,A,False,False,546,18115232295801034873,0.992874,0.994878,0.993965,0.995350,0.075048,0.081105
0,A_Normal_Persist,A,False,False,547,7398035993490509298,0.997933,0.996735,0.998789,0.997722,0.063161,0.059079
0,A_Normal_Persist,A,False,False,548,4857181065140436435,0.998327,0.998106,0.998410,0.998204,0.059406,0.055979
0,A_Normal_Persist,A,False,False,549,17338251316489969459,0.997152,0.997297,0.999163,0.999083,0.036913,0.048975
0,A_Normal_Persist,A,False,False,550,13737910778131542929,0.999588,0.999996,0.999409,0.999562,0.026750,0.040713
0,A_Normal_Persist,A,False,False,551,5130515961454718781,0.999963,0.999925,0.999622,0.999803,0.045705,0.055967
0,A_Normal_Persist,A,False,False,552,3096770431149810885,0.999528,0.999925,0.999863,0.999864,0.030449,0.041113
0,A_Normal_Persist,A,False,False,553,14403737682286190463,0.992405,0.992286,0.998530,0.998218,0.056639,0.065542
0,A_Normal_Persist,A,False,False,554,7135430279492862125,0.999986,0.999982,0.999936,0.999813,0.044049,0.048001
0,A_Normal_Persist,A,False,False,555,12006987255633297403,0.997842,0.998097,0.999346,0.999037,0.056313,0.060007
0,A_Normal_Persist,A,False,False,556,6053999649709404445,0.999512,0.999766,0.999747,0.999525,0.036773,0.043598
0,A_Normal_Persist,A,False,False,557,15695803884621380046,0.998038,0.998563,0.999295,0.999360,0.067127,0.069315
0,A_Normal_Persist,A,False,False,558,13935255955366117064,0.998223,0.998891,0.999075,0.999395,0.048130,0.057670
0,A_Normal_Persist,A,False,False,559,11573873318925080083,0.994723,0.995024,0.999007,0.998529,0.050781,0.062819
0,A_Normal_Persist,A,False,False,560,10615925558473625032,0.999758,0.999598,0.999878,0.999902,0.066095,0.067508
0,A_Normal_Persist,A,False,False,561,17253378687730383266,1.000000,0.999980,0.999950,0.999873,0.052381,0.054286
0,A_Normal_Persist,A,False,False,562,13060492006304078075,0.999875,0.999823,0.999790,0.999643,0.055726,0.054270
0,A_Normal_Persist,A,False,False,563,1604117763842126256,0.993570,0.995898,0.998410,0.998553,0.040833,0.047256
0,A_Normal_Persist,A,False,False,564,16832172040502169672,0.999998,0.999995,0.999819,0.999875,0.043644,0.053600
0,A_Normal_Persist,A,False,False,565,13877131470929881448,0.998550,0.999196,0.998724,0.998870,0.043085,0.056984
0,A_Normal_Persist,A,False,False,566,1175401102458333656,0.999881,1.000000,0.998920,0.998949,0.039585,0.046600
0,A_Normal_Persist,A,False,False,567,2530444284881439709,0.998933,0.998930,0.999721,0.999762,0.063195,0.076003
0,A_Normal_Persist,A,False,False,568,11417871062073677034,0.997293,0.997250,0.998522,0.998933,0.039437,0.044818
0,A_Normal_Persist,A,False,False,569,11627698809030373966,0.999964,0.999497,0.999383,0.999432,0.048503,0.067434
0,A_Normal_Persist,A,False,False,570,13721929420424081806,1.000000,0.999543,0.999925,0.999792,0.057895,0.058008
0,A_Normal_Persist,A,False,False,571,4181013842122456313,0.998241,0.999009,0.999582,0.999590,0.076458,0.086145
0,A_Normal_Persist,A,False,False,572,2488373630553615936,0.999917,0.999416,0.999558,0.999388,0.038061,0.050771
0,A_Normal_Persist,A,False,False,573,1036343228051914070,0.993302,0.991819,0.996965,0.996845,0.032793,0.045939
0,A_Normal_Persist,A,False,False,574,2969634893739868085,0.999945,0.999543,0.999405,0.999732,0.060265,0.070607
0,A_Normal_Persist,A,False,False,575,15255410267155706583,0.999948,0.999901,0.999954,0.999943,0.041578,0.049443
0,A_Normal_Persist,A,False,False,576,10655337679455895821,0.999347,0.999189,0.999469,0.999458,0.025574,0.040800
0,A_Normal_Persist,A,False,False,577,7460440529487196402,0.998156,0.997385,0.999622,0.999541,0.035942,0.047872
0,A_Normal_Persist,A,False,False,578,16354894644620045461,0.998720,0.999066,0.999669,0.999751,0.035631,0.042273
0,A_Normal_Persist,A,False,False,579,9544694668702197761,0.999996,0.999954,0.999866,0.999925,0.046391,0.056170
0,A_Normal_Persist,A,False,False,580,10617326907896247277,0.999815,0.999808,0.999870,0.999589,0.051266,0.062047
0,A_Normal_Persist,A,False,False,581,1183784996452547105,0.997279,0.996139,0.998038,0.998465,0.050611,0.053542
0,A_Normal_Persist,A,False,False,582,5190873068145526726,0.999594,0.999343,0.999694,0.999607,0.046431,0.049443
0,A_Normal_Persist,A,False,False,583,12477354454241488056,0.996268,0.998350,0.997855,0.998310,0.038129,0.047357
0,A_Normal_Persist,A,False,False,584,17165066771821710931,0.997970,0.997662,0.999293,0.999201,0.062872,0.066913
0,A_Normal_Persist,A,False,False,585,13749062746549226515,0.997475,0.996533,0.999608,0.999682,0.062587,0.066565
0,A_Normal_Persist,A,False,False,586,2833294247667421873,0.998461,0.998524,0.999617,0.999596,0.053897,0.055186
0,A_Normal_Persist,A,False,False,587,11586234303843796914,0.998625,0.998724,0.999656,0.999652,0.025825,0.040749
0,A_Normal_Persist,A,False,False,588,13372056082439456145,0.998962,0.999482,0.999361,0.999465,0.051281,0.057877
0,A_Normal_Persist,A,False,False,589,4721386275727995665,0.997793,0.997497,0.998273,0.998692,0.051337,0.054982
0,A_Normal_Persist,A,False,False,590,14188127409287558423,0.999985,0.999963,0.999945,0.999933,0.043882,0.053726
0,A_Normal_Persist,A,False,False,591,10277516843791247512,0.998214,0.997068,0.999840,0.999518,0.083109,0.072747
0,A_Normal_Persist,A,False,False,592,13536101255081784046,0.999549,0.999469,0.999870,0.999835,0.047416,0.063449
0,A_Normal_Persist,A,False,False,593,801756995470453302,0.998999,0.998906,0.999589,0.999299,0.045381,0.052233
0,A_Normal_Persist,A,False,False,594,17962200173884984758,0.999522,0.999344,0.999209,0.998633,0.045238,0.053707
0,A_Normal_Persist,A,False,False,595,3962589506876518154,0.998168,0.998364,0.999521,0.999052,0.048958,0.061627
0,A_Normal_Persist,A,False,False,596,18049257204505719370,0.997812,0.998261,0.998785,0.998598,0.027420,0.042137
0,A_Normal_Persist,A,False,False,597,12232818255210856801,0.999817,0.999993,0.999727,0.999673,0.046320,0.059222
0,A_Normal_Persist,A,False,False,598,15948761368634697315,0.999211,0.998905,0.999269,0.998970,0.054029,0.058840
0,A_Normal_Persist,A,False,False,599,8426018140289408637,0.997326,0.995929,0.998605,0.998041,0.064087,0.059527
0,A_Normal_Persist,A,False,False,600,15927711765492006021,0.999379,0.998350,0.999728,0.999411,0.041442,0.052724
0,A_Normal_Persist,A,False,False,601,11070546232845079030,0.999597,0.998932,0.999359,0.999022,0.038512,0.042661
0,A_Normal_Persist,A,False,False,602,12812095525826337023,0.997882,0.999137,0.999039,0.999663,0.090739,0.102371
0,A_Normal_Persist,A,False,False,603,4652138297016196642,0.999942,0.999986,0.999779,0.999762,0.063037,0.064054
0,A_Normal_Persist,A,False,False,604,7054310278965063620,0.998766,0.998954,0.997083,0.997662,0.052572,0.056577
0,A_Normal_Persist,A,False,False,605,11165957632951068723,0.999991,0.999932,0.999917,0.999718,0.043901,0.049690
0,A_Normal_Persist,A,False,False,606,7656797025372736564,0.997947,0.996471,0.998159,0.997842,0.026818,0.036469
0,A_Normal_Persist,A,False,False,607,14803698610739732748,0.998062,0.998161,0.999616,0.999658,0.057958,0.064264
0,A_Normal_Persist,A,False,False,608,1918236635564495210,0.991212,0.994453,0.997248,0.997510,0.036946,0.055145
0,A_Normal_Persist,A,False,False,609,11199843693562926244,0.999154,0.999358,0.997599,0.997298,0.059411,0.071524
0,A_Normal_Persist,A,False,False,610,2869996911705670439,0.995137,0.997019,0.999012,0.998940,0.089972,0.090150
0,A_Normal_Persist,A,False,False,611,9159745876244006460,0.999711,0.999847,0.998485,0.998719,0.040527,0.052145
0,A_Normal_Persist,A,False,False,612,12481005946523569680,0.999982,0.999975,0.999865,0.999832,0.044637,0.055363
0,A_Normal_Persist,A,False,False,613,7592946237832051182,0.999379,0.999300,0.999533,0.999610,0.034701,0.037024
0,A_Normal_Persist,A,False,False,614,7485468030694078013,0.994815,0.996228,0.997908,0.998570,0.040079,0.050579
0,A_Normal_Persist,A,False,False,615,12577017109660595367,0.991742,0.993957,0.995853,0.996031,0.058380,0.069801
0,A_Normal_Persist,A,False,False,616,17161461042365209770,0.999739,0.999484,0.999527,0.999729,0.070792,0.066739
0,A_Normal_Persist,A,False,False,617,3520911556079645475,0.997974,0.999507,0.999770,0.999791,0.050077,0.064017
0,A_Normal_Persist,A,False,False,618,14750954972339804536,0.996857,0.996546,0.997110,0.996509,0.034100,0.045179
0,A_Normal_Persist,A,False,False,619,12839466747100148851,0.998822,0.999744,0.997233,0.998500,0.070297,0.077233
0,A_Normal_Persist,A,False,False,620,4225580113777869305,0.998525,0.999194,0.998805,0.998752,0.037487,0.050322
0,A_Normal_Persist,A,False,False,621,4486558118285818253,0.999964,0.999998,0.999569,0.999765,0.037516,0.042877
0,A_Normal_Persist,A,False,False,622,10174269057033037958,0.998574,0.999553,0.999489,0.999671,0.066664,0.064056
0,A_Normal_Persist,A,False,False,623,7915061072131682755,0.998571,0.998729,0.999528,0.999644,0.034512,0.049040
0,A_Normal_Persist,A,False,False,624,13203326153833138313,0.998023,0.998748,0.998438,0.998861,0.044564,0.048441
0,A_Normal_Persist,A,False,False,625,10802323519224250773,0.998621,0.997757,0.998475,0.998491,0.023028,0.035951
0,A_Normal_Persist,A,False,False,626,7513220701018114659,0.996614,0.997144,0.999395,0.999464,0.036287,0.049111
0,A_Normal_Persist,A,False,False,627,14602488734626032815,0.998614,0.999644,0.999445,0.999836,0.074703,0.069945
0,A_Normal_Persist,A,False,False,628,14957712478195886036,0.997913,0.997977,0.998548,0.998476,0.035226,0.042242
0,A_Normal_Persist,A,False,False,629,8857855494526663965,0.996181,0.996680,0.998469,0.998353,0.048363,0.056965
0,A_Normal_Persist,A,False,False,630,5615873746077562517,0.999248,0.999264,0.997504,0.998282,0.044508,0.048728
0,A_Normal_Persist,A,False,False,631,15698369144622294861,0.988999,0.990101,0.997518,0.997183,0.055029,0.062235
0,A_Normal_Persist,A,False,False,632,2274992977365373377,0.997673,0.997561,0.999589,0.999508,0.046447,0.053327
0,A_Normal_Persist,A,False,False,633,17527160057430262664,0.997312,0.997790,0.999556,0.999472,0.046043,0.050791
0,A_Normal_Persist,A,False,False,634,16318543248467052174,0.998679,0.998632,0.999243,0.998763,0.047046,0.056441
0,A_Normal_Persist,A,False,False,635,17387725530987627347,0.999887,0.999730,0.999503,0.999412,0.031291,0.048009
0,A_Normal_Persist,A,False,False,636,17706703048408285072,0.996298,0.999271,0.998796,0.999434,0.094728,0.098510
0,A_Normal_Persist,A,False,False,637,3017653643189965338,0.996718,0.997154,0.998470,0.998609,0.037294,0.050724
0,A_Normal_Persist,A,False,False,638,15976328560550876736,0.999703,0.999999,0.999782,0.999881,0.050026,0.057454
0,A_Normal_Persist,A,False,False,639,8047815341073465785,0.996998,0.998658,0.999506,0.999728,0.076544,0.068578
0,A_Normal_Persist,A,False,False,640,18136109560440096558,0.999985,0.999990,0.999192,0.999731,0.084805,0.081664
0,A_Normal_Persist,A,False,False,641,14662898011541633827,0.996685,0.997421,0.996692,0.996938,0.025094,0.040845
0,A_Normal_Persist,A,False,False,642,3061376395103656148,0.997285,0.996300,0.996884,0.996797,0.030774,0.035406
0,A_Normal_Persist,A,False,False,643,16608238897615101570,0.999029,0.999607,0.999289,0.999066,0.042210,0.053852
0,A_Normal_Persist,A,False,False,644,9832519326111639407,0.990344,0.991283,0.993473,0.994456,0.042008,0.047574
0,A_Normal_Persist,A,False,False,645,12720461040574438356,0.999205,0.998112,0.999605,0.999268,0.050665,0.054596
0,A_Normal_Persist,A,False,False,646,10544643851714001904,0.996159,0.995888,0.995303,0.996323,0.043172,0.047759
0,A_Normal_Persist,A,False,False,647,15332750124117907330,0.994879,0.994029,0.997538,0.996948,0.033118,0.041702
0,A_Normal_Persist,A,False,False,648,8698831052310108689,0.999996,0.999999,0.999607,0.999611,0.063433,0.072628
0,A_Normal_Persist,A,False,False,649,7550448692456153573,0.999739,0.999956,0.999770,0.999487,0.059394,0.067456
0,A_Normal_Persist,A,False,False,650,5335892721380896501,0.999232,0.999706,0.999213,0.999087,0.034511,0.044880
0,A_Normal_Persist,A,False,False,651,8469611467522625593,0.995121,0.996188,0.998402,0.998039,0.046031,0.058362
0,A_Normal_Persist,A,False,False,652,17800047673000137576,0.999676,0.999597,0.999733,0.999844,0.038113,0.047864
0,A_Normal_Persist,A,False,False,653,16247409448213237990,0.999943,0.999887,0.999695,0.999847,0.052189,0.060321
0,A_Normal_Persist,A,False,False,654,14303454131594004230,0.999834,0.999521,0.999689,0.999707,0.062285,0.057579
0,A_Normal_Persist,A,False,False,655,14882560555999773132,0.998014,0.999356,0.999640,0.999847,0.059643,0.055166
0,A_Normal_Persist,A,False,False,656,4266496701895408201,0.990413,0.990677,0.996126,0.995197,0.059527,0.061598
0,A_Normal_Persist,A,False,False,657,14683947311018200173,0.999242,0.999066,0.999360,0.998991,0.048847,0.050786
0,A_Normal_Persist,A,False,False,658,11337854468171735830,0.997589,0.998307,0.999494,0.999675,0.067340,0.074735
0,A_Normal_Persist,A,False,False,659,647670259367519235,0.998951,0.999208,0.999609,0.999756,0.037096,0.050036
0,A_Normal_Persist,A,False,False,660,14852703784970991856,0.999807,0.999987,0.999122,0.999131,0.030737,0.040912
0,A_Normal_Persist,A,False,False,661,14687872183938758812,0.998510,0.997979,0.999157,0.998872,0.045583,0.051452
0,A_Normal_Persist,A,False,False,662,18195984987787422498,0.999745,0.999972,0.999900,0.999932,0.054688,0.048823
0,A_Normal_Persist,A,False,False,663,15048611693092679222,0.996779,0.998553,0.999042,0.999237,0.075617,0.067530
0,A_Normal_Persist,A,False,False,664,13884651094004466180,0.997162,0.993738,0.996398,0.994503,0.077403,0.074711
0,A_Normal_Persist,A,False,False,665,163886714408720331,0.994615,0.996783,0.999013,0.999360,0.068026,0.058778
0,A_Normal_Persist,A,False,False,666,11532261304050584693,0.999127,0.998695,0.999385,0.999440,0.035065,0.045585
0,A_Normal_Persist,A,False,False,667,8959776965000480038,0.997690,0.997552,0.998524,0.999026,0.036187,0.048828
0,A_Normal_Persist,A,False,False,668,13304453799597783197,0.996836,0.998262,0.998513,0.998877,0.047414,0.064259
0,A_Normal_Persist,A,False,False,669,2905642602428240632,0.998331,0.998661,0.999572,0.999610,0.048115,0.055005
0,A_Normal_Persist,A,False,False,670,9902327375104605642,0.998846,0.998848,0.997673,0.998184,0.045024,0.048604
0,A_Normal_Persist,A,False,False,671,13672117552734225062,0.999143,0.999853,0.999709,0.999905,0.036427,0.046157
0,A_Normal_Persist,A,False,False,672,1088920184093441979,0.984859,0.989371,0.996648,0.996493,0.050390,0.066608
0,A_Normal_Persist,A,False,False,673,10525719144120955701,0.998366,0.998756,0.999140,0.999342,0.050134,0.054732
0,A_Normal_Persist,A,False,False,674,9757544690840687878,0.995545,0.997399,0.999184,0.999060,0.041581,0.048527
0,A_Normal_Persist,A,False,False,675,6133597264407289757,0.996948,0.994360,0.997385,0.997159,0.066692,0.077038
0,A_Normal_Persist,A,False,False,676,2379046132097798351,0.998316,0.997753,0.999184,0.998951,0.046520,0.050721
0,A_Normal_Persist,A,False,False,677,12929855204134731330,0.999960,0.999854,0.999902,0.999782,0.042436,0.053578
0,A_Normal_Persist,A,False,False,678,14754140370310701093,0.999070,0.998722,0.999447,0.998984,0.056544,0.059968
0,A_Normal_Persist,A,False,False,679,16647083948671956849,0.999933,0.999284,0.999376,0.999474,0.050417,0.062754
0,A_Normal_Persist,A,False,False,680,15735851528869988867,0.998977,0.999262,0.996780,0.997191,0.024782,0.037852
0,A_Normal_Persist,A,False,False,681,1885512938031826394,0.999857,0.999750,0.999931,0.999953,0.030253,0.041750
0,A_Normal_Persist,A,False,False,682,16135148654328967418,0.999817,0.999828,0.999203,0.999436,0.055930,0.058601
0,A_Normal_Persist,A,False,False,683,8657044596540716954,0.988341,0.994279,0.996855,0.997600,0.051905,0.064609
0,A_Normal_Persist,A,False,False,684,2936347753923887754,0.998894,0.998728,0.999436,0.999337,0.034049,0.043987
0,A_Normal_Persist,A,False,False,685,15434180452338602135,0.999210,0.999600,0.999566,0.999631,0.043134,0.056868
0,A_Normal_Persist,A,False,False,686,9272412090816111681,0.999977,0.999543,0.999569,0.999472,0.042359,0.050928
0,A_Normal_Persist,A,False,False,687,1294416952495666951,0.999621,0.999826,0.999807,0.999887,0.066819,0.071890
0,A_Normal_Persist,A,False,False,688,8713637743557453172,0.999581,0.999726,0.998663,0.998274,0.038300,0.051943
0,A_Normal_Persist,A,False,False,689,14960767207663122732,0.998954,0.997805,0.999778,0.999403,0.051248,0.057203
0,A_Normal_Persist,A,False,False,690,10323938582545691750,0.997304,0.998663,0.999522,0.999690,0.051304,0.053892
0,A_Normal_Persist,A,False,False,691,4526509773911374139,0.999654,0.999846,0.999894,0.999845,0.046468,0.052155
0,A_Normal_Persist,A,False,False,692,16752915282098298959,0.999672,0.999669,0.999580,0.999827,0.048453,0.055927
0,A_Normal_Persist,A,False,False,693,11503353705224579603,0.998325,0.998826,0.999617,0.999828,0.043268,0.060876
0,A_Normal_Persist,A,False,False,694,1199962839189225462,0.999633,0.999988,0.999072,0.999672,0.058403,0.062092
0,A_Normal_Persist,A,False,False,695,14177511223956038032,0.999276,0.999802,0.999763,0.999867,0.034292,0.052112
0,A_Normal_Persist,A,False,False,696,14934279674989262931,0.999852,0.999567,0.999245,0.999465,0.030941,0.039435
0,A_Normal_Persist,A,False,False,697,4841614380038055313,0.992565,0.994626,0.997413,0.997657,0.038869,0.047404
0,A_Normal_Persist,A,False,False,698,12450555686482328305,0.997643,0.999104,0.999517,0.999671,0.057318,0.062422
0,A_Normal_Persist,A,False,False,699,9085997042666436558,0.996641,0.996319,0.997884,0.997914,0.039367,0.047974
0,A_Normal_Persist,A,False,False,700,13422572916956633570,0.997686,0.997464,0.998680,0.998820,0.033584,0.051910
0,A_Normal_Persist,A,False,False,701,7351104182328419599,0.997671,0.997262,0.999464,0.999285,0.050143,0.059275
0,A_Normal_Persist,A,False,False,702,5792766371484886244,0.999630,0.999048,0.998359,0.998686,0.057954,0.063972
0,A_Normal_Persist,A,False,False,703,2090014389194323499,0.996238,0.994752,0.999268,0.998628,0.050040,0.057473
0,A_Normal_Persist,A,False,False,704,15831691018566662490,0.994432,0.992108,0.999196,0.998860,0.068476,0.081009
0,A_Normal_Persist,A,False,False,705,5072948153548181498,0.999954,0.999913,0.999816,0.999816,0.030206,0.048188
0,A_Normal_Persist,A,False,False,706,10723927832125483541,0.998938,0.999180,0.999547,0.999494,0.080901,0.071732
0,A_Normal_Persist,A,False,False,707,11038392565499982503,0.999966,0.999998,0.999543,0.999435,0.038263,0.044427
0,A_Normal_Persist,A,False,False,708,14336588574000911770,0.999393,0.998654,0.999797,0.999669,0.049577,0.053971
0,A_Normal_Persist,A,False,False,709,6030049554495695016,0.998809,0.998568,0.999277,0.998981,0.034772,0.049745
0,A_Normal_Persist,A,False,False,710,15330175025999309197,0.998617,0.998231,0.999240,0.998928,0.032757,0.038067
0,A_Normal_Persist,A,False,False,711,18182160943601333087,0.999788,0.999376,0.999917,0.999773,0.054205,0.058716
0,A_Normal_Persist,A,False,False,712,7392503750536500300,0.999398,0.999569,0.999751,0.999747,0.039157,0.045315
0,A_Normal_Persist,A,False,False,713,9201476331065934901,0.996555,0.995078,0.996667,0.995113,0.051113,0.072076
0,A_Normal_Persist,A,False,False,714,14850679761735619936,0.999723,0.999653,0.999325,0.999317,0.023586,0.032294
0,A_Normal_Persist,A,False,False,715,52481444429651276,0.999989,0.999998,0.999759,0.999959,0.045511,0.054436
0,A_Normal_Persist,A,False,False,716,701287025407202476,0.999459,0.999527,0.999911,0.999833,0.032779,0.045800
0,A_Normal_Persist,A,False,False,717,8862667195253609586,0.999126,0.999345,0.998704,0.998860,0.046981,0.049828
0,A_Normal_Persist,A,False,False,718,1884424727797678729,0.999525,0.999283,0.999649,0.999701,0.034614,0.045693
0,A_Normal_Persist,A,False,False,719,13237510016968251993,0.993313,0.994121,0.997046,0.996871,0.055637,0.063360
0,A_Normal_Persist,A,False,False,720,9585560855195087398,0.999978,0.999686,0.999696,0.999591,0.029318,0.042679
0,A_Normal_Persist,A,False,False,721,10915387306407060536,0.999400,0.999944,0.999514,0.999554,0.042934,0.051836
0,A_Normal_Persist,A,False,False,722,5316502998884287052,0.999351,0.999480,0.999505,0.999655,0.030759,0.035802
0,A_Normal_Persist,A,False,False,723,1310978617869726265,0.998790,0.998632,0.999849,0.999704,0.064046,0.060693
0,A_Normal_Persist,A,False,False,724,16041429012481972272,0.997564,0.997092,0.997644,0.997121,0.036364,0.046742
0,A_Normal_Persist,A,False,False,725,10362277935978529130,0.999999,0.999876,0.999913,0.999885,0.056064,0.056241
0,A_Normal_Persist,A,False,False,726,3395485384430663528,0.999967,0.999866,0.999936,0.999951,0.040486,0.044689
0,A_Normal_Persist,A,False,False,727,12832484370422117548,0.999782,0.999993,0.999859,0.999850,0.054754,0.063812
0,A_Normal_Persist,A,False,False,728,15032455819783751473,0.993325,0.992220,0.996887,0.996085,0.029793,0.038610
0,A_Normal_Persist,A,False,False,729,4732278471386406483,0.998174,0.997423,0.999291,0.999093,0.058795,0.059031
0,A_Normal_Persist,A,False,False,730,5161867349513153460,0.999577,0.999937,0.999173,0.999240,0.024694,0.041251
0,A_Normal_Persist,A,False,False,731,6163927863293557092,0.999359,0.998372,0.999922,0.999778,0.042917,0.048254
0,A_Normal_Persist,A,False,False,732,7457838298442290027,0.998724,0.999131,0.999548,0.999531,0.027332,0.028547
0,A_Normal_Persist,A,False,False,733,13846554011717994806,0.994950,0.995510,0.996892,0.997505,0.037316,0.043439
0,A_Normal_Persist,A,False,False,734,1706209986416693497,0.995077,0.994939,0.998580,0.997882,0.070234,0.061261
0,A_Normal_Persist,A,False,False,735,8787136851456709174,0.999805,0.999979,0.999717,0.999908,0.070510,0.068852
0,A_Normal_Persist,A,False,False,736,16738533842670096182,0.999160,0.999410,0.999757,0.999613,0.067266,0.063164
0,A_Normal_Persist,A,False,False,737,15129525269815819768,0.997200,0.997745,0.998403,0.998441,0.035481,0.043543
0,A_Normal_Persist,A,False,False,738,8748201103774254761,0.998178,0.999560,0.999304,0.999686,0.080157,0.080628
0,A_Normal_Persist,A,False,False,739,1633733285139553200,0.999721,0.999815,0.999786,0.999894,0.070392,0.067600
0,A_Normal_Persist,A,False,False,740,1604840451436935094,0.995823,0.994520,0.998897,0.998647,0.027066,0.034649
0,A_Normal_Persist,A,False,False,741,9621728789596671751,0.998119,0.998154,0.999730,0.999624,0.046459,0.052533
0,A_Normal_Persist,A,False,False,742,9565922475861079546,0.999816,0.999888,0.999848,0.999832,0.034908,0.053484
0,A_Normal_Persist,A,False,False,743,13908816939932290344,0.995692,0.995889,0.999312,0.999224,0.036886,0.054608
0,A_Normal_Persist,A,False,False,744,12483396167155864888,0.998687,0.998561,0.999087,0.998775,0.057752,0.063106
0,A_Normal_Persist,A,False,False,745,6305910225289783050,0.995779,0.995370,0.998526,0.998766,0.037213,0.056069
0,A_Normal_Persist,A,False,False,746,16410775501323326017,0.999142,0.999722,0.998386,0.998459,0.055120,0.061224
0,A_Normal_Persist,A,False,False,747,7844537260154318321,0.998994,0.998399,0.999853,0.999752,0.047961,0.050904
0,A_Normal_Persist,A,False,False,748,12143195586603052215,0.988390,0.990924,0.995309,0.995251,0.028917,0.037041
0,A_Normal_Persist,A,False,False,749,6957731235524760965,0.996307,0.997421,0.998379,0.998135,0.067331,0.063028
0,A_Normal_Persist,A,False,False,750,14515117379102329796,0.999998,0.999950,0.999752,0.999725,0.023582,0.034350
0,A_Normal_Persist,A,False,False,751,13608350836041718821,0.999985,0.999982,0.999883,0.999930,0.041787,0.051076
0,A_Normal_Persist,A,False,False,752,4614489120364337795,0.996348,0.996577,0.998967,0.998965,0.041738,0.049292
0,A_Normal_Persist,A,False,False,753,7546650207249675907,0.985386,0.985806,0.994519,0.994221,0.028682,0.043295
0,A_Normal_Persist,A,False,False,754,1927103116562477845,0.998498,0.997533,0.999336,0.999376,0.027222,0.034037
0,A_Normal_Persist,A,False,False,755,12711653607839094706,0.999480,0.997273,0.999212,0.999605,0.067315,0.080710
0,A_Normal_Persist,A,False,False,756,6218763935796316517,0.998996,0.999285,0.999671,0.999730,0.050299,0.057834
0,A_Normal_Persist,A,False,False,757,15981484778076282867,0.996984,0.993897,0.999028,0.998447,0.049308,0.052470
0,A_Normal_Persist,A,False,False,758,9851763904763750210,0.996684,0.996047,0.998136,0.997578,0.067327,0.070466
0,A_Normal_Persist,A,False,False,759,5267804961576412786,0.997458,0.998526,0.999008,0.999356,0.045115,0.051310
0,A_Normal_Persist,A,False,False,760,6220237326277101092,0.997019,0.994774,0.997891,0.996539,0.050056,0.059449
0,A_Normal_Persist,A,False,False,761,18443233588637741495,0.998831,0.999292,0.999343,0.999416,0.036008,0.043245
0,A_Normal_Persist,A,False,False,762,13813393061613293536,0.999388,0.999577,0.998000,0.998086,0.068737,0.071321
0,A_Normal_Persist,A,False,False,763,614299462791590203,0.999945,0.999814,0.999760,0.999917,0.049128,0.058790
0,A_Normal_Persist,A,False,False,764,13762380808143876877,0.999260,0.998365,0.998420,0.998549,0.052091,0.058124
0,A_Normal_Persist,A,False,False,765,8441523223251183631,0.999992,0.999988,0.999760,0.999861,0.021755,0.038664
0,A_Normal_Persist,A,False,False,766,7818183417280496252,0.999623,0.999542,0.999805,0.999855,0.038750,0.044271
0,A_Normal_Persist,A,False,False,767,879669183027338693,0.997263,0.995410,0.999701,0.999426,0.057620,0.058445
0,A_Normal_Persist,A,False,False,768,17628309699263334399,0.999533,0.999452,0.999306,0.999274,0.048168,0.047739
0,A_Normal_Persist,A,False,False,769,601900631647531854,0.990717,0.991767,0.995408,0.994957,0.060155,0.069761
0,A_Normal_Persist,A,False,False,770,13147071369494571970,0.999241,0.999934,0.999909,0.999890,0.053967,0.050616
0,A_Normal_Persist,A,False,False,771,7313262161065406174,0.999919,0.999964,0.999596,0.999633,0.033707,0.039212
0,A_Normal_Persist,A,False,False,772,11943315355753760015,0.998658,0.997997,0.999181,0.999029,0.058019,0.060647
0,A_Normal_Persist,A,False,False,773,1531447662368468840,0.993210,0.991801,0.998491,0.997275,0.111699,0.124627
0,A_Normal_Persist,A,False,False,774,9071253642745799545,0.995456,0.994412,0.998470,0.998186,0.044632,0.049007
0,A_Normal_Persist,A,False,False,775,12009326648129367619,0.999963,0.999975,0.999910,0.999904,0.049823,0.060965
0,A_Normal_Persist,A,False,False,776,4521375056290704114,0.999992,0.999874,0.999564,0.999648,0.081581,0.082095
0,A_Normal_Persist,A,False,False,777,5579609894266274732,0.992891,0.992077,0.994962,0.994878,0.061110,0.067487
0,A_Normal_Persist,A,False,False,778,7196816032134605592,0.998988,0.999872,0.998365,0.999133,0.062744,0.059290
0,A_Normal_Persist,A,False,False,779,6263158031698061339,0.993820,0.995043,0.998270,0.998421,0.032145,0.045601
0,A_Normal_Persist,A,False,False,780,7264100391617024494,0.999888,0.999650,0.999037,0.998947,0.033105,0.043755
0,A_Normal_Persist,A,False,False,781,7189203313311578991,0.999659,0.999944,0.999934,0.999796,0.047344,0.053669
0,A_Normal_Persist,A,False,False,782,2521867924474320323,0.978773,0.979754,0.996254,0.996279,0.038948,0.038229
0,A_Normal_Persist,A,False,False,783,16658714842046949675,0.997403,0.997417,0.999687,0.999648,0.030604,0.039334
0,A_Normal_Persist,A,False,False,784,17630546598001806537,0.990115,0.989692,0.997396,0.996868,0.040617,0.053473
0,A_Normal_Persist,A,False,False,785,16138829632045695652,0.995912,0.995003,0.998997,0.999082,0.042386,0.050709
0,A_Normal_Persist,A,False,False,786,5158259779790900019,0.999124,0.999483,0.999587,0.999597,0.035998,0.047332
0,A_Normal_Persist,A,False,False,787,7104716930243360913,0.999983,0.999972,0.999941,0.999870,0.036640,0.043871
0,A_Normal_Persist,A,False,False,788,13988737519553142554,0.999997,0.999994,0.999576,0.999789,0.038780,0.046511
0,A_Normal_Persist,A,False,False,789,15788954406177568399,0.999211,0.998713,0.999815,0.999746,0.022787,0.040178
0,A_Normal_Persist,A,False,False,790,10923598667403850345,0.999879,0.999997,0.999478,0.999735,0.039423,0.048577
0,A_Normal_Persist,A,False,False,791,18249630978339113891,0.999749,0.999742,0.999838,0.999693,0.052180,0.059398
0,A_Normal_Persist,A,False,False,792,4029850800409439554,0.998114,0.998667,0.999774,0.999711,0.032436,0.039052
0,A_Normal_Persist,A,False,False,793,14910594999798487471,0.999998,0.999953,0.999716,0.999684,0.040052,0.057140
0,A_Normal_Persist,A,False,False,794,15190608496923824708,0.998764,0.999484,0.999113,0.999297,0.030196,0.035838
0,A_Normal_Persist,A,False,False,795,17295451217559455548,0.993851,0.994370,0.998250,0.998114,0.068568,0.064149
0,A_Normal_Persist,A,False,False,796,17565940832456385994,0.998326,0.998054,0.999468,0.999209,0.050552,0.065691
0,A_Normal_Persist,A,False,False,797,13506841326484764312,0.998998,0.998812,0.999535,0.999426,0.026836,0.052775
0,A_Normal_Persist,A,False,False,798,9180321547010121506,0.999487,0.999998,0.999843,0.999900,0.037712,0.055918
0,A_Normal_Persist,A,False,False,799,13465432781455257284,0.999997,0.999966,0.999776,0.999873,0.030499,0.045619
0,A_Normal_Persist,A,False,False,800,7183459326414436734,0.997975,0.995871,0.998742,0.998012,0.045969,0.053806
0,A_Normal_Persist,A,False,False,801,7463754047838067357,0.994492,0.993543,0.999070,0.998453,0.078278,0.082990
0,A_Normal_Persist,A,False,False,802,8910080457934095125,0.999933,0.999967,0.999383,0.999397,0.048053,0.054984
0,A_Normal_Persist,A,False,False,803,16215789548237576795,0.999105,0.999582,0.999795,0.999784,0.056550,0.057401
0,A_Normal_Persist,A,False,False,804,8998087529295170218,0.999832,0.999333,0.999270,0.998934,0.053880,0.062899
0,A_Normal_Persist,A,False,False,805,1308567257792029615,0.998411,0.998819,0.999118,0.999166,0.028034,0.043778
0,A_Normal_Persist,A,False,False,806,11280496557079060749,0.999346,0.999295,0.999605,0.999653,0.029504,0.036922
0,A_Normal_Persist,A,False,False,807,10466645426306460823,0.998981,0.998809,0.999115,0.998891,0.064414,0.061400
0,A_Normal_Persist,A,False,False,808,1559880828217657874,0.997578,0.998226,0.999651,0.999836,0.057523,0.071351
0,A_Normal_Persist,A,False,False,809,11399067180541728499,0.999995,0.999997,0.999468,0.999758,0.057545,0.066147
0,A_Normal_Persist,A,False,False,810,12376667687334992795,0.994059,0.994465,0.997489,0.997355,0.045556,0.042921
0,A_Normal_Persist,A,False,False,811,3920842379376675549,0.998641,0.998594,0.999729,0.999664,0.051724,0.059719
0,A_Normal_Persist,A,False,False,812,5182530193251856869,0.999164,0.999637,0.999682,0.999818,0.042728,0.059595
0,A_Normal_Persist,A,False,False,813,41008787057557477,0.999094,0.998934,0.999870,0.999912,0.045595,0.048692
0,A_Normal_Persist,A,False,False,814,6303778416644034182,0.998190,0.998651,0.999676,0.999481,0.067788,0.070932
0,A_Normal_Persist,A,False,False,815,4757032940595290920,0.998660,0.998298,0.999685,0.999696,0.033719,0.040123
0,A_Normal_Persist,A,False,False,816,16126862573004379038,0.997563,0.997805,0.999066,0.998923,0.049922,0.050702
0,A_Normal_Persist,A,False,False,817,17999192962526966286,0.999691,0.998739,0.999786,0.999775,0.050330,0.060249
0,A_Normal_Persist,A,False,False,818,2607773960008835943,0.999448,0.999495,0.999728,0.999801,0.069693,0.066206
0,A_Normal_Persist,A,False,False,819,718364400236007372,0.999920,0.999264,0.999762,0.999827,0.059811,0.071756
0,A_Normal_Persist,A,False,False,820,14902749981075307487,0.997519,0.998618,0.999081,0.999318,0.049323,0.057523
0,A_Normal_Persist,A,False,False,821,15109761459429309945,0.999505,0.999691,0.999792,0.999808,0.056043,0.068036
0,A_Normal_Persist,A,False,False,822,12806120500492938273,0.991823,0.994432,0.997761,0.997785,0.056511,0.056317
0,A_Normal_Persist,A,False,False,823,11762983433395383385,0.998964,0.999668,0.999353,0.999749,0.064832,0.062839
0,A_Normal_Persist,A,False,False,824,13268998512500696494,0.996542,0.995257,0.998943,0.998183,0.051047,0.055491
0,A_Normal_Persist,A,False,False,825,3120358626652936407,0.999997,0.999984,0.999826,0.999902,0.033838,0.044185
0,A_Normal_Persist,A,False,False,826,17927647176400406975,0.999917,0.999831,0.999900,0.999912,0.055618,0.053813
0,A_Normal_Persist,A,False,False,827,10375335023669576376,0.998861,0.999285,0.999007,0.999270,0.033063,0.052316
0,A_Normal_Persist,A,False,False,828,1607626573378803810,0.999859,0.999978,0.999621,0.999628,0.048188,0.051416
0,A_Normal_Persist,A,False,False,829,4972410115213741596,0.999100,0.999619,0.999574,0.999835,0.058969,0.069224
0,A_Normal_Persist,A,False,False,830,17027361175880212077,0.998529,0.997723,0.998661,0.998812,0.027280,0.044220
0,A_Normal_Persist,A,False,False,831,5448953978741185996,0.999859,0.999841,0.999870,0.999931,0.035096,0.048923
0,A_Normal_Persist,A,False,False,832,18277293405856056363,0.999170,0.999874,0.999307,0.999800,0.063398,0.066301
0,A_Normal_Persist,A,False,False,833,361204657789964163,0.998484,0.997410,0.999739,0.999222,0.055457,0.058331
0,A_Normal_Persist,A,False,False,834,481548724988349920,0.997914,0.997800,0.998266,0.998475,0.032028,0.035694
0,A_Normal_Persist,A,False,False,835,16606903228705297799,0.999976,0.999424,0.999832,0.999352,0.052063,0.059118
0,A_Normal_Persist,A,False,False,836,3406866349303233617,0.993943,0.995088,0.998338,0.997560,0.069170,0.070541
0,A_Normal_Persist,A,False,False,837,5128945780374084927,0.999468,0.999300,0.999444,0.999634,0.051432,0.057621
0,A_Normal_Persist,A,False,False,838,3845514288310131655,0.999074,0.997663,0.999785,0.999432,0.049856,0.061521
0,A_Normal_Persist,A,False,False,839,15163232594300622833,0.999046,0.999008,0.999122,0.999380,0.036478,0.046706
0,A_Normal_Persist,A,False,False,840,8504274419569022235,0.991232,0.993427,0.998824,0.998823,0.057097,0.058981
0,A_Normal_Persist,A,False,False,841,11976809301007007557,0.999543,0.999816,0.999897,0.999880,0.041434,0.044935
0,A_Normal_Persist,A,False,False,842,10322621435573308742,0.999968,0.999711,0.999759,0.999691,0.034242,0.036801
0,A_Normal_Persist,A,False,False,843,10992615551836491932,0.999861,0.999999,0.999055,0.999581,0.045031,0.048635
0,A_Normal_Persist,A,False,False,844,3543419199718506205,0.997937,0.997945,0.999649,0.999565,0.039069,0.044536
0,A_Normal_Persist,A,False,False,845,16339502082824795956,0.999680,0.998897,0.999946,0.999670,0.064479,0.063657
0,A_Normal_Persist,A,False,False,846,13242011595846945566,0.999842,0.999417,0.999933,0.999917,0.050240,0.053635
0,A_Normal_Persist,A,False,False,847,504661037134096245,0.999802,0.999886,0.999804,0.999720,0.047010,0.052267
0,A_Normal_Persist,A,False,False,848,7202850052114684196,0.997362,0.996996,0.999375,0.999447,0.018620,0.032744
0,A_Normal_Persist,A,False,False,849,7824509208823232778,0.999572,0.999920,0.999460,0.999618,0.054509,0.056487
0,A_Normal_Persist,A,False,False,850,6096801043570288193,0.999907,1.000000,0.999807,0.999876,0.048477,0.056263
0,A_Normal_Persist,A,False,False,851,14707823981578510840,0.993496,0.994225,0.998426,0.998272,0.043880,0.049182
0,A_Normal_Persist,A,False,False,852,2701588860014835643,0.995749,0.994639,0.997281,0.997531,0.026662,0.035074
0,A_Normal_Persist,A,False,False,853,14874135002075623039,0.996685,0.997619,0.998660,0.998666,0.046593,0.051419
0,A_Normal_Persist,A,False,False,854,13770703587921037967,0.997533,0.998198,0.999504,0.999756,0.070410,0.063058
0,A_Normal_Persist,A,False,False,855,17419242605859547168,0.995208,0.994398,0.997457,0.997586,0.037871,0.052098
0,A_Normal_Persist,A,False,False,856,3431637838047387226,0.999908,0.999677,0.999782,0.999779,0.040392,0.049278
0,A_Normal_Persist,A,False,False,857,10202802988054737889,0.998746,0.997523,0.998751,0.998698,0.029027,0.039825
0,A_Normal_Persist,A,False,False,858,2642634580051037220,0.999761,0.999669,0.999743,0.999701,0.038498,0.043944
0,A_Normal_Persist,A,False,False,859,17297864900935204805,0.996392,0.996627,0.998484,0.998728,0.051573,0.057565
0,A_Normal_Persist,A,False,False,860,10736573385429833609,0.998634,0.998841,0.998601,0.998747,0.054534,0.054923
0,A_Normal_Persist,A,False,False,861,13710880612127680106,0.999100,0.999598,0.999749,0.999606,0.044779,0.050219
0,A_Normal_Persist,A,False,False,862,5689605763287226153,0.999989,0.999969,0.999756,0.999879,0.059833,0.057140
0,A_Normal_Persist,A,False,False,863,16567407331440391872,0.999634,0.999896,0.999055,0.999603,0.083074,0.092561
0,A_Normal_Persist,A,False,False,864,5123667113661452938,0.998889,0.998270,0.999845,0.999645,0.048405,0.049398
0,A_Normal_Persist,A,False,False,865,8139226492300268006,1.000000,0.999925,0.999584,0.999645,0.028292,0.034840
0,A_Normal_Persist,A,False,False,866,6699740256405076402,0.999793,1.000000,0.999819,0.999717,0.023844,0.043133
0,A_Normal_Persist,A,False,False,867,1970940449024446569,0.999829,0.999993,0.999890,0.999929,0.039093,0.041743
0,A_Normal_Persist,A,False,False,868,1677306658658845470,0.997184,0.996411,0.999506,0.999390,0.055591,0.062961
0,A_Normal_Persist,A,False,False,869,2179595209901193234,0.999272,0.999874,0.999649,0.999879,0.046348,0.052564
0,A_Normal_Persist,A,False,False,870,4171953264678690550,0.999991,0.999689,0.999860,0.999917,0.035410,0.049309
0,A_Normal_Persist,A,False,False,871,448004475274847236,0.999839,0.999409,0.999905,0.999792,0.044437,0.051618
0,A_Normal_Persist,A,False,False,872,10794142325279014756,0.999554,0.999764,0.999639,0.999498,0.030796,0.039706
0,A_Normal_Persist,A,False,False,873,5346053382962252370,0.996920,0.998268,0.999309,0.999205,0.049176,0.056296
0,A_Normal_Persist,A,False,False,874,9762492276890425245,0.996680,0.997044,0.998389,0.999211,0.073219,0.071432
0,A_Normal_Persist,A,False,False,875,17040126170313902856,0.998654,0.998155,0.999514,0.999197,0.064717,0.058113
0,A_Normal_Persist,A,False,False,876,10519988855427211590,0.998888,0.998491,0.999423,0.999435,0.049070,0.061377
0,A_Normal_Persist,A,False,False,877,4738137322034946714,0.999459,0.999630,0.999319,0.999113,0.041779,0.051622
0,A_Normal_Persist,A,False,False,878,15726658455324999550,0.999907,0.999708,0.999837,0.999913,0.052379,0.056149
0,A_Normal_Persist,A,False,False,879,5912893779181557712,0.998353,0.998245,0.999623,0.999594,0.029728,0.040887
0,A_Normal_Persist,A,False,False,880,14944667942084119967,0.999986,0.999985,0.999840,0.999860,0.045778,0.044921
0,A_Normal_Persist,A,False,False,881,17705748088801850969,0.999874,0.999268,0.999572,0.999466,0.040285,0.043347
0,A_Normal_Persist,A,False,False,882,13714046726357530518,0.998668,0.998761,0.997804,0.998657,0.075006,0.086067
0,A_Normal_Persist,A,False,False,883,8192084826077422552,1.000000,0.999996,0.999844,0.999672,0.040341,0.045946
0,A_Normal_Persist,A,False,False,884,5219231991769431077,0.999987,0.999187,0.999482,0.999717,0.070156,0.078844
0,A_Normal_Persist,A,False,False,885,3929224545855665295,0.999977,0.999544,0.999585,0.999691,0.040396,0.049456
0,A_Normal_Persist,A,False,False,886,17170504966573260028,0.998278,0.997950,0.998332,0.998464,0.054092,0.061318
0,A_Normal_Persist,A,False,False,887,1769201796949021391,0.999589,0.999853,0.999401,0.999334,0.038005,0.053036
0,A_Normal_Persist,A,False,False,888,12341101193410888306,0.999985,0.999858,0.999939,0.999774,0.062715,0.075135
0,A_Normal_Persist,A,False,False,889,12366088815458757434,0.999907,0.999684,0.999398,0.999055,0.050188,0.056267
0,A_Normal_Persist,A,False,False,890,581226618910614756,0.999341,0.999715,0.999368,0.999540,0.049451,0.071182
0,A_Normal_Persist,A,False,False,891,13574658020614333093,0.993157,0.993244,0.997726,0.997527,0.072339,0.063118
0,A_Normal_Persist,A,False,False,892,4212423634744080620,0.994188,0.995117,0.998572,0.997859,0.069867,0.080682
0,A_Normal_Persist,A,False,False,893,2332654232283335653,0.996898,0.996487,0.999213,0.998980,0.034484,0.045561
0,A_Normal_Persist,A,False,False,894,6623002132969059323,0.992712,0.993555,0.998421,0.998580,0.029097,0.054102
0,A_Normal_Persist,A,False,False,895,6417795787447369907,0.998327,0.998558,0.999679,0.999629,0.052656,0.066540
0,A_Normal_Persist,A,False,False,896,10050235935593853957,0.999971,0.999833,0.999835,0.999727,0.039568,0.046010
0,A_Normal_Persist,A,False,False,897,6589717450054947933,0.999133,0.998599,0.998030,0.997883,0.040583,0.041877
0,A_Normal_Persist,A,False,False,898,5147221498504367339,0.999394,0.998360,0.999833,0.999818,0.033110,0.041022
0,A_Normal_Persist,A,False,False,899,12443974316185180235,0.999853,0.999732,0.999349,0.999362,0.035923,0.045406
0,A_Normal_Persist,A,False,False,900,3483018205808404432,0.998638,0.998470,0.999635,0.999668,0.066097,0.066655
0,A_Normal_Persist,A,False,False,901,6433463525893029178,0.999660,0.999459,0.999865,0.999801,0.040288,0.049810
0,A_Normal_Persist,A,False,False,902,13218944926531213355,0.999139,0.997734,0.999488,0.998996,0.060842,0.066023
0,A_Normal_Persist,A,False,False,903,3694707716357039595,0.997957,0.998332,0.999576,0.999477,0.029115,0.037656
0,A_Normal_Persist,A,False,False,904,8314060131526762537,0.999649,0.999763,0.998933,0.999118,0.050499,0.060127
0,A_Normal_Persist,A,False,False,905,2134264345976858066,0.999459,0.999505,0.999881,0.999855,0.038762,0.052094
0,A_Normal_Persist,A,False,False,906,14726764549541816740,0.999547,0.999552,0.999640,0.999541,0.049551,0.052842
0,A_Normal_Persist,A,False,False,907,11408164154673152002,0.999620,0.999749,0.999554,0.999558,0.049889,0.061400
0,A_Normal_Persist,A,False,False,908,14594806667185337951,0.997736,0.998051,0.999744,0.999771,0.041083,0.052755
0,A_Normal_Persist,A,False,False,909,1273049264458986760,0.999574,0.999869,0.999584,0.999621,0.045725,0.055617
0,A_Normal_Persist,A,False,False,910,6606841803748869299,0.998810,0.999211,0.999143,0.999203,0.036017,0.041132
0,A_Normal_Persist,A,False,False,911,11791397601342004562,0.999349,0.999867,0.999000,0.999357,0.036074,0.048585
0,A_Normal_Persist,A,False,False,912,5279594392014822800,0.998537,0.997169,0.999536,0.999485,0.052949,0.065525
0,A_Normal_Persist,A,False,False,913,8644397180299769576,0.999064,0.999320,0.999741,0.999777,0.059783,0.056533
0,A_Normal_Persist,A,False,False,914,9504906639000842147,1.000000,0.999997,0.999873,0.999867,0.104083,0.091634
0,A_Normal_Persist,A,False,False,915,14994483287839335545,0.999706,0.999992,0.999595,0.999644,0.064758,0.057632
0,A_Normal_Persist,A,False,False,916,5414886591499557958,0.999217,0.997674,0.999303,0.999117,0.030132,0.049515
0,A_Normal_Persist,A,False,False,917,12383922973368828031,0.998860,0.998174,0.999519,0.999489,0.047788,0.045176
0,A_Normal_Persist,A,False,False,918,14785020529843488388,0.999873,0.999428,0.999679,0.999606,0.043698,0.046657
0,A_Normal_Persist,A,False,False,919,6311095264216901343,0.999997,0.999747,0.999886,0.999947,0.050426,0.056442
0,A_Normal_Persist,A,False,False,920,7559763955155293606,0.995162,0.993912,0.997530,0.997864,0.054057,0.051555
0,A_Normal_Persist,A,False,False,921,2442505275773805478,0.999901,0.999963,0.999093,0.999287,0.068506,0.068122
0,A_Normal_Persist,A,False,False,922,17075712678585611917,0.998531,0.997980,0.998263,0.998390,0.050105,0.058950
0,A_Normal_Persist,A,False,False,923,4002475689485739158,0.997351,0.996645,0.998859,0.998381,0.050719,0.056925
0,A_Normal_Persist,A,False,False,924,11460608392223889534,0.999243,0.999921,0.999464,0.999688,0.043753,0.046910
0,A_Normal_Persist,A,False,False,925,12321410957671680846,0.996108,0.996688,0.997878,0.997363,0.102594,0.093612
0,A_Normal_Persist,A,False,False,926,5930474019254750699,0.999829,0.999866,0.999611,0.999792,0.048807,0.047310
0,A_Normal_Persist,A,False,False,927,5006383584885242781,0.997509,0.997131,0.999063,0.999258,0.038334,0.045838
0,A_Normal_Persist,A,False,False,928,1682577722981484386,0.999902,0.998913,0.999693,0.999714,0.053021,0.064396
0,A_Normal_Persist,A,False,False,929,17967706804655236451,0.999948,0.999990,0.999891,0.999883,0.053674,0.047721
0,A_Normal_Persist,A,False,False,930,5371806674365277429,0.998444,0.997941,0.998461,0.998044,0.047534,0.051152
0,A_Normal_Persist,A,False,False,931,1172319169636707101,0.999759,0.999762,0.999427,0.999109,0.036634,0.049064
0,A_Normal_Persist,A,False,False,932,4413686959222391963,0.999958,0.999456,0.999781,0.999635,0.049062,0.053488
0,A_Normal_Persist,A,False,False,933,18206670938893804426,0.999877,0.999952,0.999846,0.999916,0.032475,0.053930
0,A_Normal_Persist,A,False,False,934,2264903716142220645,0.995826,0.995157,0.998993,0.999026,0.063292,0.068624
0,A_Normal_Persist,A,False,False,935,15967296270147798519,0.999996,0.999487,0.999906,0.999866,0.045239,0.049030
0,A_Normal_Persist,A,False,False,936,14216829930359153771,0.997341,0.998057,0.999195,0.999137,0.052144,0.063835
0,A_Normal_Persist,A,False,False,937,16404139092740789497,0.999971,0.999884,0.999612,0.999698,0.042781,0.051614
0,A_Normal_Persist,A,False,False,938,12472454236781858885,0.998356,0.998988,0.999572,0.999702,0.032898,0.041763
0,A_Normal_Persist,A,False,False,939,3131272684161196198,0.993583,0.993094,0.998064,0.997914,0.030218,0.033282
0,A_Normal_Persist,A,False,False,940,13542845135758264747,0.999995,0.999973,0.999679,0.999769,0.042158,0.050471
0,A_Normal_Persist,A,False,False,941,1939608544631221036,0.995487,0.996037,0.997723,0.997618,0.050972,0.048634
0,A_Normal_Persist,A,False,False,942,6014741126564419283,0.999452,0.999398,0.999520,0.999532,0.024723,0.028591
0,A_Normal_Persist,A,False,False,943,9046929737764502070,0.996224,0.995354,0.998540,0.998328,0.029969,0.037085
0,A_Normal_Persist,A,False,False,944,6938032947886938935,0.999218,0.999257,0.999713,0.999773,0.038858,0.042160
0,A_Normal_Persist,A,False,False,945,12620817825148200450,0.996207,0.996871,0.999479,0.999662,0.039929,0.054328
0,A_Normal_Persist,A,False,False,946,13047955287102290404,0.998337,0.997193,0.999576,0.999312,0.070122,0.064528
0,A_Normal_Persist,A,False,False,947,9622133879171957412,0.999356,0.999449,0.999650,0.999783,0.037309,0.054715
0,A_Normal_Persist,A,False,False,948,18223019862977804810,0.967974,0.970926,0.988974,0.989020,0.037785,0.050602
0,A_Normal_Persist,A,False,False,949,9865195482289624806,0.999296,0.998114,0.999618,0.999549,0.030595,0.040386
0,A_Normal_Persist,A,False,False,950,3164139386688012965,0.998967,0.998786,0.998660,0.998317,0.024879,0.037323
0,A_Normal_Persist,A,False,False,951,678301671287296022,0.999990,0.999876,0.999820,0.999965,0.048735,0.056699
0,A_Normal_Persist,A,False,False,952,1124549471115688086,0.999765,0.999904,0.999767,0.999802,0.034632,0.043976
0,A_Normal_Persist,A,False,False,953,4154946991607214183,0.999992,0.999984,0.999768,0.999903,0.062015,0.064835
0,A_Normal_Persist,A,False,False,954,9701106409707859364,0.999350,0.998719,0.999316,0.999465,0.066978,0.074489
0,A_Normal_Persist,A,False,False,955,14989078253449770810,0.998776,0.998776,0.999423,0.999202,0.039728,0.047769
0,A_Normal_Persist,A,False,False,956,11839922469634552846,0.999781,0.999489,0.999908,0.999902,0.042804,0.043223
0,A_Normal_Persist,A,False,False,957,9988447807779488209,0.992119,0.992291,0.997637,0.997001,0.040388,0.046348
0,A_Normal_Persist,A,False,False,958,10749300045142413066,0.999867,0.999813,0.999849,0.999789,0.059568,0.062009
0,A_Normal_Persist,A,False,False,959,1030777536723607265,0.997760,0.998313,0.998266,0.998969,0.034451,0.056585
0,A_Normal_Persist,A,False,False,960,3456342558017492929,0.998073,0.998786,0.999801,0.999779,0.067665,0.070404
0,A_Normal_Persist,A,False,False,961,8022755558552079289,0.988368,0.990492,0.995120,0.996153,0.057681,0.072042
0,A_Normal_Persist,A,False,False,962,724306692634458689,0.998441,0.999018,0.999742,0.999720,0.043402,0.053881
0,A_Normal_Persist,A,False,False,963,4933959393045656058,0.999993,0.999995,0.999810,0.999894,0.053685,0.055389
0,A_Normal_Persist,A,False,False,964,16821746281967361848,0.994689,0.997295,0.999088,0.999433,0.063844,0.077479
0,A_Normal_Persist,A,False,False,965,4503356795883812063,0.999439,0.999812,0.999769,0.999870,0.042387,0.040087
0,A_Normal_Persist,A,False,False,966,794043063679142424,0.991589,0.990423,0.997272,0.996231,0.060249,0.066489
0,A_Normal_Persist,A,False,False,967,554478184501760439,0.999985,0.999983,0.999688,0.999624,0.032493,0.053084
0,A_Normal_Persist,A,False,False,968,4212027708708644496,0.999372,0.998553,0.998671,0.998570,0.046939,0.061011
0,A_Normal_Persist,A,False,False,969,8292600232340187109,0.999810,0.999744,0.999209,0.999121,0.038015,0.044615
0,A_Normal_Persist,A,False,False,970,5420932355859998674,0.997091,0.998100,0.998787,0.999027,0.035937,0.045327
0,A_Normal_Persist,A,False,False,971,10047327218404959407,0.995065,0.992154,0.997503,0.996898,0.053937,0.071401
0,A_Normal_Persist,A,False,False,972,15409276539386309731,0.997771,0.998041,0.998842,0.998837,0.032910,0.048638
0,A_Normal_Persist,A,False,False,973,7745014281718758350,0.999097,0.999108,0.999194,0.999398,0.051475,0.054417
0,A_Normal_Persist,A,False,False,974,9634342626572017618,0.999119,0.999685,0.999594,0.999931,0.072311,0.078820
0,A_Normal_Persist,A,False,False,975,13075217681279707084,0.999523,0.999347,0.999685,0.999715,0.039828,0.051340
0,A_Normal_Persist,A,False,False,976,17853105099180793347,0.998113,0.995617,0.999187,0.998020,0.060911,0.068328
0,A_Normal_Persist,A,False,False,977,18200801247629125446,0.999106,0.999543,0.999823,0.999732,0.048260,0.051767
0,A_Normal_Persist,A,False,False,978,17850946370689483811,0.999855,0.999991,0.999473,0.999663,0.054887,0.054308
0,A_Normal_Persist,A,False,False,979,4152693609967809443,0.996203,0.996226,0.998838,0.998822,0.061475,0.058795
0,A_Normal_Persist,A,False,False,980,7819451618329228930,0.999687,0.999092,0.999604,0.999653,0.065327,0.088215
0,A_Normal_Persist,A,False,False,981,15178435452068765483,0.999846,0.999841,0.999686,0.999737,0.032852,0.035862
0,A_Normal_Persist,A,False,False,982,6743154616651670735,0.999959,0.999828,0.999953,0.999845,0.051937,0.059403
0,A_Normal_Persist,A,False,False,983,6902288439662863126,0.994110,0.995792,0.997956,0.998155,0.048864,0.063086
0,A_Normal_Persist,A,False,False,984,15243559394718423696,0.999865,0.999828,0.999579,0.999503,0.029147,0.041908
0,A_Normal_Persist,A,False,False,985,17585796166628360012,0.999918,0.999760,0.999434,0.999565,0.037060,0.049349
0,A_Normal_Persist,A,False,False,986,8619359082535412199,0.993571,0.995241,0.997886,0.998659,0.045487,0.056678
0,A_Normal_Persist,A,False,False,987,15132981996742610971,0.999896,0.999999,0.999625,0.999729,0.041755,0.055815
0,A_Normal_Persist,A,False,False,988,15287526782226859997,0.999999,0.999963,0.999666,0.999870,0.050229,0.056763
0,A_Normal_Persist,A,False,False,989,15537032708959212944,0.999490,0.999551,0.999828,0.999687,0.024498,0.040800
0,A_Normal_Persist,A,False,False,990,6304400861578121697,0.999446,0.999747,0.999356,0.999551,0.031561,0.043485
0,A_Normal_Persist,A,False,False,991,11052393898461981172,0.998356,0.999560,0.998284,0.998518,0.034925,0.053640
0,A_Normal_Persist,A,False,False,992,12564766545649306105,0.999992,0.999947,0.999838,0.999885,0.044185,0.045674
0,A_Normal_Persist,A,False,False,993,11241819024564467793,0.999459,0.999253,0.997880,0.998810,0.066810,0.068064
0,A_Normal_Persist,A,False,False,994,17779619308286279567,0.999611,0.998969,0.999750,0.999768,0.057811,0.062294
0,A_Normal_Persist,A,False,False,995,6916258148675982935,0.999973,0.999605,0.999810,0.999774,0.036443,0.042266
0,A_Normal_Persist,A,False,False,996,2562245879149766602,0.999067,0.999478,0.999800,0.999800,0.022667,0.036746
0,A_Normal_Persist,A,False,False,997,14766317083084839798,0.999319,0.998915,0.999869,0.999821,0.038445,0.047751
0,A_Normal_Persist,A,False,False,998,8607173450908027005,0.999833,0.999826,0.999840,0.999856,0.054029,0.058951
0,A_Normal_Persist,A,False,False,999,16001737443743693128,0.995860,0.995737,0.998556,0.998059,0.051533,0.062713
1,B_Normal_Persist,B,False,False,0,7239774282180925248,0.998367,1.000000,0.997892,0.999242,0.185434,0.218634
1,B_Normal_Persist,B,False,False,1,2517809999606138665,0.999311,0.999989,0.999664,0.999913,0.059612,0.097799
1,B_Normal_Persist,B,False,False,2,2555956105033869016,0.998202,0.998571,0.998527,0.998796,0.155430,0.154975
1,B_Normal_Persist,B,False,False,3,13197504745401587166,0.999450,0.998553,0.999720,0.999769,0.069673,0.089878
1,B_Normal_Persist,B,False,False,4,11910439881806599642,0.996684,0.998600,0.997622,0.999394,0.239480,0.267472
1,B_Normal_Persist,B,False,False,5,10309481485386962593,0.999919,0.998842,0.998814,0.998553,0.247746,0.307779
1,B_Normal_Persist,B,False,False,6,9992295587370214632,0.999988,0.999385,0.997896,0.999662,0.245289,0.305001
1,B_Normal_Persist,B,False,False,7,2423641757182339996,0.998346,0.999886,0.997209,0.999648,0.285705,0.377413
1,B_Normal_Persist,B,False,False,8,6938444779541884225,0.981935,0.994366,0.991624,0.997834,0.365824,0.418583
1,B_Normal_Persist,B,False,False,9,17493401454201820541,0.999857,0.999886,0.999370,0.999775,0.189875,0.206603
1,B_Normal_Persist,B,False,False,10,8295592488712693627,0.995899,0.999842,0.997973,0.999884,0.496518,0.555719
1,B_Normal_Persist,B,False,False,11,17414979352627451196,0.995813,0.999983,0.998078,0.999698,0.229878,0.279163
1,B_Normal_Persist,B,False,False,12,37555983840936736,0.999992,0.999828,0.998083,0.999612,0.145986,0.184087
1,B_Normal_Persist,B,False,False,13,1501017287688311720,0.991931,0.998990,0.991878,0.997892,0.810810,0.900595
1,B_Normal_Persist,B,False,False,14,8245045894481493854,0.999955,1.000000,0.995572,0.999405,0.563483,0.596552
1,B_Normal_Persist,B,False,False,15,9940024697321729659,0.978100,0.998488,0.991771,0.999559,1.455149,1.565090
1,B_Normal_Persist,B,False,False,16,8837070597231969673,0.998072,0.998982,0.995275,0.998844,0.385425,0.404394
1,B_Normal_Persist,B,False,False,17,16878968611923729079,0.992676,0.999202,0.998821,0.999852,0.179543,0.243911
1,B_Normal_Persist,B,False,False,18,5166493980665494959,0.997574,0.999807,0.997432,0.999513,0.283373,0.347705
1,B_Normal_Persist,B,False,False,19,17931473890406253447,0.992635,0.998575,0.998885,0.999592,0.129591,0.181550
1,B_Normal_Persist,B,False,False,20,12454067189400161575,0.979299,0.983448,0.995293,0.995079,0.084826,0.114272
1,B_Normal_Persist,B,False,False,21,3068578304578745486,0.995356,0.999990,0.999412,0.999568,0.258382,0.307419
1,B_Normal_Persist,B,False,False,22,1125598038644387707,0.995507,0.999970,0.999229,0.999623,0.165349,0.234014
1,B_Normal_Persist,B,False,False,23,11459577578319966139,0.999268,0.999992,0.996571,0.999742,0.501575,0.522930
1,B_Normal_Persist,B,False,False,24,3292559847194952711,0.993920,0.998972,0.998911,0.999860,0.160413,0.195849
1,B_Normal_Persist,B,False,False,25,2137548783297075447,0.990605,0.997820,0.994850,0.998729,0.431833,0.505802
1,B_Normal_Persist,B,False,False,26,15557936146978753282,0.994325,0.998213,0.997872,0.999455,0.142529,0.211966
1,B_Normal_Persist,B,False,False,27,7551588586565818760,0.993378,0.992983,0.994188,0.997793,0.290798,0.308786
1,B_Normal_Persist,B,False,False,28,16100092259454322183,0.995253,0.999603,0.998317,0.999866,0.335171,0.384156
1,B_Normal_Persist,B,False,False,29,15449382922437834017,0.999670,0.999913,0.999576,0.999600,0.126150,0.148643
1,B_Normal_Persist,B,False,False,30,17789718389472327624,0.997754,0.997736,0.993019,0.997400,0.261240,0.312209
1,B_Normal_Persist,B,False,False,31,1984334894821755691,0.999476,0.999984,0.991184,0.999104,0.947376,1.000499
1,B_Normal_Persist,B,False,False,32,5741206208642478763,0.978722,0.990138,0.989130,0.996281,0.504686,0.548357
1,B_Normal_Persist,B,False,False,33,13375272182191979637,0.999079,0.997097,0.997539,0.998379,0.145327,0.174298
1,B_Normal_Persist,B,False,False,34,9199139157323722446,0.995150,0.997238,0.998691,0.999237,0.081036,0.111306
1,B_Normal_Persist,B,False,False,35,12534616001282182345,0.999893,0.999963,0.997733,0.999553,0.131106,0.167392
1,B_Normal_Persist,B,False,False,36,8666066104512540542,0.990788,0.994005,0.997517,0.997210,0.136646,0.177855
1,B_Normal_Persist,B,False,False,37,7917807628866485416,0.989987,0.998685,0.995330,0.999633,0.643368,0.685799
1,B_Normal_Persist,B,False,False,38,2669415750667155678,0.999791,0.999769,0.994742,0.999744,0.771497,0.804193
1,B_Normal_Persist,B,False,False,39,387317985601746482,0.998814,0.996354,0.999713,0.999153,0.343029,0.373409
1,B_Normal_Persist,B,False,False,40,3994668753459103768,0.987373,0.984735,0.987608,0.993574,0.466259,0.473520
1,B_Normal_Persist,B,False,False,41,13153183204348493122,0.972985,0.997556,0.992783,0.999198,0.764244,0.913726
1,B_Normal_Persist,B,False,False,42,11436972458419375938,0.997816,0.995875,0.999350,0.997859,0.188346,0.206695
1,B_Normal_Persist,B,False,False,43,14627193728318668875,0.982459,0.995291,0.993485,0.998810,0.494803,0.581127
1,B_Normal_Persist,B,False,False,44,18233611304731397317,0.997630,0.999914,0.998076,0.999516,0.168658,0.216845
1,B_Normal_Persist,B,False,False,45,1982747777576163632,0.999164,0.999071,0.994714,0.999129,0.562569,0.596476
1,B_Normal_Persist,B,False,False,46,9939057435082904576,0.984677,0.998289,0.993545,0.999055,0.663184,0.733002
1,B_Normal_Persist,B,False,False,47,4261342791768501486,0.995926,0.998911,0.986521,0.999775,2.388964,2.385059
1,B_Normal_Persist,B,False,False,48,13979659138420071191,0.997781,0.999997,0.998300,0.999914,0.284828,0.314122
1,B_Normal_Persist,B,False,False,49,16217436613642536168,0.994497,0.994920,0.987825,0.997654,0.914559,0.966852
1,B_Normal_Persist,B,False,False,50,5902511999228938250,0.997160,0.999051,0.998885,0.999834,0.184888,0.220825
1,B_Normal_Persist,B,False,False,51,4692647747906094380,0.998010,0.999998,0.995482,0.999446,0.490307,0.539864
1,B_Normal_Persist,B,False,False,52,12985227713646791029,0.997805,0.999506,0.998510,0.999870,0.224953,0.253048
1,B_Normal_Persist,B,False,False,53,4215728182820065247,0.999474,0.999519,0.996389,0.999395,0.345593,0.370682
1,B_Normal_Persist,B,False,False,54,11501957866983274696,0.994982,0.995143,0.993689,0.998078,0.324097,0.357644
1,B_Normal_Persist,B,False,False,55,13453760187461385624,0.989126,0.992454,0.989391,0.996304,0.446064,0.505183
1,B_Normal_Persist,B,False,False,56,18355619344619894359,0.999234,0.999976,0.995322,0.999850,0.938045,0.962993
1,B_Normal_Persist,B,False,False,57,267918099597660796,0.998410,0.999453,0.994601,0.999698,0.500829,0.558067
1,B_Normal_Persist,B,False,False,58,8621630698266344962,0.993536,0.996342,0.996792,0.998479,0.100170,0.130945
1,B_Normal_Persist,B,False,False,59,18281819359264032068,0.999961,0.999998,0.999641,0.999959,0.079639,0.108501
1,B_Normal_Persist,B,False,False,60,9693291588231500869,0.999883,0.997444,0.993386,0.998709,0.574706,0.655083
1,B_Normal_Persist,B,False,False,61,16748985040490743307,0.991073,0.996636,0.997901,0.998462,0.119951,0.152965
1,B_Normal_Persist,B,False,False,62,8038164461827763274,0.998837,0.999973,0.999274,0.999773,0.183777,0.226177
1,B_Normal_Persist,B,False,False,63,16602777803601739553,0.999896,0.998983,0.996566,0.999268,0.325496,0.390591
1,B_Normal_Persist,B,False,False,64,17537428991847396943,0.999124,0.999980,0.996768,0.999057,0.202149,0.242810
1,B_Normal_Persist,B,False,False,65,16361864967555731241,0.995628,0.995583,0.999070,0.998092,0.484385,0.500945
1,B_Normal_Persist,B,False,False,66,9633688647489633694,0.999460,0.999713,0.995439,0.999740,0.511845,0.554294
1,B_Normal_Persist,B,False,False,67,18283374829302111705,0.992623,0.995698,0.997693,0.998104,0.522861,0.546285
1,B_Normal_Persist,B,False,False,68,5203086199363694643,0.998066,0.999513,0.997541,0.999167,0.120515,0.157513
1,B_Normal_Persist,B,False,False,69,17376008931825041605,0.994364,0.996437,0.999046,0.999596,0.070667,0.098155
1,B_Normal_Persist,B,False,False,70,3541152012419083867,0.998519,0.999949,0.998583,0.999496,0.283902,0.307918
1,B_Normal_Persist,B,False,False,71,3381667563741655822,0.998053,0.992487,0.998547,0.996487,0.254296,0.294335
1,B_Normal_Persist,B,False,False,72,2176449103334678923,0.991353,0.995730,0.997686,0.998610,0.182191,0.214813
1,B_Normal_Persist,B,False,False,73,5506425932831432766,0.963217,0.991372,0.993368,0.996238,0.223238,0.317261
1,B_Normal_Persist,B,False,False,74,250377927365610647,0.995545,0.999546,0.999266,0.999713,0.110158,0.180518
1,B_Normal_Persist,B,False,False,75,4682713071907208685,0.996164,0.999817,0.996481,0.999712,0.399258,0.488567
1,B_Normal_Persist,B,False,False,76,14564146062078047305,0.991305,0.997238,0.996671,0.998652,0.173473,0.215613
1,B_Normal_Persist,B,False,False,77,517385467709858843,0.988878,0.992240,0.993264,0.997612,0.372759,0.395688
1,B_Normal_Persist,B,False,False,78,15179490342696244522,0.993890,0.999770,0.998212,0.999798,0.234337,0.286059
1,B_Normal_Persist,B,False,False,79,10202456796235786818,0.997153,0.998759,0.997555,0.999734,0.313093,0.355190
1,B_Normal_Persist,B,False,False,80,11490458524724799683,0.999503,0.998073,0.992399,0.998731,0.634881,0.696066
1,B_Normal_Persist,B,False,False,81,13459025523240309356,0.999112,0.998186,0.997669,0.999606,0.395438,0.443061
1,B_Normal_Persist,B,False,False,82,2997134359604027586,0.996461,0.999106,0.998518,0.999612,0.191875,0.248443
1,B_Normal_Persist,B,False,False,83,17287437516534721403,0.999639,0.999762,0.997738,0.999524,0.404887,0.467569
1,B_Normal_Persist,B,False,False,84,11809075961176544891,0.999403,0.999988,0.995912,0.999602,0.420581,0.471026
1,B_Normal_Persist,B,False,False,85,8512840881324006654,0.999499,0.999410,0.999307,0.999843,0.142793,0.178315
1,B_Normal_Persist,B,False,False,86,5994132825759826498,0.999864,0.999997,0.999347,0.999882,0.149257,0.182467
1,B_Normal_Persist,B,False,False,87,11484746256973353753,0.973379,0.995347,0.994005,0.998843,0.730902,0.880691
1,B_Normal_Persist,B,False,False,88,6932830937462587515,0.999135,1.000000,0.997871,0.999811,0.224094,0.248032
1,B_Normal_Persist,B,False,False,89,6096616578716913895,0.991850,0.994583,0.997536,0.998762,0.081361,0.109684
1,B_Normal_Persist,B,False,False,90,2723299587169704684,0.993131,0.995769,0.995544,0.997453,0.115112,0.141868
1,B_Normal_Persist,B,False,False,91,2105545953134542132,0.999965,0.999853,0.997491,0.999606,0.293669,0.336023
1,B_Normal_Persist,B,False,False,92,15352468202616131861,0.984468,0.995855,0.983031,0.995948,0.882727,0.931674
1,B_Normal_Persist,B,False,False,93,10810099954761821273,0.999718,0.999927,0.996259,0.999513,0.385130,0.398497
1,B_Normal_Persist,B,False,False,94,11081024199458736264,0.998460,0.999061,0.999267,0.999072,0.128874,0.169832
1,B_Normal_Persist,B,False,False,95,2251712987525457393,0.999133,0.999876,0.999322,0.999621,0.125400,0.142784
1,B_Normal_Persist,B,False,False,96,7916698639488674562,0.995844,0.999996,0.998586,0.999546,0.240217,0.301187
1,B_Normal_Persist,B,False,False,97,7351577494237351487,0.999868,0.999996,0.996449,0.999834,0.397986,0.443784
1,B_Normal_Persist,B,False,False,98,4672137627527084441,0.986731,0.996810,0.995580,0.999256,0.528404,0.579349
1,B_Normal_Persist,B,False,False,99,7515701295612647488,0.999561,0.999040,0.999389,0.998936,0.145271,0.185191
1,B_Normal_Persist,B,False,False,100,4926867598213627148,0.999873,0.999923,0.999126,0.999758,0.230067,0.247671
1,B_Normal_Persist,B,False,False,101,18229775768128324264,0.996261,0.998101,0.997151,0.999675,0.400432,0.448009
1,B_Normal_Persist,B,False,False,102,3795851985333346092,0.989675,0.990334,0.996369,0.997200,0.072875,0.097822
1,B_Normal_Persist,B,False,False,103,3197489799369523711,0.998728,0.997290,0.997957,0.997931,0.175856,0.212858
1,B_Normal_Persist,B,False,False,104,6038302946006820198,0.984677,0.993619,0.995867,0.997951,0.128449,0.165715
1,B_Normal_Persist,B,False,False,105,7049601415585633837,0.992144,0.997697,0.998822,0.999515,0.125136,0.176155
1,B_Normal_Persist,B,False,False,106,2987133510232192878,0.995892,0.998730,0.996685,0.999655,0.651585,0.671323
1,B_Normal_Persist,B,False,False,107,4154544316912275833,0.994547,0.999490,0.998706,0.999577,0.110292,0.136789
1,B_Normal_Persist,B,False,False,108,1855384390114642554,0.994812,0.999534,0.999196,0.999526,0.362914,0.410373
1,B_Normal_Persist,B,False,False,109,6645713996864311752,0.987884,0.991664,0.994663,0.996958,0.120840,0.155126
1,B_Normal_Persist,B,False,False,110,16845873685268601173,0.996954,0.998105,0.999345,0.999792,0.104685,0.139292
1,B_Normal_Persist,B,False,False,111,6892149902038433332,0.980976,0.994527,0.996416,0.997606,0.159381,0.218768
1,B_Normal_Persist,B,False,False,112,2823976251674348860,0.995953,0.997820,0.997012,0.999239,1.002499,1.032103
1,B_Normal_Persist,B,False,False,113,4437728520684218331,0.995539,0.997720,0.996110,0.998550,0.212517,0.260664
1,B_Normal_Persist,B,False,False,114,13515942130429655275,0.993825,0.994240,0.998650,0.999197,0.079848,0.111081
1,B_Normal_Persist,B,False,False,115,1989484644540139254,0.998538,0.999938,0.995020,0.999517,0.594272,0.628932
1,B_Normal_Persist,B,False,False,116,1163091827775562460,0.999434,0.999677,0.997156,0.999624,0.287826,0.316772
1,B_Normal_Persist,B,False,False,117,9495652703080379016,0.996089,0.998727,0.999511,0.999399,0.063275,0.088402
1,B_Normal_Persist,B,False,False,118,3674366133963686375,0.975673,0.995689,0.996179,0.999381,0.465243,0.569062
1,B_Normal_Persist,B,False,False,119,13574628364315988787,0.997384,0.999924,0.998991,0.999741,0.120602,0.174468
1,B_Normal_Persist,B,False,False,120,11780821587940531270,0.994207,0.999490,0.999104,0.999763,0.142023,0.201526
1,B_Normal_Persist,B,False,False,121,4644935318850034669,0.994197,0.996662,0.994542,0.998304,0.397284,0.428258
1,B_Normal_Persist,B,False,False,122,4322023182230111926,0.997666,0.998483,0.999519,0.998378,0.316915,0.331081
1,B_Normal_Persist,B,False,False,123,10795909897387548174,0.995519,0.998472,0.994997,0.998856,0.340919,0.374992
1,B_Normal_Persist,B,False,False,124,13400345026330663374,0.995138,0.999299,0.997663,0.999790,0.338500,0.390669
1,B_Normal_Persist,B,False,False,125,15306912946222646035,1.000000,0.999969,0.992667,0.999091,0.607504,0.642343
1,B_Normal_Persist,B,False,False,126,15394500526784738841,0.985003,0.994582,0.998590,0.998858,0.155565,0.202944
1,B_Normal_Persist,B,False,False,127,673267647975096064,0.999859,0.999010,0.997532,0.998007,0.131929,0.167439
1,B_Normal_Persist,B,False,False,128,12167893889291017922,0.976451,0.985601,0.990384,0.994360,0.375585,0.445982
1,B_Normal_Persist,B,False,False,129,3739872536369584721,0.999305,0.999892,0.998733,0.999900,0.191721,0.235620
1,B_Normal_Persist,B,False,False,130,7336970465451662786,0.999645,0.999589,0.997178,0.999130,0.231077,0.267092
1,B_Normal_Persist,B,False,False,131,14473603762999800640,0.998890,0.999881,0.999603,0.999742,0.131271,0.185971
1,B_Normal_Persist,B,False,False,132,796811262869880676,0.995029,0.997473,0.993886,0.997937,0.483112,0.529255
1,B_Normal_Persist,B,False,False,133,7363481996988423371,0.994988,0.996805,0.998594,0.999167,0.079864,0.123271
1,B_Normal_Persist,B,False,False,134,3027768316970789844,0.999382,0.994946,0.998469,0.999230,0.421226,0.456991
1,B_Normal_Persist,B,False,False,135,15681371915371948885,0.996812,0.999182,0.998178,0.999706,0.195221,0.224818
1,B_Normal_Persist,B,False,False,136,15666729861472055559,0.999890,0.999984,0.999016,0.999686,0.108437,0.152000
1,B_Normal_Persist,B,False,False,137,12045711583351494080,0.997753,0.997162,0.999307,0.998647,0.103586,0.141997
1,B_Normal_Persist,B,False,False,138,8441109948472595053,0.965693,0.989510,0.991127,0.997272,0.636628,0.725333
1,B_Normal_Persist,B,False,False,139,8936694621317719802,0.999321,0.999999,0.997943,0.999873,0.187319,0.236977
1,B_Normal_Persist,B,False,False,140,1380316449398734579,0.999827,0.997138,0.997464,0.996617,0.089273,0.120527
1,B_Normal_Persist,B,False,False,141,11653250271535168030,0.996856,0.999419,0.997633,0.999416,0.283211,0.319707
1,B_Normal_Persist,B,False,False,142,12475194715811617923,0.999408,0.999631,0.994934,0.999308,0.565857,0.597977
1,B_Normal_Persist,B,False,False,143,2377952659690023483,0.951920,0.982918,0.979034,0.993732,1.153408,1.240642
1,B_Normal_Persist,B,False,False,144,18335836335481129076,0.992604,0.992982,0.996074,0.997372,0.155972,0.227535
1,B_Normal_Persist,B,False,False,145,15953386031463108685,0.992388,0.998692,0.997984,0.999495,0.158238,0.203768
1,B_Normal_Persist,B,False,False,146,14193495400830411927,0.999915,0.999429,0.996283,0.998457,0.173680,0.200485
1,B_Normal_Persist,B,False,False,147,4210870684009697630,0.996753,0.999077,0.995886,0.999516,0.604403,0.630048
1,B_Normal_Persist,B,False,False,148,15322327640306927231,0.996045,0.999839,0.998431,0.999704,0.161445,0.190227
1,B_Normal_Persist,B,False,False,149,133681388647960699,0.999722,0.999719,0.999677,0.999831,0.090301,0.118952
1,B_Normal_Persist,B,False,False,150,10378313285074138256,0.996414,0.998264,0.995223,0.998772,0.416780,0.429989
1,B_Normal_Persist,B,False,False,151,78057392193941719,0.999855,0.999100,0.996696,0.999266,0.241652,0.267461
1,B_Normal_Persist,B,False,False,152,7151959098558815538,0.999901,0.999510,0.996382,0.999805,0.460284,0.515770
1,B_Normal_Persist,B,False,False,153,12989162640594118764,0.982736,0.985938,0.990822,0.995181,0.299562,0.328975
1,B_Normal_Persist,B,False,False,154,15860378005482947617,0.999599,0.999219,0.999132,0.999004,0.061268,0.090126
1,B_Normal_Persist,B,False,False,155,2105786347864016047,0.999983,0.999972,0.990323,0.997926,0.824933,0.857406
1,B_Normal_Persist,B,False,False,156,15539835929577203410,0.999386,0.996447,0.999137,0.999319,0.203559,0.261555
1,B_Normal_Persist,B,False,False,157,17478586905913487919,0.999345,0.999186,0.998405,0.999177,0.190156,0.232866
1,B_Normal_Persist,B,False,False,158,14128363786563178427,0.979841,0.994587,0.995458,0.998926,0.358939,0.432645
1,B_Normal_Persist,B,False,False,159,11331144038387620811,0.999959,0.999272,0.994012,0.999725,0.767966,0.813699
1,B_Normal_Persist,B,False,False,160,11546274167225897256,0.980055,0.989379,0.994365,0.997362,0.214202,0.254700
1,B_Normal_Persist,B,False,False,161,2207208930010484027,0.999961,0.999276,0.996094,0.998018,0.178313,0.230203
1,B_Normal_Persist,B,False,False,162,15358599168184327956,0.999657,0.999978,0.998848,0.999387,0.150596,0.196406
1,B_Normal_Persist,B,False,False,163,14891353395481862159,0.997922,0.999068,0.996623,0.998902,0.196678,0.216958
1,B_Normal_Persist,B,False,False,164,11343040209370546467,0.998613,0.996683,0.995455,0.998785,0.433620,0.475794
1,B_Normal_Persist,B,False,False,165,10492776894401891108,0.974158,0.988582,0.988691,0.995673,0.501594,0.563914
1,B_Normal_Persist,B,False,False,166,5335731775999243618,0.999922,0.999785,0.998842,0.999726,0.171645,0.240079
1,B_Normal_Persist,B,False,False,167,16412778033216094178,0.999117,0.999978,0.999078,0.999863,0.103970,0.129533
1,B_Normal_Persist,B,False,False,168,15397132901636159841,0.979021,0.995320,0.994939,0.999034,0.398358,0.469244
1,B_Normal_Persist,B,False,False,169,11954328709820161740,0.991417,0.998547,0.997750,0.999718,0.245809,0.302675
1,B_Normal_Persist,B,False,False,170,14930406728768122359,0.967082,0.994144,0.993769,0.998540,0.553082,0.672641
1,B_Normal_Persist,B,False,False,171,13906826017707301940,0.999644,0.999966,0.999261,0.999858,0.117505,0.132622
1,B_Normal_Persist,B,False,False,172,10949841840202001692,0.998969,0.996465,0.996641,0.997166,0.107487,0.143996
1,B_Normal_Persist,B,False,False,173,5165459521838183505,0.999825,0.999967,0.999838,0.999942,0.056702,0.074896
1,B_Normal_Persist,B,False,False,174,10627700398552931968,0.988002,0.999068,0.997068,0.999863,0.473720,0.557863
1,B_Normal_Persist,B,False,False,175,432440417087934312,0.994689,0.994387,0.997665,0.998242,0.153372,0.190855
1,B_Normal_Persist,B,False,False,176,9987410909592447633,0.989091,0.999171,0.998385,0.999854,0.198133,0.264088
1,B_Normal_Persist,B,False,False,177,14825148587344457800,0.998399,0.999145,0.999661,0.999807,0.059814,0.077706
1,B_Normal_Persist,B,False,False,178,524693874610190648,0.999937,0.999521,0.994968,0.998646,0.430885,0.436311
1,B_Normal_Persist,B,False,False,179,3612631934442067703,0.996672,0.998279,0.999119,0.999680,0.081771,0.110792
1,B_Normal_Persist,B,False,False,180,16175856208716703982,0.999295,0.999326,0.998610,0.999824,0.310117,0.346645
1,B_Normal_Persist,B,False,False,181,6716894547162740849,0.988437,0.991161,0.989011,0.992612,0.168293,0.187103
1,B_Normal_Persist,B,False,False,182,16028096782125612327,0.973519,0.992298,0.997302,0.999325,0.152354,0.222121
1,B_Normal_Persist,B,False,False,183,13325118258691513789,0.999030,0.997961,0.996784,0.999011,0.192564,0.220760
1,B_Normal_Persist,B,False,False,184,3855314466555727551,0.999366,0.999837,0.996213,0.998275,0.184068,0.233040
1,B_Normal_Persist,B,False,False,185,10249159172205254023,0.994104,0.996862,0.995259,0.997594,0.172331,0.201740
1,B_Normal_Persist,B,False,False,186,15045478541626636879,0.997855,0.992935,0.990715,0.995311,0.249138,0.310735
1,B_Normal_Persist,B,False,False,187,12802922131823452065,0.996914,0.998676,0.993732,0.999335,0.742726,0.781772
1,B_Normal_Persist,B,False,False,188,9556054164071850278,0.998070,0.996163,0.993443,0.997885,0.365775,0.390222
1,B_Normal_Persist,B,False,False,189,10018168445177597013,0.992433,0.998316,0.994023,0.998849,0.491746,0.554407
1,B_Normal_Persist,B,False,False,190,17241882050854026966,0.999800,0.999969,0.999833,0.999649,0.074112,0.087481
1,B_Normal_Persist,B,False,False,191,15710595085429629242,0.960077,0.992556,0.993464,0.998639,0.494013,0.616865
1,B_Normal_Persist,B,False,False,192,9932705982849771649,0.987473,0.995177,0.994531,0.998918,0.404295,0.456994
1,B_Normal_Persist,B,False,False,193,3208785048879543723,0.999812,0.999937,0.994387,0.998241,0.263026,0.290458
1,B_Normal_Persist,B,False,False,194,11435836350167289060,0.996220,0.995949,0.996695,0.999308,0.881224,0.902714
1,B_Normal_Persist,B,False,False,195,12463318200132963926,0.996175,0.998834,0.998605,0.999698,0.268630,0.296608
1,B_Normal_Persist,B,False,False,196,16954982835729613666,0.999769,0.999875,0.999075,0.999592,0.179640,0.246439
1,B_Normal_Persist,B,False,False,197,2746150585068942496,0.999658,0.998096,0.995091,0.998745,0.425575,0.442647
1,B_Normal_Persist,B,False,False,198,5337059922202336471,0.999166,0.998921,0.998640,0.999825,0.339646,0.354694
1,B_Normal_Persist,B,False,False,199,17026609676272818510,0.989894,0.998273,0.991800,0.998794,0.810269,0.861998
1,B_Normal_Persist,B,False,False,200,9425651852175368619,0.999787,0.999180,0.998997,0.999670,0.250986,0.291574
1,B_Normal_Persist,B,False,False,201,17340360882980949872,0.995703,0.998966,0.992268,0.998929,0.709910,0.734945
1,B_Normal_Persist,B,False,False,202,17761168784054474227,0.999871,0.998164,0.993931,0.995926,0.135313,0.151821
1,B_Normal_Persist,B,False,False,203,17279035419295580433,0.989618,0.993243,0.990661,0.998040,0.755241,0.871120
1,B_Normal_Persist,B,False,False,204,17378904767694761686,0.996827,0.999443,0.998549,0.999851,0.168209,0.223964
1,B_Normal_Persist,B,False,False,205,724118667370327337,0.996012,0.997428,0.998115,0.999638,0.316508,0.351718
1,B_Normal_Persist,B,False,False,206,5269606301762049012,0.999954,0.998797,0.999421,0.999795,0.136377,0.179620
1,B_Normal_Persist,B,False,False,207,5323502297949418294,0.999349,0.999428,0.980789,0.996960,1.821543,1.851004
1,B_Normal_Persist,B,False,False,208,3684821078464418504,0.996692,0.999026,0.998972,0.999213,0.048602,0.086109
1,B_Normal_Persist,B,False,False,209,1152766069685759039,0.996154,0.994120,0.990266,0.994275,0.175352,0.219634
1,B_Normal_Persist,B,False,False,210,14343199269303982488,0.994682,0.995160,0.998892,0.998888,0.067806,0.074322
1,B_Normal_Persist,B,False,False,211,8306386398671307125,0.998933,0.999215,0.998225,0.997349,0.289060,0.338389
1,B_Normal_Persist,B,False,False,212,4600629923717341594,0.999570,0.995944,0.997339,0.997474,0.146163,0.171034
1,B_Normal_Persist,B,False,False,213,16463790405275652810,0.965583,0.992077,0.992087,0.998200,0.479637,0.602411
1,B_Normal_Persist,B,False,False,214,6103798795408352652,0.991700,0.999519,0.996643,0.999752,0.394397,0.483756
1,B_Normal_Persist,B,False,False,215,7361181581135958881,0.999865,0.999530,0.998345,0.999720,0.357491,0.368622
1,B_Normal_Persist,B,False,False,216,7290374536527526515,0.986174,0.995699,0.997929,0.998724,0.224438,0.275267
1,B_Normal_Persist,B,False,False,217,15911053022298307810,0.999776,0.999924,0.999853,0.999715,0.045066,0.070824
1,B_Normal_Persist,B,False,False,218,12885303374108463373,0.999762,0.999598,0.999240,0.999923,0.226134,0.248978
1,B_Normal_Persist,B,False,False,219,12373069765869662523,0.999982,0.999969,0.997475,0.999387,0.234728,0.269811
1,B_Normal_Persist,B,False,False,220,12987869163094574110,0.999778,0.998753,0.999555,0.999144,0.113741,0.134425
1,B_Normal_Persist,B,False,False,221,12877372025291076663,0.997845,0.998798,0.997704,0.999660,0.376323,0.463163
1,B_Normal_Persist,B,False,False,222,12148790499306524710,0.986029,0.991218,0.997561,0.997546,0.232614,0.256521
1,B_Normal_Persist,B,False,False,223,17497743962160155327,0.998075,0.998845,0.999329,0.999754,0.195300,0.231263
1,B_Normal_Persist,B,False,False,224,15422653988187157868,0.996187,0.998563,0.998829,0.999112,0.204055,0.222930
1,B_Normal_Persist,B,False,False,225,14100318302261445628,0.963795,0.975170,0.991404,0.992875,0.177032,0.216611
1,B_Normal_Persist,B,False,False,226,1510798581895279338,0.978355,0.988132,0.995659,0.997032,0.108875,0.137024
1,B_Normal_Persist,B,False,False,227,17995094323750625448,0.955988,0.977024,0.985356,0.991696,0.330748,0.416421
1,B_Normal_Persist,B,False,False,228,13324171572816010111,0.994067,0.997109,0.997105,0.998989,0.238365,0.285826
1,B_Normal_Persist,B,False,False,229,10692530232839051396,0.999993,0.999148,0.998859,0.998531,0.193346,0.235062
1,B_Normal_Persist,B,False,False,230,7127554683112529981,0.995430,0.998624,0.997689,0.999514,0.207046,0.210129
1,B_Normal_Persist,B,False,False,231,17790002265615003023,0.987044,0.996304,0.998387,0.998689,0.088457,0.148417
1,B_Normal_Persist,B,False,False,232,14570987091197039432,0.998713,0.999212,0.998030,0.999371,0.164472,0.181978
1,B_Normal_Persist,B,False,False,233,3069193805259102043,0.984736,0.991700,0.984382,0.996265,1.132371,1.172349
1,B_Normal_Persist,B,False,False,234,10870489055564306227,0.998446,0.999972,0.998279,0.999695,0.288941,0.337914
1,B_Normal_Persist,B,False,False,235,14035597499678613023,0.999900,0.998842,0.996094,0.999543,0.594801,0.631723
1,B_Normal_Persist,B,False,False,236,16038935155848335907,0.991200,0.998955,0.997688,0.999658,0.359938,0.445417
1,B_Normal_Persist,B,False,False,237,17643675245374459925,0.998118,0.999620,0.999310,0.999627,0.309354,0.356702
1,B_Normal_Persist,B,False,False,238,16617499298113217196,0.999044,0.999458,0.998523,0.998876,0.229478,0.270739
1,B_Normal_Persist,B,False,False,239,12028707142946028493,0.992317,0.994897,0.996282,0.998926,0.220286,0.285901
1,B_Normal_Persist,B,False,False,240,3471412012155140276,0.989891,0.994104,0.997552,0.999101,0.238179,0.275759
1,B_Normal_Persist,B,False,False,241,18252492382305224578,0.971261,0.986631,0.994394,0.996259,0.350844,0.391291
1,B_Normal_Persist,B,False,False,242,11039786922180612414,0.999562,0.999587,0.999243,0.999596,0.077043,0.105810
1,B_Normal_Persist,B,False,False,243,11911168110261578606,0.999995,0.999864,0.999699,0.999620,0.152007,0.182882
1,B_Normal_Persist,B,False,False,244,13017565759139673191,0.999845,0.999678,0.998531,0.999340,0.072159,0.098846
1,B_Normal_Persist,B,False,False,245,3830572353831234563,0.958964,0.992442,0.987810,0.998575,1.222395,1.345887
1,B_Normal_Persist,B,False,False,246,13635316860993093700,0.999468,0.999761,0.998610,0.999653,0.127455,0.178468
1,B_Normal_Persist,B,False,False,247,869612274540088076,0.999987,0.999999,0.998704,0.999594,0.217600,0.266861
1,B_Normal_Persist,B,False,False,248,3070748585404675868,0.996636,0.999633,0.999090,0.999910,0.177227,0.221812
1,B_Normal_Persist,B,False,False,249,16152612488706901291,0.999436,0.999837,0.993144,0.998976,0.482161,0.525052
1,B_Normal_Persist,B,False,False,250,6595626877198292027,0.991858,0.997403,0.997933,0.999285,0.157642,0.194918
1,B_Normal_Persist,B,False,False,251,10220829576519117296,0.999900,0.999933,0.997318,0.999714,0.294771,0.329005
1,B_Normal_Persist,B,False,False,252,9760901590564788219,0.984217,0.993774,0.994039,0.997637,0.190835,0.237123
1,B_Normal_Persist,B,False,False,253,13312072129025978692,0.963978,0.995236,0.989752,0.997977,0.884798,1.034675
1,B_Normal_Persist,B,False,False,254,4147081158850076496,0.994566,0.998934,0.998826,0.999407,0.152043,0.200285
1,B_Normal_Persist,B,False,False,255,8908918045571565510,0.996295,0.999634,0.998362,0.999856,0.192940,0.269750
1,B_Normal_Persist,B,False,False,256,9368945280517022283,0.999744,0.999646,0.988944,0.999059,1.201684,1.227509
1,B_Normal_Persist,B,False,False,257,9776383172719694208,0.997804,0.997415,0.997917,0.998208,0.041498,0.069899
1,B_Normal_Persist,B,False,False,258,17167843551100799366,0.958444,0.986421,0.990059,0.995869,0.435851,0.550445
1,B_Normal_Persist,B,False,False,259,13315649682397949920,0.992280,0.999254,0.992897,0.999324,0.677019,0.772583
1,B_Normal_Persist,B,False,False,260,7971163871915348999,0.999051,0.999250,0.991670,0.998855,0.715006,0.756620
1,B_Normal_Persist,B,False,False,261,2839405481488436913,0.994406,0.997805,0.998582,0.999291,0.108871,0.146250
1,B_Normal_Persist,B,False,False,262,7777982018756517357,0.999988,0.999749,0.999363,0.999515,0.161794,0.190725
1,B_Normal_Persist,B,False,False,263,10149529572317370425,0.999994,0.997761,0.999458,0.998903,0.146494,0.194672
1,B_Normal_Persist,B,False,False,264,3867472950797004476,0.995854,0.998693,0.998886,0.999682,0.097738,0.147897
1,B_Normal_Persist,B,False,False,265,12153415991846459325,0.990426,0.989468,0.996353,0.997750,0.103600,0.121659
1,B_Normal_Persist,B,False,False,266,15553499388867720241,0.995102,0.986518,0.990878,0.992164,0.197943,0.241485
1,B_Normal_Persist,B,False,False,267,10330781660936800773,0.999530,0.999975,0.999516,0.999537,0.083758,0.089691
1,B_Normal_Persist,B,False,False,268,11411307964589735941,0.998111,0.997020,0.999130,0.998222,0.173395,0.187340
1,B_Normal_Persist,B,False,False,269,4652231002005415390,0.993020,0.998087,0.990972,0.999308,1.596072,1.714085
1,B_Normal_Persist,B,False,False,270,8403370818019625521,0.997447,0.999999,0.999351,0.999532,0.208393,0.263666
1,B_Normal_Persist,B,False,False,271,15604751374551072862,0.997325,0.998910,0.998255,0.999825,0.243758,0.250933
1,B_Normal_Persist,B,False,False,272,11911657291272867038,0.999524,0.998917,0.982968,0.997511,1.293359,1.300979
1,B_Normal_Persist,B,False,False,273,1471475684120432116,0.999825,0.997858,0.999622,0.999272,0.178465,0.210999
1,B_Normal_Persist,B,False,False,274,9433779058058315732,0.996942,0.999496,0.999186,0.999475,0.212181,0.256713
1,B_Normal_Persist,B,False,False,275,18331031554336167142,0.999050,0.999566,0.998526,0.999578,0.071976,0.091123
1,B_Normal_Persist,B,False,False,276,6419180108972952423,0.999955,0.999005,0.999194,0.999222,0.072596,0.097943
1,B_Normal_Persist,B,False,False,277,3032921463763977871,0.992887,0.996870,0.996564,0.999049,0.257528,0.300305
1,B_Normal_Persist,B,False,False,278,8830414897258517725,0.986757,0.998209,0.998109,0.999709,0.276829,0.362554
1,B_Normal_Persist,B,False,False,279,1161672071469838978,0.999413,0.999997,0.998733,0.999796,0.210825,0.240802
1,B_Normal_Persist,B,False,False,280,1156986803069608050,0.995205,0.995430,0.993166,0.997021,0.199258,0.209006
1,B_Normal_Persist,B,False,False,281,2191726193359126421,0.992899,0.999971,0.996146,0.999670,0.535075,0.634425
1,B_Normal_Persist,B,False,False,282,5217341330021363886,0.995575,0.994998,0.984445,0.993278,0.684690,0.746319
1,B_Normal_Persist,B,False,False,283,14673465157797268033,0.999792,0.998866,0.999566,0.999579,0.096791,0.139525
1,B_Normal_Persist,B,False,False,284,6857298637187840487,0.976545,0.994978,0.996873,0.998744,0.334508,0.462294
1,B_Normal_Persist,B,False,False,285,4001720127057057564,0.995589,0.997959,0.996437,0.999335,0.238918,0.299160
1,B_Normal_Persist,B,False,False,286,2620632385720086243,0.999986,0.999859,0.995278,0.999351,0.443254,0.479728
1,B_Normal_Persist,B,False,False,287,11525592373832162820,0.999937,0.999888,0.997970,0.998620,0.087080,0.121299
1,B_Normal_Persist,B,False,False,288,15279765154888992863,0.966903,0.991820,0.992476,0.998153,0.659918,0.783717
1,B_Normal_Persist,B,False,False,289,9782894163028905439,0.995131,0.990840,0.998456,0.997622,0.203846,0.256438
1,B_Normal_Persist,B,False,False,290,15952144321893480400,0.997048,0.999207,0.996825,0.998459,0.112697,0.132355
1,B_Normal_Persist,B,False,False,291,14787231902265566738,0.998914,0.998951,0.989222,0.998468,1.250355,1.258851
1,B_Normal_Persist,B,False,False,292,17250138301959766467,0.997971,0.999994,0.996590,0.999658,0.407977,0.474563
1,B_Normal_Persist,B,False,False,293,13269948267091839578,0.999948,0.999852,0.995930,0.999735,0.659172,0.674225
1,B_Normal_Persist,B,False,False,294,12425948783712202970,0.999283,0.999732,0.999736,0.999873,0.076843,0.098013
1,B_Normal_Persist,B,False,False,295,3043152279056256698,0.999999,0.999954,0.995026,0.999724,0.814555,0.835307
1,B_Normal_Persist,B,False,False,296,7642577291421392543,0.984533,0.996293,0.997339,0.999253,0.332438,0.407948
1,B_Normal_Persist,B,False,False,297,3079457285824839156,0.987311,0.991980,0.994196,0.994779,0.095012,0.145141
1,B_Normal_Persist,B,False,False,298,8885252530929596970,0.999987,0.999817,0.994407,0.999889,0.804453,0.858616
1,B_Normal_Persist,B,False,False,299,2384157803118297547,0.999632,0.999971,0.998902,0.998803,0.473137,0.535852
1,B_Normal_Persist,B,False,False,300,6153050137751237631,0.997821,0.999979,0.998569,0.999642,0.424678,0.477875
1,B_Normal_Persist,B,False,False,301,11411499749592632367,0.999605,0.999801,0.998741,0.998810,0.117261,0.149236
1,B_Normal_Persist,B,False,False,302,9856858823911263133,0.998111,0.999879,0.998930,0.999907,0.219424,0.256415
1,B_Normal_Persist,B,False,False,303,3825122250271416192,0.999522,0.999952,0.997829,0.999837,0.231859,0.270683
1,B_Normal_Persist,B,False,False,304,13526372113878236013,0.995934,0.999477,0.996913,0.999511,0.319271,0.364212
1,B_Normal_Persist,B,False,False,305,3511946121303900242,0.990229,0.994418,0.993714,0.997394,0.264093,0.300626
1,B_Normal_Persist,B,False,False,306,7672161656340131082,0.973220,0.996147,0.989633,0.998965,1.011763,1.092141
1,B_Normal_Persist,B,False,False,307,10405229203381918489,0.996506,0.995127,0.988388,0.997849,1.155756,1.189871
1,B_Normal_Persist,B,False,False,308,2950929181406934159,0.998298,0.999961,0.996953,0.998646,0.128631,0.175202
1,B_Normal_Persist,B,False,False,309,14775346664980129982,0.996322,0.994530,0.997967,0.998105,0.143910,0.188287
1,B_Normal_Persist,B,False,False,310,1605763497754246546,0.990607,0.992921,0.998267,0.997727,0.353607,0.368529
1,B_Normal_Persist,B,False,False,311,16538114030900829369,0.999703,0.998876,0.997634,0.999329,0.278207,0.320693
1,B_Normal_Persist,B,False,False,312,8828276343530044743,0.991316,0.997451,0.998525,0.999583,0.184179,0.229894
1,B_Normal_Persist,B,False,False,313,5028845846448729539,0.997334,0.999575,0.997876,0.999764,0.305760,0.336651
1,B_Normal_Persist,B,False,False,314,15007208123763787728,0.999952,0.998621,0.997746,0.999444,0.268092,0.319189
1,B_Normal_Persist,B,False,False,315,15415298720017457917,0.967637,0.997534,0.992700,0.999676,0.966052,1.087588
1,B_Normal_Persist,B,False,False,316,93580501953519179,0.998302,0.999946,0.998407,0.999569,0.081897,0.137742
1,B_Normal_Persist,B,False,False,317,9029527855955616221,0.977067,0.997728,0.994157,0.998997,0.387776,0.474556
1,B_Normal_Persist,B,False,False,318,4312049941685138631,0.999450,0.999654,0.998503,0.999760,0.124638,0.156983
1,B_Normal_Persist,B,False,False,319,14340736694288461203,0.999993,0.999144,0.999580,0.999592,0.078843,0.121685
1,B_Normal_Persist,B,False,False,320,39594023425049010,0.996546,0.997537,0.998067,0.999110,0.163165,0.190534
1,B_Normal_Persist,B,False,False,321,11366404635329364066,0.999257,1.000000,0.996042,0.998609,0.155999,0.212817
1,B_Normal_Persist,B,False,False,322,12744987586701191374,0.998198,0.999484,0.999458,0.999346,0.122333,0.160129
1,B_Normal_Persist,B,False,False,323,16961779078889324289,0.999695,0.999828,0.989662,0.998648,0.813505,0.853077
1,B_Normal_Persist,B,False,False,324,5796553778124857234,0.999369,0.998967,0.995427,0.998961,0.356725,0.388774
1,B_Normal_Persist,B,False,False,325,5236648032520511598,0.971521,0.990366,0.993981,0.998311,0.355861,0.417458
1,B_Normal_Persist,B,False,False,326,706826706354689343,0.977907,0.983591,0.993694,0.995059,0.147695,0.208122
1,B_Normal_Persist,B,False,False,327,11519174776739034223,0.990332,0.998066,0.991289,0.999483,1.332015,1.361236
1,B_Normal_Persist,B,False,False,328,18313211621890974281,0.983507,0.991623,0.983999,0.995114,0.795729,0.825907
1,B_Normal_Persist,B,False,False,329,18261604285776237204,0.990783,0.993279,0.994772,0.996960,0.224924,0.239577
1,B_Normal_Persist,B,False,False,330,9418615614407771466,0.999391,0.999514,0.995844,0.999012,0.295434,0.343466
1,B_Normal_Persist,B,False,False,331,10463834029883219225,0.998326,0.999990,0.988978,0.998718,1.232963,1.263005
1,B_Normal_Persist,B,False,False,332,8559464615644747366,0.997338,0.998976,0.996592,0.998561,0.202121,0.238617
1,B_Normal_Persist,B,False,False,333,14838058537049605436,0.997126,0.998725,0.996791,0.998735,0.262332,0.295537
1,B_Normal_Persist,B,False,False,334,4495415140065867923,0.996824,0.998959,0.989840,0.998631,0.825385,0.865181
1,B_Normal_Persist,B,False,False,335,156409996775229142,0.998929,0.999898,0.998804,0.999767,0.191837,0.218153
1,B_Normal_Persist,B,False,False,336,12866958413171113896,0.997660,0.998174,0.999352,0.999264,0.211790,0.233695
1,B_Normal_Persist,B,False,False,337,10010827201062901961,0.999017,0.998390,0.999472,0.999636,0.113403,0.131200
1,B_Normal_Persist,B,False,False,338,8156351914698151035,0.996853,0.999002,0.997037,0.999355,0.337313,0.345358
1,B_Normal_Persist,B,False,False,339,14766393030349581628,0.998447,0.999163,0.995633,0.999841,0.751721,0.808195
1,B_Normal_Persist,B,False,False,340,8017177937890760293,0.999998,0.999973,0.999143,0.999745,0.179379,0.214728
1,B_Normal_Persist,B,False,False,341,11194118383774824924,0.973407,0.984523,0.988496,0.995084,0.611187,0.662914
1,B_Normal_Persist,B,False,False,342,11950169924611957002,0.999749,0.999118,0.996999,0.999801,0.634857,0.673797
1,B_Normal_Persist,B,False,False,343,14637288304774480743,0.999436,0.998144,0.999764,0.999690,0.116538,0.143369
1,B_Normal_Persist,B,False,False,344,11078252600774282463,0.999886,0.999588,0.994063,0.998419,0.585093,0.643076
1,B_Normal_Persist,B,False,False,345,1318068497859408476,0.999260,0.999958,0.998176,0.999802,0.268217,0.321413
1,B_Normal_Persist,B,False,False,346,9755733051964352700,0.999787,0.999317,0.996977,0.999085,0.137995,0.142972
1,B_Normal_Persist,B,False,False,347,13270794910985543843,0.979394,0.997006,0.991704,0.999093,0.897206,1.007121
1,B_Normal_Persist,B,False,False,348,103520429612165923,0.996742,0.999749,0.996202,0.998939,0.206717,0.268859
1,B_Normal_Persist,B,False,False,349,12939183908212811987,0.998889,0.998004,0.999432,0.999428,0.079667,0.097401
1,B_Normal_Persist,B,False,False,350,2127001730522039822,0.993881,0.999026,0.998689,0.999613,0.099120,0.148661
1,B_Normal_Persist,B,False,False,351,14025184750563136330,0.995477,0.998218,0.998103,0.999418,0.176725,0.195836
1,B_Normal_Persist,B,False,False,352,5573059434880344555,0.999716,0.998031,0.999315,0.999695,0.173600,0.201395
1,B_Normal_Persist,B,False,False,353,10977823970180070280,0.996374,0.999424,0.998631,0.999575,0.147152,0.193720
1,B_Normal_Persist,B,False,False,354,919694676306034825,0.995989,0.995439,0.998361,0.997878,0.087408,0.119659
1,B_Normal_Persist,B,False,False,355,10279194008209005421,0.984378,0.992227,0.989721,0.996287,0.565252,0.611695
1,B_Normal_Persist,B,False,False,356,2489418385218112177,0.996371,0.994879,0.995594,0.997768,0.201503,0.217785
1,B_Normal_Persist,B,False,False,357,9664321467705538449,0.999017,0.997782,0.999713,0.999675,0.071592,0.106089
1,B_Normal_Persist,B,False,False,358,11291054836507914431,0.996711,0.997639,0.998443,0.997935,0.153499,0.199147
1,B_Normal_Persist,B,False,False,359,7278067501798555891,0.999771,0.999672,0.996974,0.999189,0.495352,0.542318
1,B_Normal_Persist,B,False,False,360,14986476960503841660,0.997017,0.999621,0.998623,0.999280,0.112759,0.157629
1,B_Normal_Persist,B,False,False,361,10636553469860464460,0.993138,0.996462,0.992264,0.996698,0.242740,0.278858
1,B_Normal_Persist,B,False,False,362,2318493058922777288,0.995992,0.999669,0.997866,0.999836,0.265201,0.296497
1,B_Normal_Persist,B,False,False,363,3005433093939174651,0.986308,0.993582,0.994323,0.998333,0.406731,0.454746
1,B_Normal_Persist,B,False,False,364,12167553300980604091,0.996347,0.997447,0.996841,0.998674,0.166350,0.192698
1,B_Normal_Persist,B,False,False,365,10501164060039432033,0.999806,0.999874,0.998785,0.999583,0.076617,0.091992
1,B_Normal_Persist,B,False,False,366,207582618257029384,0.998199,0.999069,0.999590,0.999107,0.132249,0.170169
1,B_Normal_Persist,B,False,False,367,16882225415177205433,0.996293,0.997602,0.999187,0.998540,0.685693,0.718955
1,B_Normal_Persist,B,False,False,368,11439588958156249223,0.996699,0.998142,0.991407,0.997678,0.611046,0.655513
1,B_Normal_Persist,B,False,False,369,14136133342764848855,0.994125,0.999998,0.994999,0.999646,0.978289,1.065482
1,B_Normal_Persist,B,False,False,370,9298449787503085285,0.964156,0.992018,0.995481,0.999139,0.343510,0.444556
1,B_Normal_Persist,B,False,False,371,9599266665628369179,0.997072,0.994387,0.997964,0.998495,0.094975,0.125313
1,B_Normal_Persist,B,False,False,372,18192074875036466536,0.993838,0.990810,0.997205,0.997343,0.113295,0.153714
1,B_Normal_Persist,B,False,False,373,15512607933946446618,0.999991,0.999905,0.998306,0.999062,0.109301,0.131828
1,B_Normal_Persist,B,False,False,374,5045471450190971992,0.999909,0.999616,0.997199,0.999450,0.310948,0.346228
1,B_Normal_Persist,B,False,False,375,8688981950565581365,0.984289,0.996963,0.992342,0.998549,0.702320,0.778330
1,B_Normal_Persist,B,False,False,376,8064640871874125047,0.983717,0.984940,0.994094,0.995881,0.064358,0.089451
1,B_Normal_Persist,B,False,False,377,6455867674598095072,0.999941,0.999585,0.997797,0.999760,0.321608,0.353508
1,B_Normal_Persist,B,False,False,378,15624366810498977136,0.998911,0.994579,0.998526,0.997852,0.519555,0.572778
1,B_Normal_Persist,B,False,False,379,1099294724524254632,0.997370,0.999835,0.999504,0.999921,0.105163,0.154893
1,B_Normal_Persist,B,False,False,380,9357768365574401862,0.999926,0.999930,0.996198,0.999633,0.417857,0.446976
1,B_Normal_Persist,B,False,False,381,2587706881492674629,0.999454,0.999223,0.999076,0.999763,0.293748,0.349651
1,B_Normal_Persist,B,False,False,382,2242345098701688583,0.983629,0.993799,0.997044,0.998698,0.104416,0.145665
1,B_Normal_Persist,B,False,False,383,6000816687889015248,0.999567,0.997914,0.998815,0.998468,0.184023,0.244010
1,B_Normal_Persist,B,False,False,384,9963165036845510268,0.994818,0.999595,0.998311,0.999725,0.180732,0.234204
1,B_Normal_Persist,B,False,False,385,17944122411963302150,0.999023,0.999967,0.997119,0.999727,0.348015,0.371322
1,B_Normal_Persist,B,False,False,386,9147896115581971297,0.992451,0.998599,0.996789,0.999367,0.220686,0.273655
1,B_Normal_Persist,B,False,False,387,6185383078833287540,0.999997,0.999627,0.999555,0.999799,0.080586,0.092689
1,B_Normal_Persist,B,False,False,388,13796944804512929756,0.976043,0.996438,0.995576,0.999023,0.251208,0.345914
1,B_Normal_Persist,B,False,False,389,15862214170477847247,0.999925,0.999862,0.995230,0.999658,0.629597,0.666496
1,B_Normal_Persist,B,False,False,390,2771005492973464219,0.997977,0.999493,0.998776,0.999717,0.197257,0.249232
1,B_Normal_Persist,B,False,False,391,8229533499373185608,0.998151,0.998813,0.993866,0.998357,0.360426,0.387000
1,B_Normal_Persist,B,False,False,392,16559178835816022662,0.999746,0.999978,0.996234,0.999370,0.318224,0.357500
1,B_Normal_Persist,B,False,False,393,18377085237206967395,0.997162,0.997847,0.995087,0.998715,0.316693,0.378653
1,B_Normal_Persist,B,False,False,394,3349004173555344834,0.995329,0.999994,0.998468,0.999822,0.156572,0.217707
1,B_Normal_Persist,B,False,False,395,108517056488204823,0.996579,0.996399,0.988694,0.997762,1.081481,1.140361
1,B_Normal_Persist,B,False,False,396,9801111544866199612,0.988904,0.999333,0.998280,0.998915,0.365590,0.460344
1,B_Normal_Persist,B,False,False,397,4769506631686155265,0.999882,0.999759,0.998560,0.999625,0.137820,0.209126
1,B_Normal_Persist,B,False,False,398,16213923508820530361,0.999344,1.000000,0.996917,0.999511,0.280509,0.340299
1,B_Normal_Persist,B,False,False,399,13527073195831712087,0.984450,0.991252,0.997307,0.998581,0.090100,0.123260
1,B_Normal_Persist,B,False,False,400,13083090002279023411,0.994376,0.998755,0.996346,0.999386,0.423088,0.481703
1,B_Normal_Persist,B,False,False,401,1100037600492240727,0.999436,0.999273,0.998604,0.998926,0.062930,0.080609
1,B_Normal_Persist,B,False,False,402,5840346510637141543,0.998564,0.998355,0.998004,0.999046,0.120211,0.142357
1,B_Normal_Persist,B,False,False,403,974119155809567520,0.987564,0.990645,0.989508,0.995212,0.443908,0.455699
1,B_Normal_Persist,B,False,False,404,6835150526685454327,0.996488,0.998639,0.997844,0.999335,0.255945,0.309363
1,B_Normal_Persist,B,False,False,405,8161252937992139154,0.998937,0.999838,0.995067,0.997379,0.239771,0.278962
1,B_Normal_Persist,B,False,False,406,14242205105893213078,0.999999,0.999722,0.998583,0.999837,0.253677,0.287121
1,B_Normal_Persist,B,False,False,407,11462577869641517814,0.998827,0.999538,0.999423,0.998916,0.303712,0.334993
1,B_Normal_Persist,B,False,False,408,12433076528755302255,0.998990,0.999746,0.996895,0.999882,0.557672,0.599024
1,B_Normal_Persist,B,False,False,409,10272144692869716797,0.989758,0.994382,0.986997,0.997652,1.225988,1.263227
1,B_Normal_Persist,B,False,False,410,16313720303655124882,0.979628,0.991477,0.997114,0.998879,0.185513,0.247947
1,B_Normal_Persist,B,False,False,411,11514639392641099577,0.999995,0.999968,0.998662,0.999583,0.079761,0.114376
1,B_Normal_Persist,B,False,False,412,10586410279607031693,0.996472,0.996639,0.994884,0.996223,0.140199,0.167319
1,B_Normal_Persist,B,False,False,413,1530017008576319397,0.999993,0.998887,0.999310,0.998945,0.425135,0.468182
1,B_Normal_Persist,B,False,False,414,9377328205788369247,0.999915,0.999519,0.999695,0.999615,0.134570,0.168920
1,B_Normal_Persist,B,False,False,415,16041882585432622551,0.981407,0.995372,0.995218,0.998611,0.244159,0.305394
1,B_Normal_Persist,B,False,False,416,85702053843466767,0.998454,0.999997,0.998991,0.999728,0.111023,0.152110
1,B_Normal_Persist,B,False,False,417,5240266435014272103,0.996876,0.998405,0.994828,0.998467,0.340263,0.361209
1,B_Normal_Persist,B,False,False,418,18245489343167241114,0.996117,0.999962,0.998975,0.999933,0.307666,0.374758
1,B_Normal_Persist,B,False,False,419,15780820591731117758,0.987837,0.997178,0.998137,0.999299,0.148625,0.204543
1,B_Normal_Persist,B,False,False,420,10493693349367513537,0.994209,0.996170,0.998476,0.999086,0.110926,0.138824
1,B_Normal_Persist,B,False,False,421,2429509855244204231,0.998049,0.997542,0.995150,0.998756,0.286992,0.330791
1,B_Normal_Persist,B,False,False,422,3863483283613878450,0.991499,0.999806,0.996952,0.999034,0.326814,0.400590
1,B_Normal_Persist,B,False,False,423,16504340682792306182,0.999709,0.997171,0.998921,0.997847,0.270997,0.342153
1,B_Normal_Persist,B,False,False,424,7215610818212213940,0.963749,0.987525,0.984225,0.995941,1.002075,1.095028
1,B_Normal_Persist,B,False,False,425,17276281952437358252,0.999269,0.999791,0.999537,0.999229,0.171070,0.216049
1,B_Normal_Persist,B,False,False,426,12891122721718315671,0.999600,1.000000,0.998218,0.999270,0.199298,0.233079
1,B_Normal_Persist,B,False,False,427,12362067866034000802,0.997659,0.999999,0.996002,0.999687,0.441306,0.474201
1,B_Normal_Persist,B,False,False,428,7218943325470276469,0.999489,0.999961,0.998958,0.999767,0.222434,0.264015
1,B_Normal_Persist,B,False,False,429,16053579863270355149,0.983831,0.992440,0.991392,0.998022,0.512798,0.598243
1,B_Normal_Persist,B,False,False,430,4882025809375365244,0.998425,0.999045,0.997982,0.999325,0.171608,0.200872
1,B_Normal_Persist,B,False,False,431,10028121009786015027,0.971901,0.993131,0.996441,0.999047,0.293835,0.388760
1,B_Normal_Persist,B,False,False,432,16137695421578456611,0.983013,0.990251,0.989167,0.995145,0.348219,0.383644
1,B_Normal_Persist,B,False,False,433,8688832888032191414,0.994375,0.998918,0.996018,0.999224,0.325787,0.353952
1,B_Normal_Persist,B,False,False,434,12056304220134844651,0.999437,0.996555,0.998094,0.998841,0.149720,0.172301
1,B_Normal_Persist,B,False,False,435,9865285886741045036,0.968640,0.989712,0.986445,0.996656,1.046539,1.127133
1,B_Normal_Persist,B,False,False,436,16718272709667248465,0.994329,0.998400,0.992267,0.998920,0.744390,0.761436
1,B_Normal_Persist,B,False,False,437,921388653376637500,0.994205,0.997679,0.997875,0.999358,0.185182,0.227816
1,B_Normal_Persist,B,False,False,438,9352830792272525789,0.999989,0.999778,0.997706,0.999825,0.323948,0.371458
1,B_Normal_Persist,B,False,False,439,15346362279718061531,0.963810,0.985466,0.992168,0.996728,0.428633,0.479541
1,B_Normal_Persist,B,False,False,440,12757925640521184561,0.990529,0.999988,0.997316,0.999613,0.845360,0.948538
1,B_Normal_Persist,B,False,False,441,14586483405265565807,0.997593,0.998620,0.998288,0.999622,0.359115,0.358459
1,B_Normal_Persist,B,False,False,442,14513685403006667995,0.994119,0.997705,0.993683,0.997526,0.350878,0.389991
1,B_Normal_Persist,B,False,False,443,3824872327196169317,0.999816,0.999667,0.998927,0.999839,0.175220,0.201679
1,B_Normal_Persist,B,False,False,444,8455537771132828667,0.991125,0.996698,0.995746,0.998973,0.357985,0.403085
1,B_Normal_Persist,B,False,False,445,12275464797299003374,0.996670,0.999713,0.998823,0.999785,0.362413,0.381380
1,B_Normal_Persist,B,False,False,446,2251787546049654338,0.999654,0.996268,0.998467,0.998904,0.143190,0.184373
1,B_Normal_Persist,B,False,False,447,8650719769494606275,0.983818,0.991180,0.998251,0.998834,0.097658,0.146167
1,B_Normal_Persist,B,False,False,448,7197248208749448438,0.997888,0.999992,0.994348,0.999934,0.957753,1.008123
1,B_Normal_Persist,B,False,False,449,686320721954181806,0.988797,0.994103,0.995519,0.998325,0.213838,0.286232
1,B_Normal_Persist,B,False,False,450,940167720152151510,0.999998,0.999339,0.998979,0.999694,0.138122,0.170373
1,B_Normal_Persist,B,False,False,451,18378934461539772366,0.998610,0.999973,0.999706,0.999881,0.130229,0.171063
1,B_Normal_Persist,B,False,False,452,17015930505699375118,0.996298,0.998276,0.997151,0.999055,0.142048,0.176278
1,B_Normal_Persist,B,False,False,453,7427926150820841752,0.970967,0.994536,0.991793,0.998480,0.709306,0.846698
1,B_Normal_Persist,B,False,False,454,2031396730074113418,0.981043,0.991030,0.993736,0.997687,0.298680,0.349160
1,B_Normal_Persist,B,False,False,455,16858303135549994658,0.999778,0.999998,0.999338,0.999909,0.122904,0.200049
1,B_Normal_Persist,B,False,False,456,1481759329644170921,0.999895,0.999710,0.999451,0.999875,0.127352,0.155598
1,B_Normal_Persist,B,False,False,457,148836991363458580,0.999669,0.999891,0.992898,0.998740,0.505930,0.562335
1,B_Normal_Persist,B,False,False,458,17430429297922657152,0.999473,0.999717,0.999351,0.999406,0.403367,0.442721
1,B_Normal_Persist,B,False,False,459,1543348351427901054,0.997817,0.999885,0.996388,0.999896,0.672739,0.730013
1,B_Normal_Persist,B,False,False,460,15354407057914194062,0.978684,0.993597,0.992063,0.998751,0.713462,0.761693
1,B_Normal_Persist,B,False,False,461,7832259379476782260,0.989132,0.998072,0.989327,0.999474,1.513983,1.581468
1,B_Normal_Persist,B,False,False,462,3950017035954620734,0.998689,0.999820,0.998611,0.999884,0.294996,0.320766
1,B_Normal_Persist,B,False,False,463,7390507755284492801,0.984085,0.995715,0.996223,0.997957,0.280978,0.343905
1,B_Normal_Persist,B,False,False,464,6961727034068834863,0.998694,0.999171,0.999238,0.999866,0.126342,0.144143
1,B_Normal_Persist,B,False,False,465,10150063923754142316,0.990497,0.996371,0.995654,0.998518,0.214609,0.256151
1,B_Normal_Persist,B,False,False,466,12187907567879233755,0.999929,0.998106,0.990573,0.997499,0.668222,0.686077
1,B_Normal_Persist,B,False,False,467,144453968787330531,0.995038,0.997090,0.998675,0.999130,0.102329,0.143604
1,B_Normal_Persist,B,False,False,468,1186135119813328111,0.991907,0.995582,0.991658,0.996506,0.340542,0.369218
1,B_Normal_Persist,B,False,False,469,15583611074085825139,0.967875,0.993352,0.992046,0.997740,0.732201,0.855475
1,B_Normal_Persist,B,False,False,470,10351754797534319263,0.997647,0.999584,0.997892,0.999556,0.174653,0.201738
1,B_Normal_Persist,B,False,False,471,7565422182924599472,0.981076,0.994471,0.992535,0.998182,0.528572,0.576596
1,B_Normal_Persist,B,False,False,472,5420406335469171078,0.990392,0.993326,0.987867,0.996649,0.705215,0.717427
1,B_Normal_Persist,B,False,False,473,10257260550087237937,0.999960,0.999083,0.997639,0.997571,0.178195,0.229906
1,B_Normal_Persist,B,False,False,474,2474164254317553396,0.988937,0.999006,0.996342,0.999729,0.481761,0.558972
1,B_Normal_Persist,B,False,False,475,14944845314373386949,0.994580,0.998501,0.996854,0.999381,0.168579,0.217010
1,B_Normal_Persist,B,False,False,476,14088357576586078,0.993514,0.996428,0.995568,0.998058,0.231860,0.266186
1,B_Normal_Persist,B,False,False,477,14597301157474707528,0.999067,0.998922,0.997597,0.998434,0.071287,0.105617
1,B_Normal_Persist,B,False,False,478,10936170509181271734,0.999792,0.996965,0.999277,0.999343,0.320586,0.355750
1,B_Normal_Persist,B,False,False,479,3225304095661373036,0.973827,0.991483,0.989093,0.996205,0.594529,0.649930
1,B_Normal_Persist,B,False,False,480,4124225380472402852,0.999614,0.999734,0.998840,0.999823,0.196117,0.234967
1,B_Normal_Persist,B,False,False,481,5286869369517926396,0.994353,0.998173,0.996549,0.998877,0.179172,0.219675
1,B_Normal_Persist,B,False,False,482,15304241140229164820,0.998364,0.999846,0.996165,0.998840,0.188366,0.233468
1,B_Normal_Persist,B,False,False,483,17536338525120156998,0.999990,0.999996,0.994464,0.998758,0.417602,0.449485
1,B_Normal_Persist,B,False,False,484,5946093591811147233,0.999246,0.999994,0.999696,0.999712,0.168253,0.183026
1,B_Normal_Persist,B,False,False,485,385779219343512164,0.999477,0.998446,0.997970,0.998866,0.130668,0.140237
1,B_Normal_Persist,B,False,False,486,2208549362390480470,0.990203,0.997312,0.997725,0.999000,0.131550,0.168277
1,B_Normal_Persist,B,False,False,487,18213966730237433156,0.998527,0.998157,0.998080,0.998737,0.112081,0.120554
1,B_Normal_Persist,B,False,False,488,3728844861669447488,0.983609,0.995924,0.994555,0.998714,0.489660,0.550327
1,B_Normal_Persist,B,False,False,489,15996410062070488895,0.999870,0.999717,0.999394,0.999401,0.224841,0.262220
1,B_Normal_Persist,B,False,False,490,3953512082300937422,0.994202,0.999906,0.999320,0.998981,0.177141,0.249926
1,B_Normal_Persist,B,False,False,491,13492927326157428832,0.998245,0.997665,0.997623,0.998885,0.190076,0.196474
1,B_Normal_Persist,B,False,False,492,7572993807320637159,0.995333,0.999647,0.998586,0.999862,0.215643,0.256899
1,B_Normal_Persist,B,False,False,493,15218862291689230824,0.999408,0.999578,0.999516,0.999880,0.107394,0.126095
1,B_Normal_Persist,B,False,False,494,14590159643902627534,0.978091,0.993760,0.995286,0.998385,0.220459,0.282733
1,B_Normal_Persist,B,False,False,495,7982840809189943147,0.999943,0.999920,0.999294,0.999631,0.217441,0.227299
1,B_Normal_Persist,B,False,False,496,1954919542653164706,0.999635,0.999926,0.999596,0.999502,0.115198,0.139632
1,B_Normal_Persist,B,False,False,497,2380778608957183307,0.992911,0.996101,0.994253,0.999027,0.541786,0.549727
1,B_Normal_Persist,B,False,False,498,4384468446261443083,0.990370,0.998557,0.994636,0.999424,0.520047,0.568290
1,B_Normal_Persist,B,False,False,499,8342730905311553429,0.985898,0.993585,0.990992,0.996499,0.350276,0.395913
1,B_Normal_Persist,B,False,False,500,5961947633938310076,0.994888,0.999999,0.998690,0.999827,0.256294,0.330429
1,B_Normal_Persist,B,False,False,501,16419020858921586820,0.994130,0.999040,0.995285,0.998883,0.365119,0.451662
1,B_Normal_Persist,B,False,False,502,16937615607817719620,0.998645,0.999243,0.994871,0.998380,0.256902,0.323033
1,B_Normal_Persist,B,False,False,503,2479316855434697692,0.991984,0.998056,0.997298,0.999123,0.150247,0.183470
1,B_Normal_Persist,B,False,False,504,16812855594324664252,0.980128,0.994266,0.992202,0.996943,0.527212,0.646581
1,B_Normal_Persist,B,False,False,505,8867920279366672511,0.999384,0.999989,0.997774,0.999783,0.214252,0.254584
1,B_Normal_Persist,B,False,False,506,11335115814896740506,0.998358,0.999618,0.996798,0.999541,0.278071,0.292096
1,B_Normal_Persist,B,False,False,507,5078618840478561465,0.996178,0.998280,0.998691,0.999745,0.199232,0.221867
1,B_Normal_Persist,B,False,False,508,14080284914085944629,0.999826,0.998690,0.999360,0.999741,0.167371,0.225266
1,B_Normal_Persist,B,False,False,509,18013067416277921932,0.995435,0.999434,0.998102,0.999799,0.263757,0.304819
1,B_Normal_Persist,B,False,False,510,14194685502531674225,0.979722,0.996979,0.996457,0.999365,0.245918,0.342588
1,B_Normal_Persist,B,False,False,511,9184845816307782260,0.999421,0.999985,0.998637,0.999512,0.269198,0.285061
1,B_Normal_Persist,B,False,False,512,12145646268185771199,0.982264,0.989095,0.988856,0.994315,0.221439,0.263151
1,B_Normal_Persist,B,False,False,513,15574716559379818924,0.999875,0.999933,0.999656,0.999610,0.125699,0.150012
1,B_Normal_Persist,B,False,False,514,17045017956761300345,0.999935,1.000000,0.998457,0.999126,0.066913,0.084560
1,B_Normal_Persist,B,False,False,515,9802818793072524584,0.999244,0.999928,0.999393,0.999854,0.090109,0.109321
1,B_Normal_Persist,B,False,False,516,17628202939184517974,0.992190,0.999536,0.995592,0.999719,0.486819,0.554717
1,B_Normal_Persist,B,False,False,517,16491577789108087695,0.990298,0.994975,0.991166,0.997996,0.635759,0.682411
1,B_Normal_Persist,B,False,False,518,15361272028005561973,0.970924,0.983659,0.989434,0.996784,0.691706,0.751031
1,B_Normal_Persist,B,False,False,519,15761640620118093829,0.998014,0.995405,0.996248,0.998891,0.284655,0.338194
1,B_Normal_Persist,B,False,False,520,3053240764591342822,0.985544,0.997539,0.997257,0.999497,0.310451,0.408061
1,B_Normal_Persist,B,False,False,521,845449253658946016,0.999151,0.999992,0.997802,0.999871,0.425447,0.457965
1,B_Normal_Persist,B,False,False,522,9790921897418397687,0.997996,0.999304,0.997582,0.999043,0.226475,0.302441
1,B_Normal_Persist,B,False,False,523,9422438916678803915,0.997080,0.996572,0.997769,0.997962,0.089502,0.130642
1,B_Normal_Persist,B,False,False,524,16006797324157296901,0.972793,0.996107,0.996372,0.999377,0.402129,0.481940
1,B_Normal_Persist,B,False,False,525,2218830790710296574,0.993591,0.998134,0.991299,0.999224,1.280941,1.336761
1,B_Normal_Persist,B,False,False,526,16758638430405010899,0.999801,0.999463,0.997972,0.998310,0.069014,0.110160
1,B_Normal_Persist,B,False,False,527,1051017976516502230,0.996274,0.999302,0.997636,0.999537,0.187016,0.243744
1,B_Normal_Persist,B,False,False,528,4026288805388144757,0.999561,0.999586,0.999665,0.999891,0.078322,0.114745
1,B_Normal_Persist,B,False,False,529,5420608703359196208,0.995172,0.999426,0.997261,0.999811,0.322917,0.379079
1,B_Normal_Persist,B,False,False,530,6235922794223610148,0.999508,0.999536,0.997830,0.999472,0.186210,0.218848
1,B_Normal_Persist,B,False,False,531,5103501316795724607,0.971447,0.991548,0.996987,0.998533,0.120265,0.193958
1,B_Normal_Persist,B,False,False,532,7677881905686692432,0.999941,0.998537,0.997360,0.999570,0.625781,0.656800
1,B_Normal_Persist,B,False,False,533,11963487237649617375,0.992885,0.998386,0.996563,0.999160,0.330806,0.375336
1,B_Normal_Persist,B,False,False,534,1489485388017228468,0.998177,0.995729,0.997898,0.999375,0.172702,0.202551
1,B_Normal_Persist,B,False,False,535,13324579757699716733,0.986630,0.996831,0.996955,0.999525,0.298024,0.367134
1,B_Normal_Persist,B,False,False,536,9459392033689942118,0.998875,0.997369,0.996059,0.997967,0.223019,0.240438
1,B_Normal_Persist,B,False,False,537,8196578234817827021,0.990697,0.999549,0.998040,0.999783,0.205253,0.294669
1,B_Normal_Persist,B,False,False,538,16163131940317190793,0.998017,0.998193,0.997984,0.999760,0.665644,0.696026
1,B_Normal_Persist,B,False,False,539,3027518700522897349,0.973232,0.988065,0.988377,0.995882,0.481252,0.535807
1,B_Normal_Persist,B,False,False,540,17719296247023989461,0.992457,0.999065,0.996128,0.999690,0.591357,0.659139
1,B_Normal_Persist,B,False,False,541,9190074423857082532,0.998984,0.999986,0.996685,0.999761,0.703642,0.750964
1,B_Normal_Persist,B,False,False,542,15144184847459302175,0.998493,0.999050,0.991020,0.998225,0.633013,0.664269
1,B_Normal_Persist,B,False,False,543,9104371699014652739,0.997016,0.999694,0.997700,0.999730,0.291282,0.339432
1,B_Normal_Persist,B,False,False,544,14739539706225548623,0.999765,0.999716,0.998187,0.999717,0.203039,0.232327
1,B_Normal_Persist,B,False,False,545,2323579910155451809,0.991388,0.990869,0.983251,0.992995,0.567981,0.582789
1,B_Normal_Persist,B,False,False,546,1653564097446888920,0.999545,0.999985,0.999399,0.999811,0.067426,0.111622
1,B_Normal_Persist,B,False,False,547,13225916342232409015,0.997996,0.997162,0.999361,0.999541,0.097283,0.113911
1,B_Normal_Persist,B,False,False,548,793155467342035858,0.998440,0.999997,0.997197,0.999821,0.431402,0.468803
1,B_Normal_Persist,B,False,False,549,10636054363936595386,0.998955,0.999830,0.997461,0.999693,0.221775,0.289316
1,B_Normal_Persist,B,False,False,550,2245090810137458983,0.998212,0.999949,0.995855,0.999380,0.256158,0.289764
1,B_Normal_Persist,B,False,False,551,2840188781617247234,0.999769,0.999977,0.999266,0.999741,0.146363,0.189597
1,B_Normal_Persist,B,False,False,552,4594491971706269357,0.987631,0.991545,0.995225,0.997216,0.183931,0.224015
1,B_Normal_Persist,B,False,False,553,8943055627251850972,0.991294,0.995518,0.993957,0.998809,0.371176,0.409591
1,B_Normal_Persist,B,False,False,554,17587294378499517101,0.984501,0.995522,0.997964,0.999277,0.111558,0.151321
1,B_Normal_Persist,B,False,False,555,17966954323494061336,0.999985,0.999993,0.998635,0.999544,0.186189,0.242240
1,B_Normal_Persist,B,False,False,556,12220719165797917922,0.997855,0.999527,0.997166,0.999350,0.311568,0.342070
1,B_Normal_Persist,B,False,False,557,18367094912486469368,0.999994,0.999603,0.999145,0.999760,0.086248,0.133804
1,B_Normal_Persist,B,False,False,558,8894556775872029718,0.993894,0.991967,0.991554,0.994348,0.328264,0.358779
1,B_Normal_Persist,B,False,False,559,16528537221875911075,0.962708,0.994958,0.995090,0.998929,0.371539,0.504521
1,B_Normal_Persist,B,False,False,560,5786485414077397103,0.997382,0.995686,0.995956,0.997516,0.131439,0.184800
1,B_Normal_Persist,B,False,False,561,4503199786287622314,0.999790,0.999975,0.998242,0.999351,0.190261,0.228812
1,B_Normal_Persist,B,False,False,562,2194333796625051455,0.988677,0.996140,0.996984,0.998847,0.165219,0.200703
1,B_Normal_Persist,B,False,False,563,15301801633970341707,0.998346,0.999767,0.996383,0.999677,0.529709,0.592974
1,B_Normal_Persist,B,False,False,564,883145982139887674,0.996439,0.998622,0.996698,0.999262,0.218734,0.262161
1,B_Normal_Persist,B,False,False,565,6573712344370395975,0.999999,0.999985,0.998078,0.999331,0.131998,0.156258
1,B_Normal_Persist,B,False,False,566,13344073215535391327,0.999844,0.999322,0.996605,0.999101,0.256134,0.299098
1,B_Normal_Persist,B,False,False,567,3229740530972603633,0.999699,0.999248,0.997796,0.998989,0.132801,0.168876
1,B_Normal_Persist,B,False,False,568,5906176588025765392,0.994151,0.997722,0.998398,0.998954,0.099851,0.133996
1,B_Normal_Persist,B,False,False,569,8895590284616706979,0.996859,0.999899,0.998349,0.999575,0.158641,0.207072
1,B_Normal_Persist,B,False,False,570,9729811115902454032,0.999883,0.999983,0.999098,0.999489,0.120919,0.163282
1,B_Normal_Persist,B,False,False,571,7019958802138526380,0.999999,0.999156,0.998375,0.999677,0.284877,0.327898
1,B_Normal_Persist,B,False,False,572,16013087003133752833,0.999874,0.999773,0.997909,0.999392,0.261193,0.300718
1,B_Normal_Persist,B,False,False,573,16573864949213493159,0.998865,0.999671,0.997001,0.999158,0.196689,0.228223
1,B_Normal_Persist,B,False,False,574,10420675286060130653,0.999999,0.999410,0.998852,0.999504,0.278438,0.326276
1,B_Normal_Persist,B,False,False,575,1827445379080564844,0.997268,0.999570,0.993942,0.999382,1.112514,1.160835
1,B_Normal_Persist,B,False,False,576,8760941290567821892,0.989786,0.997579,0.997122,0.998808,0.201975,0.269228
1,B_Normal_Persist,B,False,False,577,7969456091562187064,0.990004,0.997189,0.998260,0.997533,0.251479,0.314385
1,B_Normal_Persist,B,False,False,578,4778977150202970129,0.999511,0.999700,0.994022,0.998351,0.330545,0.353874
1,B_Normal_Persist,B,False,False,579,10991137794209108345,0.968261,0.988321,0.990295,0.996886,0.589552,0.676830
1,B_Normal_Persist,B,False,False,580,13241549996852105824,0.969209,0.988413,0.993930,0.997070,0.294592,0.400010
1,B_Normal_Persist,B,False,False,581,18134901903393008850,0.998786,0.999111,0.997791,0.999467,0.211344,0.238775
1,B_Normal_Persist,B,False,False,582,13978990775618587088,0.999783,1.000000,0.998908,0.999611,0.468568,0.486647
1,B_Normal_Persist,B,False,False,583,8542118698038222453,0.995090,0.999014,0.997639,0.999615,0.234184,0.282051
1,B_Normal_Persist,B,False,False,584,2635165712532099237,0.997624,0.999950,0.998653,0.999539,0.382064,0.432043
1,B_Normal_Persist,B,False,False,585,4010200211320338363,0.999032,0.997011,0.996162,0.999259,0.296200,0.324369
1,B_Normal_Persist,B,False,False,586,13611760439138263850,0.999938,0.996039,0.996512,0.997331,0.206878,0.271262
1,B_Normal_Persist,B,False,False,587,6927587991365718177,0.999286,0.999343,0.995855,0.999807,0.717450,0.746755
1,B_Normal_Persist,B,False,False,588,6999659787788056327,0.999180,0.999482,0.996052,0.999490,0.712818,0.714489
1,B_Normal_Persist,B,False,False,589,10626408014056113923,0.988992,0.992985,0.997659,0.998097,0.087172,0.122182
1,B_Normal_Persist,B,False,False,590,3912068013846592534,0.986261,0.995458,0.994136,0.997660,0.188090,0.247138
1,B_Normal_Persist,B,False,False,591,9596738453345407713,0.995417,1.000000,0.998897,0.999628,0.211953,0.286114
1,B_Normal_Persist,B,False,False,592,4918604169470747843,0.999091,0.998422,0.998896,0.999001,0.079156,0.097993
1,B_Normal_Persist,B,False,False,593,15304690839370724978,0.980161,0.992316,0.995523,0.997650,0.177734,0.239979
1,B_Normal_Persist,B,False,False,594,4918488110317663082,0.992842,0.996433,0.997366,0.999344,0.192229,0.232550
1,B_Normal_Persist,B,False,False,595,8895377882474512956,0.967475,0.992616,0.986809,0.997643,1.213675,1.332727
1,B_Normal_Persist,B,False,False,596,11383845656626928153,0.998137,0.998439,0.994706,0.997763,0.308159,0.341056
1,B_Normal_Persist,B,False,False,597,16096656266348102063,0.999596,0.999270,0.998351,0.999360,0.284492,0.339623
1,B_Normal_Persist,B,False,False,598,6318352086853479545,0.995705,0.999983,0.997872,0.999479,0.216995,0.280634
1,B_Normal_Persist,B,False,False,599,12031774380360274880,0.999130,0.999420,0.998266,0.999171,0.116826,0.139228
1,B_Normal_Persist,B,False,False,600,4546407183435541360,0.999238,0.999959,0.998577,0.999467,0.655792,0.682919
1,B_Normal_Persist,B,False,False,601,3484142202547242670,0.994305,0.997482,0.987948,0.996864,0.666810,0.685292
1,B_Normal_Persist,B,False,False,602,14784278000355158775,0.983686,0.994135,0.998598,0.998805,0.229347,0.273524
1,B_Normal_Persist,B,False,False,603,16048487373706685437,0.995830,0.999356,0.997043,0.999720,0.436796,0.471672
1,B_Normal_Persist,B,False,False,604,17234734898273704630,0.998458,0.998060,0.999370,0.999547,0.070074,0.107921
1,B_Normal_Persist,B,False,False,605,8736112538084167448,0.999057,0.998298,0.998194,0.999294,0.281404,0.357080
1,B_Normal_Persist,B,False,False,606,17915265178964958118,0.993413,0.996841,0.997508,0.998125,0.089358,0.134003
1,B_Normal_Persist,B,False,False,607,15092980208862364766,0.999843,0.999855,0.998180,0.999681,0.254930,0.298984
1,B_Normal_Persist,B,False,False,608,13650796946062968709,0.999937,0.999741,0.995704,0.998218,0.169141,0.234944
1,B_Normal_Persist,B,False,False,609,16859164767738039449,0.999990,0.999534,0.989556,0.999355,1.475811,1.479923
1,B_Normal_Persist,B,False,False,610,13698171250364359391,0.996504,0.999769,0.999118,0.999877,0.117544,0.177206
1,B_Normal_Persist,B,False,False,611,13275744977649546796,0.999999,0.998964,0.999401,0.999334,0.167186,0.218171
1,B_Normal_Persist,B,False,False,612,10604472461908601515,0.996691,0.994304,0.997227,0.995430,0.085694,0.137153
1,B_Normal_Persist,B,False,False,613,16812733561762471636,0.995026,0.997464,0.995753,0.998106,0.168169,0.218533
1,B_Normal_Persist,B,False,False,614,16095520001237536524,0.977625,0.981130,0.991929,0.993318,0.107553,0.144451
1,B_Normal_Persist,B,False,False,615,15195621168149297110,0.998278,0.998719,0.997718,0.999836,0.340769,0.389006
1,B_Normal_Persist,B,False,False,616,9090247247486154347,0.999857,0.999926,0.997630,0.999616,0.149068,0.190277
1,B_Normal_Persist,B,False,False,617,8482072422104771769,0.999777,0.999169,0.992447,0.998898,0.851796,0.888936
1,B_Normal_Persist,B,False,False,618,12247672433685737720,0.979899,0.996287,0.988337,0.998089,0.846487,0.917419
1,B_Normal_Persist,B,False,False,619,7529009727451643525,0.999557,0.998500,0.997678,0.999342,0.189858,0.216876
1,B_Normal_Persist,B,False,False,620,4751008318558179057,0.979346,0.991196,0.994417,0.997690,0.283119,0.324209
1,B_Normal_Persist,B,False,False,621,686234969351137616,0.999204,1.000000,0.999175,0.999680,0.135655,0.169626
1,B_Normal_Persist,B,False,False,622,15732563868595040440,0.998842,0.999927,0.999267,0.999696,0.103151,0.154875
1,B_Normal_Persist,B,False,False,623,15011295391086815886,0.996572,0.999996,0.998969,0.998871,0.180356,0.251783
1,B_Normal_Persist,B,False,False,624,12922575883465602276,0.999709,0.998756,0.989079,0.997244,0.861582,0.885559
1,B_Normal_Persist,B,False,False,625,10409805343415377020,0.994998,0.994846,0.994094,0.996693,0.132663,0.151652
1,B_Normal_Persist,B,False,False,626,10485813417202181174,0.999992,0.999046,0.999372,0.999663,0.151351,0.173168
1,B_Normal_Persist,B,False,False,627,13136279945912287108,0.999678,0.999427,0.991998,0.998428,0.738961,0.744911
1,B_Normal_Persist,B,False,False,628,10002347000706541714,0.997169,0.999727,0.998832,0.999883,0.156472,0.183646
1,B_Normal_Persist,B,False,False,629,12263167539484224520,0.988013,0.997655,0.994303,0.999430,1.048015,1.113023
1,B_Normal_Persist,B,False,False,630,8529268291345516805,0.995132,0.999970,0.995298,0.999262,0.380616,0.457444
1,B_Normal_Persist,B,False,False,631,13999465591667137545,0.991970,0.996776,0.991086,0.998213,0.604400,0.635901
1,B_Normal_Persist,B,False,False,632,6833989731906495398,0.999864,0.999970,0.996305,0.999440,0.330820,0.355796
1,B_Normal_Persist,B,False,False,633,4572915059779040414,0.994074,0.999573,0.995684,0.999826,0.731109,0.785589
1,B_Normal_Persist,B,False,False,634,14858801204772629882,0.999913,0.998900,0.998525,0.999274,0.148514,0.189063
1,B_Normal_Persist,B,False,False,635,12576381057934651632,0.995802,0.999639,0.997025,0.999761,0.561279,0.608108
1,B_Normal_Persist,B,False,False,636,6560508877360219216,0.970699,0.990346,0.993076,0.998279,0.548068,0.655584
1,B_Normal_Persist,B,False,False,637,4557962823798830293,0.995820,0.994932,0.999448,0.998919,0.290139,0.319767
1,B_Normal_Persist,B,False,False,638,10192722519264900855,0.999684,0.999952,0.998594,0.999815,0.225352,0.263391
1,B_Normal_Persist,B,False,False,639,3108981950077811805,0.998765,0.997184,0.998856,0.999067,0.077075,0.105342
1,B_Normal_Persist,B,False,False,640,2687448268479549680,0.993848,0.995941,0.994126,0.998699,0.576894,0.610278
1,B_Normal_Persist,B,False,False,641,13013486712878209447,0.995248,0.999274,0.991484,0.999166,0.896619,0.949731
1,B_Normal_Persist,B,False,False,642,18176888460108007407,0.999945,0.997500,0.996761,0.998849,0.480539,0.513317
1,B_Normal_Persist,B,False,False,643,4676763989068180497,0.999680,0.999692,0.997313,0.999695,0.366076,0.399549
1,B_Normal_Persist,B,False,False,644,6094621877121221524,0.999903,0.997424,0.998164,0.998265,0.084234,0.141517
1,B_Normal_Persist,B,False,False,645,9221726303877643127,0.999063,0.999663,0.994880,0.998993,0.293959,0.329672
1,B_Normal_Persist,B,False,False,646,5491795901648695533,0.988480,0.989277,0.989352,0.994893,0.208683,0.251606
1,B_Normal_Persist,B,False,False,647,771064632606729133,0.999008,0.999612,0.990091,0.997804,0.694603,0.747479
1,B_Normal_Persist,B,False,False,648,5906634132004402759,0.992683,0.995663,0.993239,0.998260,0.400508,0.443008
1,B_Normal_Persist,B,False,False,649,13449177412484541905,0.994512,0.997026,0.997644,0.999060,0.138320,0.170165
1,B_Normal_Persist,B,False,False,650,13986761608957348082,0.995903,0.994756,0.991638,0.996084,0.319293,0.357811
1,B_Normal_Persist,B,False,False,651,17124631650035789874,0.998299,0.998599,0.998313,0.999787,0.198938,0.233135
1,B_Normal_Persist,B,False,False,652,289515341071530482,0.986670,0.999011,0.996472,0.999831,0.615403,0.721012
1,B_Normal_Persist,B,False,False,653,15686657946165946807,0.985879,0.995402,0.996476,0.999372,0.242433,0.302385
1,B_Normal_Persist,B,False,False,654,18192581132725114947,0.995820,0.999768,0.998878,0.999711,0.138006,0.182009
1,B_Normal_Persist,B,False,False,655,1073631216786342752,0.982017,0.986123,0.986966,0.993680,0.504059,0.529278
1,B_Normal_Persist,B,False,False,656,2201549138038783059,0.999861,0.999999,0.999069,0.999685,0.304687,0.333831
1,B_Normal_Persist,B,False,False,657,3703297257930562070,0.968552,0.983630,0.994480,0.995717,0.281631,0.317558
1,B_Normal_Persist,B,False,False,658,18114919475644475897,0.997190,0.998556,0.999162,0.999671,0.117218,0.152060
1,B_Normal_Persist,B,False,False,659,16685617724777194598,0.990257,0.998358,0.995907,0.998595,0.192227,0.262712
1,B_Normal_Persist,B,False,False,660,8087977062346604744,0.971129,0.993533,0.984865,0.998517,1.836182,1.946149
1,B_Normal_Persist,B,False,False,661,7848772078112067810,0.999244,0.999479,0.997126,0.999137,0.312863,0.340908
1,B_Normal_Persist,B,False,False,662,6126222418248061550,0.998496,0.996123,0.995710,0.997329,0.218595,0.257024
1,B_Normal_Persist,B,False,False,663,7543282890898862112,0.999295,0.999868,0.998254,0.999691,0.413658,0.458708
1,B_Normal_Persist,B,False,False,664,11814212055698089325,0.999973,0.999864,0.997857,0.999555,0.213965,0.260646
1,B_Normal_Persist,B,False,False,665,11587721148824198160,0.998341,0.999806,0.999257,0.999739,0.067818,0.121660
1,B_Normal_Persist,B,False,False,666,14951608711519264699,0.998301,0.999792,0.997500,0.999586,0.262203,0.309038
1,B_Normal_Persist,B,False,False,667,8629793689027679185,0.997827,0.999444,0.998957,0.999792,0.201395,0.283821
1,B_Normal_Persist,B,False,False,668,1762462791375382502,0.993995,0.993065,0.997258,0.999382,0.284716,0.320875
1,B_Normal_Persist,B,False,False,669,5072291610046612853,0.997207,0.998336,0.998033,0.999191,0.188006,0.235527
1,B_Normal_Persist,B,False,False,670,9124309467183625121,0.997305,0.999858,0.997130,0.999740,0.293759,0.309164
1,B_Normal_Persist,B,False,False,671,1736968353663668918,0.997484,0.998517,0.996469,0.998590,0.243087,0.283457
1,B_Normal_Persist,B,False,False,672,7225847231367555197,0.997441,0.998481,0.995447,0.998215,0.384956,0.400806
1,B_Normal_Persist,B,False,False,673,5036210256127582482,0.999999,0.999940,0.996614,0.999537,0.685793,0.752197
1,B_Normal_Persist,B,False,False,674,8282181976499636396,0.999976,0.999913,0.999668,0.998535,0.244582,0.255588
1,B_Normal_Persist,B,False,False,675,10616914181304288676,0.997052,0.998449,0.996643,0.999374,0.222694,0.307953
1,B_Normal_Persist,B,False,False,676,16192758631523735851,0.993917,0.994223,0.996994,0.998753,0.209824,0.240748
1,B_Normal_Persist,B,False,False,677,13832471589038836774,0.999851,0.999905,0.998953,0.999779,0.386206,0.409075
1,B_Normal_Persist,B,False,False,678,9591355980976301875,0.999253,0.999956,0.998317,0.999650,0.210365,0.247889
1,B_Normal_Persist,B,False,False,679,6065083225078760053,0.999791,0.999502,0.998736,0.999377,0.176501,0.236346
1,B_Normal_Persist,B,False,False,680,12349230312448537949,0.993303,0.998757,0.997379,0.999547,0.216972,0.279457
1,B_Normal_Persist,B,False,False,681,16913805222329069499,0.999910,0.999881,0.998423,0.999812,0.463147,0.487548
1,B_Normal_Persist,B,False,False,682,10396499839996666494,0.999742,0.999359,0.998879,0.999600,0.134808,0.165501
1,B_Normal_Persist,B,False,False,683,9305819342936522988,0.999998,0.998897,0.999081,0.999579,0.475451,0.517470
1,B_Normal_Persist,B,False,False,684,1290356680991577169,0.978747,0.998087,0.997575,0.999522,0.254764,0.349717
1,B_Normal_Persist,B,False,False,685,6576189917136930988,0.994221,0.997769,0.998982,0.998523,0.123504,0.158274
1,B_Normal_Persist,B,False,False,686,780722625008169857,1.000000,0.998652,0.998869,0.999241,0.146214,0.162468
1,B_Normal_Persist,B,False,False,687,5731931145519288456,0.999306,0.999970,0.996461,0.999819,0.528839,0.556993
1,B_Normal_Persist,B,False,False,688,12001656384682643863,0.999395,1.000000,0.995263,0.997996,0.222871,0.278743
1,B_Normal_Persist,B,False,False,689,3279304299669869589,0.998840,0.997824,0.999256,0.999612,0.246966,0.263273
1,B_Normal_Persist,B,False,False,690,13903437491157688794,0.987684,0.998338,0.994838,0.998972,0.487428,0.568100
1,B_Normal_Persist,B,False,False,691,1604013914724745810,0.991541,0.993965,0.986600,0.995490,0.802339,0.818293
1,B_Normal_Persist,B,False,False,692,13932944869318114093,0.985578,0.995244,0.989580,0.997879,0.771507,0.819795
1,B_Normal_Persist,B,False,False,693,13365920043279103849,0.998237,0.998776,0.996662,0.999050,0.266388,0.299371
1,B_Normal_Persist,B,False,False,694,10284686634254202797,0.999894,0.999370,0.999290,0.999710,0.246014,0.271621
1,B_Normal_Persist,B,False,False,695,14239871296240629112,0.990387,0.994953,0.990100,0.997380,0.601638,0.629896
1,B_Normal_Persist,B,False,False,696,13990117550419798898,0.999905,0.999902,0.998993,0.998739,0.105004,0.161393
1,B_Normal_Persist,B,False,False,697,12015737920190690656,0.990835,0.993887,0.996540,0.998663,0.255839,0.274528
1,B_Normal_Persist,B,False,False,698,6224415002258133978,0.996991,0.998426,0.985158,0.996394,0.918880,0.942807
1,B_Normal_Persist,B,False,False,699,17701843605354127155,0.996046,0.995620,0.997561,0.998853,0.186094,0.198871
1,B_Normal_Persist,B,False,False,700,1016286562652781508,0.999396,0.999712,0.999660,0.999529,0.051396,0.093301
1,B_Normal_Persist,B,False,False,701,4025061620848866662,0.998215,0.997635,0.994352,0.998739,0.431102,0.461245
1,B_Normal_Persist,B,False,False,702,13708516373149671539,0.999999,0.999470,0.999264,0.999729,0.133166,0.166657
1,B_Normal_Persist,B,False,False,703,16279012193482191744,0.998396,0.998974,0.997593,0.999619,0.361294,0.400872
1,B_Normal_Persist,B,False,False,704,6903505096742096349,0.999317,0.999752,0.996670,0.998694,0.221075,0.251369
1,B_Normal_Persist,B,False,False,705,10924761620396851377,0.999994,0.999702,0.999011,0.999815,0.182696,0.209169
1,B_Normal_Persist,B,False,False,706,1625315426067541334,0.992152,0.996947,0.994597,0.999291,0.538936,0.578074
1,B_Normal_Persist,B,False,False,707,9671655087310566388,0.997262,0.997117,0.997886,0.998432,0.124327,0.142053
1,B_Normal_Persist,B,False,False,708,8441548830840766976,0.992654,0.997261,0.998649,0.999431,0.090668,0.120441
1,B_Normal_Persist,B,False,False,709,5034623530293058909,0.998733,0.997913,0.996382,0.998883,0.276712,0.291529
1,B_Normal_Persist,B,False,False,710,15810171591131604117,0.995886,0.997914,0.995694,0.998475,0.220337,0.232825
1,B_Normal_Persist,B,False,False,711,10698016937069788787,0.984583,0.985245,0.985847,0.991805,0.410815,0.437763
1,B_Normal_Persist,B,False,False,712,18057025570547397149,0.997907,0.998313,0.996785,0.999654,0.530542,0.541790
1,B_Normal_Persist,B,False,False,713,10215869915753610432,0.999388,0.995345,0.990701,0.995084,0.222204,0.263979
1,B_Normal_Persist,B,False,False,714,3219813059059909584,0.975527,0.993136,0.993635,0.998179,0.481169,0.539713
1,B_Normal_Persist,B,False,False,715,12350005568932472873,0.994253,0.994212,0.997770,0.997930,0.034702,0.063881
1,B_Normal_Persist,B,False,False,716,17745181269585785105,0.999995,0.999253,0.995785,0.999244,0.840502,0.904887
1,B_Normal_Persist,B,False,False,717,13862183710479512900,0.963237,0.997147,0.989921,0.998890,1.059956,1.249599
1,B_Normal_Persist,B,False,False,718,14760283281446639047,0.999887,0.997069,0.996271,0.999123,0.802145,0.873291
1,B_Normal_Persist,B,False,False,719,7989620462928111864,0.980128,0.985475,0.992752,0.995440,0.187448,0.233447
1,B_Normal_Persist,B,False,False,720,5511054688390142214,0.999793,0.999924,0.999121,0.999775,0.086376,0.116693
1,B_Normal_Persist,B,False,False,721,4917416666758575828,0.999359,1.000000,0.999161,0.999711,0.090740,0.114560
1,B_Normal_Persist,B,False,False,722,14146059802192620947,0.996853,0.995552,0.994489,0.995753,0.198918,0.229749
1,B_Normal_Persist,B,False,False,723,12833836534260151620,0.992401,0.997829,0.990793,0.999147,1.163788,1.214036
1,B_Normal_Persist,B,False,False,724,12899928272976353826,0.999559,0.999829,0.999188,0.999714,0.181066,0.236319
1,B_Normal_Persist,B,False,False,725,13316803593104867593,0.988878,0.999212,0.998120,0.999821,0.213821,0.266073
1,B_Normal_Persist,B,False,False,726,14771690870018499287,0.990813,0.995451,0.994982,0.997648,0.302478,0.350336
1,B_Normal_Persist,B,False,False,727,1538177811249183167,0.996214,0.998847,0.998165,0.999429,0.102444,0.136564
1,B_Normal_Persist,B,False,False,728,2593871441675779585,0.992466,0.999014,0.985870,0.999330,2.149921,2.197485
1,B_Normal_Persist,B,False,False,729,8226904008923821238,0.998006,0.999563,0.998976,0.999470,0.274181,0.297980
1,B_Normal_Persist,B,False,False,730,17249535902726117873,0.999739,0.999768,0.998985,0.999827,0.181260,0.227066
1,B_Normal_Persist,B,False,False,731,9382940085518508102,0.997039,0.999882,0.996941,0.999425,0.626408,0.671179
1,B_Normal_Persist,B,False,False,732,12428930654699309306,0.997229,1.000000,0.997352,0.999783,0.282161,0.307416
1,B_Normal_Persist,B,False,False,733,6540897874138605692,0.993483,0.998808,0.996571,0.999560,0.364484,0.433815
1,B_Normal_Persist,B,False,False,734,587374338954385995,0.997485,0.992867,0.998608,0.997711,0.154874,0.182492
1,B_Normal_Persist,B,False,False,735,16201445112530213189,0.999997,0.998560,0.995606,0.997517,0.286662,0.323115
1,B_Normal_Persist,B,False,False,736,10294304600941383975,0.985717,0.993206,0.992209,0.997031,0.238421,0.262176
1,B_Normal_Persist,B,False,False,737,10925726683509586552,0.999862,0.999856,0.998317,0.999878,0.237255,0.297942
1,B_Normal_Persist,B,False,False,738,1873510444519162873,0.995845,0.998112,0.997731,0.998702,0.179815,0.209461
1,B_Normal_Persist,B,False,False,739,16806937530783747860,0.998107,0.999590,0.998031,0.999712,0.234092,0.260419
1,B_Normal_Persist,B,False,False,740,12260422157726705702,0.998235,0.999723,0.998578,0.999866,0.187814,0.221613
1,B_Normal_Persist,B,False,False,741,16706738392224219920,0.996689,0.999991,0.998746,0.999839,0.210196,0.265852
1,B_Normal_Persist,B,False,False,742,6742577868295154087,0.986325,0.991593,0.993944,0.997645,0.277185,0.312615
1,B_Normal_Persist,B,False,False,743,10337788219325558749,1.000000,0.998172,0.999651,0.999271,0.272208,0.309557
1,B_Normal_Persist,B,False,False,744,16475146133197272813,0.995465,0.999469,0.998419,0.998969,0.140895,0.172728
1,B_Normal_Persist,B,False,False,745,17587500978833892588,0.998995,0.998762,0.996369,0.999686,0.597003,0.624495
1,B_Normal_Persist,B,False,False,746,7972809632834759077,0.996953,0.998808,0.999159,0.999619,0.070761,0.108346
1,B_Normal_Persist,B,False,False,747,18231115376668404074,0.982403,0.996017,0.989234,0.997670,0.926665,0.993245
1,B_Normal_Persist,B,False,False,748,14967018552342924968,0.995891,0.999745,0.997978,0.999913,0.314860,0.350462
1,B_Normal_Persist,B,False,False,749,810740365361978764,0.996220,0.998256,0.994146,0.998866,0.691086,0.706420
1,B_Normal_Persist,B,False,False,750,5291226399924550736,0.999622,0.998360,0.994983,0.998062,0.185941,0.224384
1,B_Normal_Persist,B,False,False,751,16811647659663063200,0.998134,0.998873,0.998090,0.999137,0.149134,0.161875
1,B_Normal_Persist,B,False,False,752,4472568759352037473,0.995876,0.998368,0.998725,0.999445,0.090127,0.110751
1,B_Normal_Persist,B,False,False,753,16380856209189171215,0.997378,0.998912,0.997751,0.999450,0.191410,0.243631
1,B_Normal_Persist,B,False,False,754,11974147133406374188,0.999047,0.999625,0.996612,0.999218,0.259932,0.272791
1,B_Normal_Persist,B,False,False,755,18198486887924340508,0.982923,0.992320,0.992568,0.995956,0.304983,0.366693
1,B_Normal_Persist,B,False,False,756,5559362773592286712,1.000000,0.998663,0.998965,0.998826,0.070175,0.105772
1,B_Normal_Persist,B,False,False,757,9270625595207347480,0.997880,0.997399,0.999296,0.999192,0.192586,0.222029
1,B_Normal_Persist,B,False,False,758,15595037257287689005,0.997566,0.997918,0.998986,0.999149,0.086298,0.102934
1,B_Normal_Persist,B,False,False,759,13638830086806704011,0.989355,0.994799,0.979400,0.994811,1.238073,1.249397
1,B_Normal_Persist,B,False,False,760,7576784377880107544,0.997352,0.999909,0.998470,0.999727,0.425750,0.438736
1,B_Normal_Persist,B,False,False,761,6491879198280735779,0.990349,0.994697,0.994011,0.996798,0.269036,0.328397
1,B_Normal_Persist,B,False,False,762,2864985257972255830,0.975628,0.991900,0.993532,0.997201,0.340177,0.415417
1,B_Normal_Persist,B,False,False,763,8073278829421116997,0.996304,0.999964,0.997170,0.998966,0.283779,0.342806
1,B_Normal_Persist,B,False,False,764,3480158793685061271,0.997005,0.999979,0.994713,0.999421,0.598308,0.653022
1,B_Normal_Persist,B,False,False,765,7791277382784451542,0.996366,0.998802,0.996267,0.998610,0.254868,0.291996
1,B_Normal_Persist,B,False,False,766,5001678669245250230,0.986611,0.995210,0.996678,0.999251,0.513575,0.559211
1,B_Normal_Persist,B,False,False,767,6872228063519231008,0.986203,0.996777,0.992363,0.999122,0.821454,0.902791
1,B_Normal_Persist,B,False,False,768,15364636828870422419,0.990215,0.999659,0.997106,0.999800,0.405533,0.491317
1,B_Normal_Persist,B,False,False,769,18002801527916753004,0.996706,0.999138,0.999571,0.999806,0.147789,0.174802
1,B_Normal_Persist,B,False,False,770,14750416953434411864,0.984708,0.999240,0.997048,0.999753,0.358061,0.478810
1,B_Normal_Persist,B,False,False,771,4456115387222451082,0.999847,0.999923,0.998502,0.999846,0.308226,0.342775
1,B_Normal_Persist,B,False,False,772,1870361032968635396,0.994794,0.998193,0.995735,0.999195,0.419939,0.448555
1,B_Normal_Persist,B,False,False,773,2264486358805094765,0.999988,0.999969,0.999584,0.999893,0.144495,0.180110
1,B_Normal_Persist,B,False,False,774,3327777684415531502,0.999158,1.000000,0.999346,0.999575,0.074431,0.101743
1,B_Normal_Persist,B,False,False,775,16921784335711573526,0.998663,1.000000,0.997370,0.999524,0.204232,0.249781
1,B_Normal_Persist,B,False,False,776,2385118942930967076,0.995897,0.997072,0.996132,0.998644,0.263110,0.290374
1,B_Normal_Persist,B,False,False,777,11489153764739953250,0.993799,0.999817,0.992846,0.998862,0.561987,0.619188
1,B_Normal_Persist,B,False,False,778,16989898423900436369,0.974002,0.985986,0.992687,0.996874,0.422361,0.476574
1,B_Normal_Persist,B,False,False,779,4601465701039934396,0.970696,0.984140,0.991559,0.993649,0.256790,0.307334
1,B_Normal_Persist,B,False,False,780,10397765673595797791,0.999994,0.999950,0.998059,0.999771,0.191464,0.230333
1,B_Normal_Persist,B,False,False,781,4037092777365892456,0.998077,0.999381,0.998830,0.999852,0.164707,0.218425
1,B_Normal_Persist,B,False,False,782,11563891473177620783,0.969485,0.992529,0.984502,0.997288,1.315969,1.429352
1,B_Normal_Persist,B,False,False,783,16132487856137775271,0.995147,0.998823,0.995998,0.998779,0.398374,0.435990
1,B_Normal_Persist,B,False,False,784,2669515660696791075,0.986618,0.994988,0.993527,0.999012,0.802858,0.872984
1,B_Normal_Persist,B,False,False,785,8774224054467650736,0.990151,0.995804,0.998718,0.998720,0.083230,0.114602
1,B_Normal_Persist,B,False,False,786,1866686602589499382,0.991695,0.998986,0.998553,0.999422,0.142170,0.213052
1,B_Normal_Persist,B,False,False,787,16732972893239283881,0.994121,0.999789,0.997723,0.999698,0.427714,0.487328
1,B_Normal_Persist,B,False,False,788,10048066121231392227,0.999999,0.999946,0.999207,0.999630,0.165525,0.191990
1,B_Normal_Persist,B,False,False,789,4984996374682726215,0.973360,0.989675,0.989874,0.997689,0.905723,0.961348
1,B_Normal_Persist,B,False,False,790,1360673545024503840,0.987560,0.998356,0.994488,0.999191,0.451986,0.516497
1,B_Normal_Persist,B,False,False,791,18053897042178713441,0.999852,0.999563,0.992848,0.999116,0.721586,0.743690
1,B_Normal_Persist,B,False,False,792,18386397300127567926,0.998072,0.999163,0.994454,0.998685,0.438024,0.470882
1,B_Normal_Persist,B,False,False,793,11662558187383653172,0.992849,0.998684,0.995541,0.999246,0.462607,0.527773
1,B_Normal_Persist,B,False,False,794,12218774753090955721,0.955038,0.984791,0.989409,0.996225,0.760621,0.892402
1,B_Normal_Persist,B,False,False,795,8705661233747915475,0.992793,0.998908,0.997584,0.999793,0.314200,0.377366
1,B_Normal_Persist,B,False,False,796,16814712638692957954,0.987053,0.991335,0.991626,0.996787,0.461478,0.468963
1,B_Normal_Persist,B,False,False,797,8786515771193546026,0.997914,0.999724,0.998613,0.999836,0.189814,0.218859
1,B_Normal_Persist,B,False,False,798,11126860395452662894,0.998283,0.996427,0.991789,0.996029,0.320068,0.341718
1,B_Normal_Persist,B,False,False,799,11854071429229264649,0.974409,0.998432,0.994699,0.999290,1.117426,1.255081
1,B_Normal_Persist,B,False,False,800,1233713591083472729,0.997035,0.997947,0.990574,0.997437,0.552805,0.604346
1,B_Normal_Persist,B,False,False,801,10697092950122577112,0.989601,0.997561,0.997099,0.999555,0.392096,0.447538
1,B_Normal_Persist,B,False,False,802,6576062817769753671,0.977865,0.989124,0.995396,0.996961,0.214838,0.274852
1,B_Normal_Persist,B,False,False,803,17969192896357473488,0.995546,0.999754,0.997889,0.999635,0.188671,0.240608
1,B_Normal_Persist,B,False,False,804,855636177704383182,0.998783,0.999480,0.999492,0.999181,0.100343,0.114251
1,B_Normal_Persist,B,False,False,805,7222217668043708221,0.998538,0.999726,0.991660,0.999058,0.707471,0.757767
1,B_Normal_Persist,B,False,False,806,500002953409097179,0.975817,0.984886,0.992946,0.995998,0.177929,0.203388
1,B_Normal_Persist,B,False,False,807,12212795703968199782,0.948125,0.980468,0.989111,0.994476,0.323077,0.389562
1,B_Normal_Persist,B,False,False,808,2408265639898424602,0.999403,0.999949,0.999201,0.999664,0.320028,0.350266
1,B_Normal_Persist,B,False,False,809,14993167743282141104,0.991171,0.996974,0.995893,0.998553,0.370966,0.440076
1,B_Normal_Persist,B,False,False,810,14747480235779361313,0.999773,0.999772,0.998339,0.998831,0.087048,0.111839
1,B_Normal_Persist,B,False,False,811,17990695901686538870,0.995224,0.999676,0.995263,0.999156,0.611291,0.721321
1,B_Normal_Persist,B,False,False,812,3408486160262624596,0.992405,0.992762,0.989088,0.994547,0.259633,0.290226
1,B_Normal_Persist,B,False,False,813,9876480306079913891,0.997742,0.999923,0.999201,0.999936,0.186956,0.242625
1,B_Normal_Persist,B,False,False,814,858708850437585073,0.989673,0.997384,0.996760,0.999389,0.214780,0.258660
1,B_Normal_Persist,B,False,False,815,9347987801196274531,0.990340,0.995143,0.994008,0.996796,0.226895,0.257371
1,B_Normal_Persist,B,False,False,816,4987399826206981032,0.999889,0.999592,0.997127,0.998498,0.158510,0.182463
1,B_Normal_Persist,B,False,False,817,2450492177294182253,0.999452,0.999971,0.998675,0.999519,0.118297,0.144327
1,B_Normal_Persist,B,False,False,818,2453516998364856511,0.990422,0.993012,0.996154,0.996572,0.149864,0.207759
1,B_Normal_Persist,B,False,False,819,439883163299361390,0.979258,0.988031,0.994715,0.996596,0.139955,0.191751
1,B_Normal_Persist,B,False,False,820,12501544292585238179,0.986228,0.997994,0.989134,0.996893,0.735554,0.832604
1,B_Normal_Persist,B,False,False,821,1593594023890736445,0.997928,0.998479,0.989372,0.996960,0.632142,0.666442
1,B_Normal_Persist,B,False,False,822,2507725075872852015,0.999581,0.999896,0.997131,0.999559,0.274155,0.320739
1,B_Normal_Persist,B,False,False,823,11025803195744435248,0.999709,0.998148,0.984349,0.993796,0.720283,0.766168
1,B_Normal_Persist,B,False,False,824,14507798645932992893,0.995885,0.999052,0.997614,0.999481,0.179270,0.215239
1,B_Normal_Persist,B,False,False,825,6861400191329962827,0.983326,0.998360,0.995738,0.999529,0.492994,0.583530
1,B_Normal_Persist,B,False,False,826,17451099667115093564,0.992432,0.998407,0.988849,0.997376,0.594672,0.667021
1,B_Normal_Persist,B,False,False,827,171115539575175585,0.996481,0.996334,0.997312,0.997965,0.085483,0.103063
1,B_Normal_Persist,B,False,False,828,3797397675625349202,0.993622,0.999108,0.998459,0.999763,0.104389,0.144723
1,B_Normal_Persist,B,False,False,829,2427518488632564859,0.995595,0.999570,0.998834,0.999691,0.139543,0.198669
1,B_Normal_Persist,B,False,False,830,3445930301323103808,0.999478,0.999571,0.999262,0.999611,0.146318,0.179742
1,B_Normal_Persist,B,False,False,831,18214289298135727087,0.997708,0.998280,0.998921,0.999680,0.154465,0.185529
1,B_Normal_Persist,B,False,False,832,11765130786123446705,0.986885,0.996714,0.988130,0.996217,0.532226,0.582418
1,B_Normal_Persist,B,False,False,833,16581338062995395709,0.999882,0.996062,0.999583,0.998925,0.432357,0.477286
1,B_Normal_Persist,B,False,False,834,9697063681554804565,0.997588,0.999976,0.999124,0.999721,0.118101,0.179911
1,B_Normal_Persist,B,False,False,835,2446321394684813276,0.995891,0.999447,0.996058,0.999407,0.362877,0.414490
1,B_Normal_Persist,B,False,False,836,7019717334182673525,0.997214,0.999108,0.992558,0.999186,0.606069,0.641864
1,B_Normal_Persist,B,False,False,837,13657925382331069204,0.994937,0.999019,0.997635,0.999740,0.397789,0.441194
1,B_Normal_Persist,B,False,False,838,7556060162680365317,0.987415,0.994950,0.998133,0.997434,0.195109,0.249777
1,B_Normal_Persist,B,False,False,839,18291448610248907110,0.996795,0.999842,0.997418,0.999783,0.380964,0.412176
1,B_Normal_Persist,B,False,False,840,15258191230861688572,0.989900,0.997677,0.989173,0.998850,1.140606,1.192532
1,B_Normal_Persist,B,False,False,841,3048776771883631629,0.995167,0.998743,0.997725,0.999363,0.205918,0.228839
1,B_Normal_Persist,B,False,False,842,13165071859902780474,0.999887,0.999990,0.997319,0.999696,0.399939,0.444653
1,B_Normal_Persist,B,False,False,843,14323175908926276188,0.998157,0.999537,0.999375,0.999808,0.101956,0.132227
1,B_Normal_Persist,B,False,False,844,10185181770574492513,0.999705,0.999903,0.991745,0.999398,1.053638,1.056958
1,B_Normal_Persist,B,False,False,845,10269194710378935157,0.998566,0.995778,0.997670,0.998359,0.250530,0.305146
1,B_Normal_Persist,B,False,False,846,5441754268537611192,0.999983,0.999352,0.994163,0.997214,0.211282,0.247891
1,B_Normal_Persist,B,False,False,847,12643189543276639884,0.994078,0.999277,0.995746,0.999411,0.456744,0.501747
1,B_Normal_Persist,B,False,False,848,9929135887405895119,0.999983,0.998274,0.999162,0.998696,0.494288,0.534608
1,B_Normal_Persist,B,False,False,849,14980425560183901593,0.998948,0.999735,0.991876,0.999075,0.986372,1.007753
1,B_Normal_Persist,B,False,False,850,18098972291742937505,0.996726,0.998875,0.997531,0.998793,0.106007,0.139606
1,B_Normal_Persist,B,False,False,851,8302720596302619319,0.993322,0.997344,0.997341,0.998614,0.103656,0.148806
1,B_Normal_Persist,B,False,False,852,11323537634790628801,0.998672,0.997328,0.996548,0.998549,0.173733,0.230350
1,B_Normal_Persist,B,False,False,853,18315636200777687479,0.985947,0.996356,0.996326,0.998925,0.202013,0.254303
1,B_Normal_Persist,B,False,False,854,9077628934107035267,0.986184,0.994422,0.991593,0.994937,0.232119,0.288716
1,B_Normal_Persist,B,False,False,855,8655968232412019397,0.999609,0.999846,0.998295,0.999881,0.230233,0.268603
1,B_Normal_Persist,B,False,False,856,11162712945896291959,0.999179,0.999942,0.999754,0.999925,0.049914,0.085624
1,B_Normal_Persist,B,False,False,857,2312168038574928570,0.996643,0.999522,0.995781,0.998449,0.143034,0.176159
1,B_Normal_Persist,B,False,False,858,2760327671555621322,0.992650,0.995018,0.998050,0.997964,0.081904,0.112407
1,B_Normal_Persist,B,False,False,859,11815704887455565822,0.977710,0.993180,0.995428,0.998780,0.421116,0.497978
1,B_Normal_Persist,B,False,False,860,12330089390010780397,0.998395,0.998311,0.998029,0.999565,0.416536,0.451813
1,B_Normal_Persist,B,False,False,861,17442109098385869516,0.998980,0.998026,0.996586,0.999807,1.073482,1.122176
1,B_Normal_Persist,B,False,False,862,13682457718312974738,0.997074,0.999068,0.998590,0.998637,0.124749,0.160243
1,B_Normal_Persist,B,False,False,863,5074513428565099517,0.999801,0.999994,0.995741,0.998925,0.373751,0.426357
1,B_Normal_Persist,B,False,False,864,16199819354707383883,0.996987,0.999883,0.997601,0.999837,0.447208,0.477095
1,B_Normal_Persist,B,False,False,865,11862075243013585896,0.983184,0.995582,0.994530,0.999061,0.412854,0.467191
1,B_Normal_Persist,B,False,False,866,9003315015693419864,0.993445,0.995025,0.993664,0.995496,0.191558,0.232102
1,B_Normal_Persist,B,False,False,867,4194428222222890074,0.988783,0.998412,0.994497,0.999070,0.279790,0.339445
1,B_Normal_Persist,B,False,False,868,14894999740301386727,0.997787,0.998356,0.997172,0.999326,0.224919,0.255465
1,B_Normal_Persist,B,False,False,869,1862197954183596636,0.999435,0.999999,0.995057,0.999604,0.714155,0.747577
1,B_Normal_Persist,B,False,False,870,16937625072977968140,0.995957,0.997447,0.998109,0.999386,0.131103,0.172306
1,B_Normal_Persist,B,False,False,871,2905445640490623332,0.997463,0.998194,0.998793,0.998988,0.068998,0.114928
1,B_Normal_Persist,B,False,False,872,17467748587089766414,0.998858,0.998853,0.997511,0.999237,0.266651,0.304113
1,B_Normal_Persist,B,False,False,873,9954880139554841393,0.985432,0.997781,0.996927,0.998667,0.217446,0.313045
1,B_Normal_Persist,B,False,False,874,14912534602270005010,0.996210,0.996241,0.994894,0.998914,0.407842,0.434911
1,B_Normal_Persist,B,False,False,875,18060568235105847522,0.999443,0.999898,0.998817,0.999808,0.201512,0.226488
1,B_Normal_Persist,B,False,False,876,6899755994781090573,0.997642,0.999647,0.997256,0.999322,0.147991,0.206938
1,B_Normal_Persist,B,False,False,877,11045183174178096156,0.999834,0.999519,0.997583,0.999278,0.212456,0.272249
1,B_Normal_Persist,B,False,False,878,8540771259337041,0.996729,0.999810,0.997723,0.999799,0.408438,0.470911
1,B_Normal_Persist,B,False,False,879,6183432714533254993,0.976391,0.991964,0.992881,0.996825,0.308428,0.365494
1,B_Normal_Persist,B,False,False,880,13642163269946758953,0.999842,0.999512,0.998755,0.999671,0.127502,0.175603
1,B_Normal_Persist,B,False,False,881,4691223712062904961,0.988382,0.997940,0.996173,0.999499,0.484622,0.561047
1,B_Normal_Persist,B,False,False,882,13715876988761844294,0.998242,0.999939,0.997751,0.999554,0.237233,0.291043
1,B_Normal_Persist,B,False,False,883,6108488792127176052,0.999959,0.999854,0.999391,0.999631,0.051054,0.072775
1,B_Normal_Persist,B,False,False,884,15294198399831530556,0.994436,0.999465,0.998433,0.999769,0.156257,0.233359
1,B_Normal_Persist,B,False,False,885,17838172033070581460,0.999365,0.999954,0.997617,0.999543,0.182540,0.240062
1,B_Normal_Persist,B,False,False,886,843746974025890285,0.997100,0.999894,0.996647,0.999632,0.356503,0.378304
1,B_Normal_Persist,B,False,False,887,7117789972011297074,0.977599,0.988854,0.993885,0.996841,0.258094,0.330576
1,B_Normal_Persist,B,False,False,888,14446793681307633541,0.996330,0.997805,0.991622,0.999203,1.050353,1.062500
1,B_Normal_Persist,B,False,False,889,2152271970537316313,0.999136,1.000000,0.998422,0.999911,0.304838,0.347922
1,B_Normal_Persist,B,False,False,890,14798722719744352203,0.998668,0.999061,0.996584,0.998626,0.264081,0.270236
1,B_Normal_Persist,B,False,False,891,6925400955504969069,0.995045,0.999486,0.995546,0.999635,0.537783,0.576291
1,B_Normal_Persist,B,False,False,892,16670129823337376950,0.999747,0.999929,0.999177,0.999833,0.184251,0.215624
1,B_Normal_Persist,B,False,False,893,8388758300821418299,0.996305,0.998161,0.998912,0.999512,0.126417,0.148640
1,B_Normal_Persist,B,False,False,894,12976431993866277444,0.999634,0.999182,0.998746,0.999757,0.193767,0.236866
1,B_Normal_Persist,B,False,False,895,8424269729725798465,0.984892,0.996184,0.996862,0.999240,0.233481,0.299142
1,B_Normal_Persist,B,False,False,896,10034956700086792268,0.998724,0.999932,0.997624,0.999632,0.562932,0.608990
1,B_Normal_Persist,B,False,False,897,12367942253252006031,0.997315,0.999986,0.997964,0.999913,0.439419,0.475384
1,B_Normal_Persist,B,False,False,898,7986416333404563476,0.976260,0.992249,0.995362,0.997273,0.107424,0.159661
1,B_Normal_Persist,B,False,False,899,10056831819269389300,0.995071,0.998053,0.997151,0.999736,0.291650,0.320739
1,B_Normal_Persist,B,False,False,900,4990528757677066594,0.999829,0.999890,0.996054,0.999902,0.891720,0.925632
1,B_Normal_Persist,B,False,False,901,13247612733287954210,0.978660,0.992300,0.993620,0.998137,0.629575,0.681373
1,B_Normal_Persist,B,False,False,902,14331189881960074557,0.994795,0.997725,0.998597,0.999200,0.124230,0.149382
1,B_Normal_Persist,B,False,False,903,14679196695692162180,0.993753,0.996657,0.996046,0.999395,0.480449,0.522665
1,B_Normal_Persist,B,False,False,904,11265965046371532053,0.999784,0.999892,0.998312,0.999883,0.300094,0.352562
1,B_Normal_Persist,B,False,False,905,3978885314194058404,0.997591,0.999901,0.998009,0.999790,0.237316,0.272533
1,B_Normal_Persist,B,False,False,906,16295458261647120899,0.997983,0.996701,0.998668,0.998527,0.112174,0.125154
1,B_Normal_Persist,B,False,False,907,7728164181224437631,0.993697,0.999821,0.995989,0.998844,0.431265,0.496049
1,B_Normal_Persist,B,False,False,908,3811475935047135192,0.999046,0.999789,0.991668,0.999431,1.471583,1.522886
1,B_Normal_Persist,B,False,False,909,2928041216247927704,0.995686,0.999979,0.997177,0.999185,0.246964,0.315985
1,B_Normal_Persist,B,False,False,910,11002917074811868160,0.999848,0.999967,0.999097,0.999634,0.151120,0.179737
1,B_Normal_Persist,B,False,False,911,8415369653433074621,0.999931,0.999970,0.998398,0.999073,0.208926,0.244229
1,B_Normal_Persist,B,False,False,912,517929215893416360,0.993723,0.993422,0.982606,0.993649,0.921317,0.937738
1,B_Normal_Persist,B,False,False,913,15130959362873251325,0.999425,0.999867,0.999516,0.999719,0.149553,0.187296
1,B_Normal_Persist,B,False,False,914,15670780764020388718,0.973299,0.978931,0.993897,0.991465,0.101352,0.119993
1,B_Normal_Persist,B,False,False,915,9986998503443722232,0.997744,0.999649,0.998934,0.999243,0.501941,0.582034
1,B_Normal_Persist,B,False,False,916,16308082461489036807,0.999522,0.998193,0.993520,0.998568,0.499105,0.534918
1,B_Normal_Persist,B,False,False,917,10128140248819328911,0.993693,0.999840,0.995663,0.999202,0.426152,0.470441
1,B_Normal_Persist,B,False,False,918,9325662057162841460,0.999334,0.999677,0.997421,0.999446,0.573532,0.617183
1,B_Normal_Persist,B,False,False,919,7252851543698520529,0.982424,0.990854,0.994770,0.996210,0.155983,0.207940
1,B_Normal_Persist,B,False,False,920,834278934173904702,0.985796,0.995735,0.994059,0.997842,0.417732,0.485197
1,B_Normal_Persist,B,False,False,921,696573512028592813,0.995719,0.998828,0.997488,0.999372,0.186304,0.214342
1,B_Normal_Persist,B,False,False,922,2743915293436707210,0.999975,0.999695,0.999863,0.999585,0.156889,0.171939
1,B_Normal_Persist,B,False,False,923,7331615377477164004,0.992206,0.994983,0.997855,0.999106,0.195601,0.254081
1,B_Normal_Persist,B,False,False,924,12403226222476418431,0.999674,0.999217,0.998763,0.999799,0.143129,0.182584
1,B_Normal_Persist,B,False,False,925,2430875934215650902,0.967016,0.995208,0.992864,0.998298,0.503919,0.637460
1,B_Normal_Persist,B,False,False,926,12559227869974740157,0.994998,0.998234,0.996157,0.999432,0.523695,0.558581
1,B_Normal_Persist,B,False,False,927,15872596195316726638,0.998316,0.996376,0.996995,0.998625,0.226398,0.248433
1,B_Normal_Persist,B,False,False,928,15251532474490329977,0.993473,0.997985,0.997150,0.999358,0.312105,0.335354
1,B_Normal_Persist,B,False,False,929,4782665429272204164,0.986496,0.997075,0.993751,0.998289,0.427970,0.527919
1,B_Normal_Persist,B,False,False,930,6648180432539860841,0.997727,0.995866,0.996450,0.998299,0.153274,0.186486
1,B_Normal_Persist,B,False,False,931,4791950576749711916,0.997785,0.999997,0.998598,0.999290,0.098645,0.141539
1,B_Normal_Persist,B,False,False,932,15813117973662188485,0.993451,0.999611,0.998212,0.999870,0.252418,0.307835
1,B_Normal_Persist,B,False,False,933,17255825872202665771,0.995726,0.996964,0.997257,0.998680,0.189544,0.223538
1,B_Normal_Persist,B,False,False,934,12792850097862870527,0.998734,0.999845,0.999414,0.999715,0.097522,0.123646
1,B_Normal_Persist,B,False,False,935,17319723520518691781,0.990524,0.996275,0.997561,0.998858,0.155533,0.212412
1,B_Normal_Persist,B,False,False,936,11614994654960856443,0.999041,0.999903,0.998267,0.999530,0.175421,0.192259
1,B_Normal_Persist,B,False,False,937,10843192390774628182,0.980421,0.990440,0.985658,0.997724,1.335557,1.368156
1,B_Normal_Persist,B,False,False,938,14805968164473900156,0.999767,0.999721,0.996497,0.999828,0.500853,0.546200
1,B_Normal_Persist,B,False,False,939,270454243037080732,0.999998,0.999532,0.992474,0.999072,0.663890,0.696840
1,B_Normal_Persist,B,False,False,940,5904968995995896180,0.998058,0.997980,0.997857,0.999040,0.176577,0.244001
1,B_Normal_Persist,B,False,False,941,17375596649374385928,0.988851,0.987756,0.996706,0.997722,0.252311,0.298256
1,B_Normal_Persist,B,False,False,942,5136070760814580745,0.999930,0.999975,0.999633,0.999876,0.075628,0.110244
1,B_Normal_Persist,B,False,False,943,4978178053597143707,0.994786,0.994328,0.996024,0.997987,0.162125,0.210790
1,B_Normal_Persist,B,False,False,944,13352058666780925344,0.999858,0.999338,0.991927,0.999476,0.980044,1.022231
1,B_Normal_Persist,B,False,False,945,15088180537115129426,0.998268,1.000000,0.995799,0.999196,0.511482,0.523320
1,B_Normal_Persist,B,False,False,946,15632971400700727429,0.999691,0.999750,0.998661,0.999176,0.126823,0.148353
1,B_Normal_Persist,B,False,False,947,6700261878995655029,0.999806,0.998704,0.998350,0.998633,0.284293,0.328570
1,B_Normal_Persist,B,False,False,948,13117619785288912915,0.998322,0.996648,0.997957,0.999049,0.169598,0.175663
1,B_Normal_Persist,B,False,False,949,1287819221592854628,0.997594,0.998946,0.999171,0.999830,0.140376,0.157816
1,B_Normal_Persist,B,False,False,950,2948738889529621938,0.999930,0.999087,0.996809,0.998710,0.213451,0.240996
1,B_Normal_Persist,B,False,False,951,9922065474759921762,0.999991,0.999614,0.998816,0.999759,0.121581,0.144218
1,B_Normal_Persist,B,False,False,952,13809499066703117538,0.999659,0.999953,0.998704,0.999844,0.200806,0.236187
1,B_Normal_Persist,B,False,False,953,15081768241002295206,0.998789,0.999403,0.998204,0.999477,0.104461,0.112450
1,B_Normal_Persist,B,False,False,954,17321929610957357100,0.937505,0.977030,0.982747,0.994509,1.019024,1.161078
1,B_Normal_Persist,B,False,False,955,7660632236045150003,0.996479,0.999967,0.998499,0.999659,0.116950,0.163100
1,B_Normal_Persist,B,False,False,956,5682747390418771955,0.999818,0.998785,0.999424,0.998551,0.222596,0.266000
1,B_Normal_Persist,B,False,False,957,17670270764034742059,0.999951,0.999985,0.998109,0.999701,0.303885,0.353100
1,B_Normal_Persist,B,False,False,958,5333779200298529889,0.999975,0.999773,0.999322,0.999648,0.109394,0.121013
1,B_Normal_Persist,B,False,False,959,4083644777687784260,0.950136,0.986847,0.989441,0.996161,0.554406,0.682114
1,B_Normal_Persist,B,False,False,960,8904983483005612176,0.998205,0.998581,0.999254,0.999111,0.164800,0.206595
1,B_Normal_Persist,B,False,False,961,17561940935077722748,0.999119,0.999558,0.998018,0.999373,0.127062,0.192465
1,B_Normal_Persist,B,False,False,962,12122894209546323300,0.981770,0.996539,0.993942,0.998458,0.360613,0.436863
1,B_Normal_Persist,B,False,False,963,8198908890787247080,0.999894,0.999874,0.994062,0.998437,0.393799,0.398985
1,B_Normal_Persist,B,False,False,964,11117650903222377656,0.999965,0.997435,0.995634,0.997628,0.216022,0.290537
1,B_Normal_Persist,B,False,False,965,5007630745905244500,0.999660,0.999693,0.997905,0.999595,0.190648,0.289637
1,B_Normal_Persist,B,False,False,966,9765824188725260476,0.999997,0.999918,0.998376,0.999695,0.148472,0.194263
1,B_Normal_Persist,B,False,False,967,4687953860423148390,0.982280,0.992482,0.990883,0.997822,0.813877,0.872420
1,B_Normal_Persist,B,False,False,968,3985589326168161896,0.999926,0.999894,0.998937,0.999771,0.101723,0.150450
1,B_Normal_Persist,B,False,False,969,11376130246573738639,0.988413,0.991752,0.989401,0.995111,0.345859,0.376358
1,B_Normal_Persist,B,False,False,970,8523443443417630590,0.991713,0.997077,0.999115,0.998805,0.230094,0.253888
1,B_Normal_Persist,B,False,False,971,14252967588718728251,0.999989,0.999016,0.997620,0.998844,0.287548,0.331391
1,B_Normal_Persist,B,False,False,972,12734264944051760795,0.999769,0.998684,0.995618,0.997621,0.207698,0.256879
1,B_Normal_Persist,B,False,False,973,8350915635841735284,0.997277,0.998937,0.996410,0.998734,0.518099,0.605924
1,B_Normal_Persist,B,False,False,974,2533002969575579931,0.991331,0.998599,0.997709,0.998415,0.190949,0.231855
1,B_Normal_Persist,B,False,False,975,4950406217323491215,0.999897,0.999397,0.999051,0.999244,0.179932,0.197824
1,B_Normal_Persist,B,False,False,976,11370362696133364284,0.998325,0.999802,0.998541,0.999327,0.142263,0.188404
1,B_Normal_Persist,B,False,False,977,6764894538045645835,0.986611,0.995333,0.997810,0.998599,0.116141,0.160635
1,B_Normal_Persist,B,False,False,978,5609493596890004448,0.999277,0.999933,0.992941,0.998528,0.474892,0.538212
1,B_Normal_Persist,B,False,False,979,17329794927847711468,0.984275,0.995279,0.997821,0.999369,0.139582,0.183829
1,B_Normal_Persist,B,False,False,980,1968979808550413103,0.999869,0.999970,0.999228,0.999685,0.131806,0.167474
1,B_Normal_Persist,B,False,False,981,4805959828491884744,0.999828,0.999797,0.998819,0.999907,0.198646,0.220160
1,B_Normal_Persist,B,False,False,982,11684494331213927209,0.988667,0.997580,0.995784,0.999212,0.309094,0.364529
1,B_Normal_Persist,B,False,False,983,8232960687580844487,0.958296,0.990627,0.990650,0.996826,0.458981,0.564290
1,B_Normal_Persist,B,False,False,984,7784510447720729209,0.999396,0.999696,0.999352,0.999873,0.088170,0.113228
1,B_Normal_Persist,B,False,False,985,9879441474200040068,0.990326,0.992323,0.996711,0.996883,0.154585,0.193805
1,B_Normal_Persist,B,False,False,986,16873602994205242607,0.998844,0.999730,0.995773,0.999572,0.327699,0.389507
1,B_Normal_Persist,B,False,False,987,12576544944656123655,0.987450,0.994287,0.991463,0.997497,0.560228,0.620141
1,B_Normal_Persist,B,False,False,988,8472293192679804883,0.999848,0.999973,0.998959,0.999749,0.208120,0.230588
1,B_Normal_Persist,B,False,False,989,15499696355182750430,0.997071,0.999132,0.995180,0.999078,0.308376,0.378757
1,B_Normal_Persist,B,False,False,990,12084303044826934012,0.998345,0.998184,0.998292,0.999518,0.147786,0.216314
1,B_Normal_Persist,B,False,False,991,9207121378903604583,0.999382,0.999971,0.998243,0.999848,0.250353,0.271043
1,B_Normal_Persist,B,False,False,992,1815135242733024502,0.999951,0.999946,0.998496,0.999329,0.091112,0.122141
1,B_Normal_Persist,B,False,False,993,3492389719452444634,0.989781,0.996029,0.997754,0.999056,0.135146,0.170182
1,B_Normal_Persist,B,False,False,994,6662954267839610147,0.987611,0.996015,0.996028,0.998910,0.280504,0.327752
1,B_Normal_Persist,B,False,False,995,7584353627458425266,0.992592,0.994630,0.997934,0.997916,0.065676,0.093144
1,B_Normal_Persist,B,False,False,996,13193785178737381121,0.995052,0.988709,0.996925,0.994644,0.233561,0.268942
1,B_Normal_Persist,B,False,False,997,6198104915161172653,0.998726,0.998483,0.999625,0.999694,0.077443,0.124304
1,B_Normal_Persist,B,False,False,998,13077248932473208098,0.986943,0.995504,0.995507,0.997912,0.160072,0.197514
1,B_Normal_Persist,B,False,False,999,456406763285460508,0.999032,0.999601,0.998838,0.999794,0.109720,0.148173
2,C_Normal_Persist,C,False,False,0,12055858082280976159,0.998093,0.998939,0.998072,0.999353,0.139080,0.204405
2,C_Normal_Persist,C,False,False,1,16846837243663141870,1.000000,0.999567,0.997752,0.999589,0.187928,0.219729
2,C_Normal_Persist,C,False,False,2,16001928435128805056,0.999689,0.999167,0.996945,0.998999,0.164575,0.195752
2,C_Normal_Persist,C,False,False,3,14464450979045766245,0.999354,0.998806,0.996521,0.998977,0.360824,0.401063
2,C_Normal_Persist,C,False,False,4,8287233837223525726,0.999995,0.999828,0.999522,0.999621,0.063884,0.082302
2,C_Normal_Persist,C,False,False,5,17412727645479218882,0.997853,0.999277,0.997410,0.999463,0.309517,0.341099
2,C_Normal_Persist,C,False,False,6,18359737371112814680,0.998596,0.999265,0.999265,0.999817,0.104727,0.128828
2,C_Normal_Persist,C,False,False,7,859578421334597470,0.999932,0.999905,0.999060,0.999386,0.050957,0.067683
2,C_Normal_Persist,C,False,False,8,15017561084134516713,0.997820,0.997738,0.998222,0.998803,0.091981,0.117677
2,C_Normal_Persist,C,False,False,9,17240408144232763892,0.999934,0.999489,0.999145,0.999655,0.090974,0.115188
2,C_Normal_Persist,C,False,False,10,8523992709742432379,0.999563,0.998110,0.999400,0.999091,0.098777,0.090871
2,C_Normal_Persist,C,False,False,11,14073998721011872367,0.999292,0.998770,0.997724,0.999591,0.284339,0.317770
2,C_Normal_Persist,C,False,False,12,186836313594028386,1.000000,0.999994,0.999280,0.999843,0.132990,0.164830
2,C_Normal_Persist,C,False,False,13,9512600168498379604,0.993758,0.997477,0.998026,0.999179,0.196270,0.223179
2,C_Normal_Persist,C,False,False,14,7990077629286102639,0.997359,0.997119,0.996633,0.997591,0.113859,0.128753
2,C_Normal_Persist,C,False,False,15,12671710547055335827,0.995810,0.996141,0.992511,0.997667,0.365106,0.392602
2,C_Normal_Persist,C,False,False,16,2086121315501409470,0.998958,0.999643,0.998685,0.999826,0.145292,0.173078
2,C_Normal_Persist,C,False,False,17,10607814138666126221,0.998979,0.997225,0.998046,0.997643,0.050900,0.060211
2,C_Normal_Persist,C,False,False,18,4215136801727973131,0.999112,0.998918,0.994868,0.996380,0.041855,0.067065
2,C_Normal_Persist,C,False,False,19,8444516223299408777,0.999857,0.999995,0.998782,0.999793,0.139980,0.172897
2,C_Normal_Persist,C,False,False,20,3924621867679612904,0.997434,0.998267,0.998903,0.999257,0.088587,0.126040
2,C_Normal_Persist,C,False,False,21,117811325781799882,0.996594,0.996290,0.993727,0.997829,0.394860,0.446326
2,C_Normal_Persist,C,False,False,22,18250222137534057271,0.999453,0.999911,0.999370,0.999803,0.099034,0.113356
2,C_Normal_Persist,C,False,False,23,6314910392990244015,0.999916,0.998925,0.999222,0.999679,0.183612,0.203420
2,C_Normal_Persist,C,False,False,24,13291410291878540079,0.999098,0.997385,0.993915,0.998300,0.580560,0.592581
2,C_Normal_Persist,C,False,False,25,5541640857939979091,0.998860,0.999252,0.996169,0.999262,0.484966,0.516184
2,C_Normal_Persist,C,False,False,26,16271276482124671349,0.998283,0.999894,0.998909,0.999821,0.243570,0.268547
2,C_Normal_Persist,C,False,False,27,161749189765092638,0.995314,0.998296,0.996676,0.998278,0.160999,0.189917
2,C_Normal_Persist,C,False,False,28,3881294958157474453,0.999051,0.997809,0.996071,0.998472,0.213487,0.238447
2,C_Normal_Persist,C,False,False,29,15634870036585236974,0.998299,0.999412,0.997983,0.999724,0.309478,0.321742
2,C_Normal_Persist,C,False,False,30,632648408112425336,0.997216,0.998088,0.997709,0.998471,0.054886,0.074434
2,C_Normal_Persist,C,False,False,31,15566381438903099682,0.999809,0.999696,0.996258,0.998463,0.154453,0.193407
2,C_Normal_Persist,C,False,False,32,17514450892338242325,0.994620,0.995748,0.998835,0.998476,0.073478,0.117003
2,C_Normal_Persist,C,False,False,33,5565460780795588716,0.999995,0.999691,0.997148,0.999368,0.313294,0.334317
2,C_Normal_Persist,C,False,False,34,6031161855678775963,0.997919,0.998169,0.998521,0.998911,0.084523,0.110200
2,C_Normal_Persist,C,False,False,35,9534278028994990016,0.999931,0.999777,0.999276,0.999629,0.106149,0.129313
2,C_Normal_Persist,C,False,False,36,12349796436567144814,0.999607,0.999306,0.998709,0.999694,0.154197,0.184337
2,C_Normal_Persist,C,False,False,37,18035377445714762833,0.999931,0.999384,0.999462,0.999494,0.138129,0.145964
2,C_Normal_Persist,C,False,False,38,12748444088256284804,0.998635,0.999830,0.999141,0.999919,0.122123,0.152058
2,C_Normal_Persist,C,False,False,39,5572839249353240181,0.997878,0.996263,0.997411,0.998772,0.171425,0.194409
2,C_Normal_Persist,C,False,False,40,9226907952609994197,0.999450,0.998253,0.996480,0.998108,0.174344,0.179119
2,C_Normal_Persist,C,False,False,41,17908096247300431780,0.999966,0.999449,0.998436,0.999680,0.307390,0.333330
2,C_Normal_Persist,C,False,False,42,3798665373640619267,0.989678,0.991369,0.998516,0.998961,0.095287,0.130983
2,C_Normal_Persist,C,False,False,43,666529108570826454,0.998597,0.999971,0.997240,0.999781,0.306659,0.334964
2,C_Normal_Persist,C,False,False,44,11069033940875328577,0.999625,0.997041,0.995126,0.998705,0.466919,0.482618
2,C_Normal_Persist,C,False,False,45,16773872415849986802,0.999944,0.999560,0.997564,0.999184,0.130495,0.156540
2,C_Normal_Persist,C,False,False,46,8667410967801116959,0.993064,0.994954,0.998346,0.999093,0.128540,0.156875
2,C_Normal_Persist,C,False,False,47,10189992247841578567,0.999332,0.999348,0.997406,0.999656,0.288994,0.312482
2,C_Normal_Persist,C,False,False,48,6099310600766600354,0.999215,0.999914,0.997630,0.999649,0.181308,0.219124
2,C_Normal_Persist,C,False,False,49,1307301991923372251,0.997815,0.996245,0.993215,0.996596,0.230183,0.256910
2,C_Normal_Persist,C,False,False,50,7859501042673053478,0.997621,0.998858,0.997632,0.999684,0.273811,0.308731
2,C_Normal_Persist,C,False,False,51,1321801469042647264,0.993165,0.998578,0.998217,0.999569,0.115466,0.166520
2,C_Normal_Persist,C,False,False,52,5606043643908890190,0.995721,0.996896,0.998743,0.999019,0.077098,0.117356
2,C_Normal_Persist,C,False,False,53,1635420020295190930,0.999322,0.998187,0.996867,0.998718,0.308314,0.370082
2,C_Normal_Persist,C,False,False,54,10541316260127730949,0.999991,0.999998,0.998081,0.998967,0.116300,0.122987
2,C_Normal_Persist,C,False,False,55,7248146359286682108,0.999702,0.999292,0.998106,0.999358,0.153603,0.168034
2,C_Normal_Persist,C,False,False,56,5107562599955450602,0.998774,0.997692,0.998850,0.999629,0.149789,0.196874
2,C_Normal_Persist,C,False,False,57,105540005271373004,0.999784,0.999829,0.999727,0.999804,0.095529,0.110160
2,C_Normal_Persist,C,False,False,58,9283243607698374947,0.999936,0.999991,0.999440,0.999963,0.116089,0.144007
2,C_Normal_Persist,C,False,False,59,8958769503308048235,0.999589,0.999893,0.994422,0.999306,0.565686,0.575785
2,C_Normal_Persist,C,False,False,60,5356588858764921804,0.999712,0.999998,0.999526,0.999638,0.139894,0.160969
2,C_Normal_Persist,C,False,False,61,14282240909204315292,0.999759,0.999219,0.990780,0.999008,0.846190,0.888604
2,C_Normal_Persist,C,False,False,62,11487522929868065144,0.999507,0.999558,0.999155,0.999619,0.105546,0.142822
2,C_Normal_Persist,C,False,False,63,8961544156761649952,0.992347,0.991737,0.997090,0.996405,0.061983,0.077364
2,C_Normal_Persist,C,False,False,64,12028309822502043098,0.999180,0.998618,0.999059,0.999301,0.104877,0.126973
2,C_Normal_Persist,C,False,False,65,4963190124493282960,0.997791,0.999403,0.997105,0.999545,0.221190,0.244189
2,C_Normal_Persist,C,False,False,66,5861500456771234221,0.999239,0.999522,0.995257,0.998811,0.229282,0.251608
2,C_Normal_Persist,C,False,False,67,1524686801708946288,0.997265,0.998869,0.999379,0.999689,0.108029,0.125950
2,C_Normal_Persist,C,False,False,68,9030644598005542508,0.999963,0.999998,0.999629,0.999275,0.132663,0.148953
2,C_Normal_Persist,C,False,False,69,1977477863191147229,0.999953,0.999304,0.998323,0.999411,0.241266,0.307298
2,C_Normal_Persist,C,False,False,70,5908096558875417657,0.998572,0.998042,0.998763,0.999425,0.084062,0.118180
2,C_Normal_Persist,C,False,False,71,8075507383977493563,0.999079,0.998814,0.999424,0.999342,0.062268,0.094051
2,C_Normal_Persist,C,False,False,72,9375412734070819881,0.999358,0.999074,0.998759,0.999346,0.111228,0.159850
2,C_Normal_Persist,C,False,False,73,2315796487970088741,0.991725,0.997293,0.998254,0.998879,0.150496,0.187483
2,C_Normal_Persist,C,False,False,74,354265539434090861,0.999359,0.999560,0.998366,0.999483,0.134524,0.169272
2,C_Normal_Persist,C,False,False,75,8158050480939787441,0.999429,0.999982,0.995684,0.999186,0.361788,0.393326
2,C_Normal_Persist,C,False,False,76,4777572935741449603,0.997619,0.999712,0.999016,0.999408,0.290589,0.332599
2,C_Normal_Persist,C,False,False,77,10066888828403922147,0.999996,0.999642,0.997923,0.998546,0.102923,0.122918
2,C_Normal_Persist,C,False,False,78,3317602330317065836,0.998972,0.998358,0.993944,0.996462,0.326607,0.388654
2,C_Normal_Persist,C,False,False,79,5381086064091487784,0.999982,0.999959,0.998782,0.999645,0.115656,0.152209
2,C_Normal_Persist,C,False,False,80,16058988477213872351,0.998796,0.999388,0.997663,0.999413,0.161255,0.206683
2,C_Normal_Persist,C,False,False,81,5552952620695461593,0.997096,0.993606,0.998443,0.998757,0.109022,0.140677
2,C_Normal_Persist,C,False,False,82,4975459059601318273,0.995349,0.993961,0.994101,0.997245,0.348352,0.363896
2,C_Normal_Persist,C,False,False,83,4241805626573019493,0.996161,0.996586,0.996685,0.998408,0.234181,0.256897
2,C_Normal_Persist,C,False,False,84,8518050078161560298,0.999948,1.000000,0.997124,0.999483,0.192614,0.214804
2,C_Normal_Persist,C,False,False,85,13485815198021097787,0.998485,0.998914,0.997891,0.997825,0.078939,0.081646
2,C_Normal_Persist,C,False,False,86,11816146499832900134,0.999860,0.999985,0.999672,0.999915,0.130257,0.137467
2,C_Normal_Persist,C,False,False,87,8272328282319891960,0.997241,0.999267,0.999490,0.999728,0.108475,0.132459
2,C_Normal_Persist,C,False,False,88,1260247735686546342,0.998939,0.999997,0.992481,0.998836,0.610180,0.656928
2,C_Normal_Persist,C,False,False,89,6319224013332057838,0.999306,0.999292,0.997822,0.999830,0.309402,0.328452
2,C_Normal_Persist,C,False,False,90,7216985110595366982,0.999025,0.999623,0.998632,0.999591,0.073098,0.096365
2,C_Normal_Persist,C,False,False,91,2970905419037723155,0.997564,0.997560,0.999483,0.999577,0.106307,0.131972
2,C_Normal_Persist,C,False,False,92,10199087690549810896,0.990373,0.995008,0.996600,0.997656,0.095729,0.132190
2,C_Normal_Persist,C,False,False,93,2068293978049880793,0.998997,0.998857,0.996023,0.999014,0.272848,0.304483
2,C_Normal_Persist,C,False,False,94,1904923401136761823,0.999920,0.999679,0.998160,0.999546,0.363902,0.389236
2,C_Normal_Persist,C,False,False,95,15590923520547328257,0.997164,0.999444,0.998959,0.999842,0.108882,0.137765
2,C_Normal_Persist,C,False,False,96,45543024242470926,0.998956,0.997685,0.999402,0.999510,0.054260,0.064876
2,C_Normal_Persist,C,False,False,97,17662619472567262703,0.999517,0.999644,0.998440,0.999400,0.172546,0.196049
2,C_Normal_Persist,C,False,False,98,14238237595291694588,0.992635,0.985359,0.994859,0.995250,0.239408,0.291171
2,C_Normal_Persist,C,False,False,99,7257388810402753162,0.999828,0.999653,0.998943,0.999703,0.085118,0.124946
2,C_Normal_Persist,C,False,False,100,10278255744345389858,0.999863,0.999205,0.993910,0.999113,0.565973,0.582295
2,C_Normal_Persist,C,False,False,101,17882838393768371035,0.998076,0.999666,0.999031,0.999665,0.087361,0.116080
2,C_Normal_Persist,C,False,False,102,9708546211446038515,0.998285,0.997793,0.992546,0.996904,0.250887,0.273181
2,C_Normal_Persist,C,False,False,103,13698930376192701914,0.999543,0.999999,0.999463,0.999496,0.107644,0.134511
2,C_Normal_Persist,C,False,False,104,3405995300669344973,0.993759,0.993646,0.997083,0.996867,0.099195,0.149350
2,C_Normal_Persist,C,False,False,105,8565318891627972555,0.999675,0.999501,0.996665,0.997943,0.069369,0.088724
2,C_Normal_Persist,C,False,False,106,15002432928596086729,0.994709,0.997730,0.997744,0.999229,0.177412,0.213056
2,C_Normal_Persist,C,False,False,107,10834418900839599283,0.997318,0.995942,0.999356,0.998924,0.111251,0.137672
2,C_Normal_Persist,C,False,False,108,4250190211299734290,0.999429,0.999496,0.997480,0.999814,0.517109,0.533764
2,C_Normal_Persist,C,False,False,109,11462647620622487663,0.999012,0.997984,0.999615,0.999223,0.215742,0.235977
2,C_Normal_Persist,C,False,False,110,13134748720996562573,0.999413,0.999651,0.999343,0.999044,0.141124,0.131256
2,C_Normal_Persist,C,False,False,111,1389062837320022097,0.999736,0.999211,0.999637,0.999405,0.050716,0.082093
2,C_Normal_Persist,C,False,False,112,9405291104646789450,0.998984,0.999498,0.999447,0.999382,0.110052,0.152689
2,C_Normal_Persist,C,False,False,113,2378158830169215019,0.998912,0.997848,0.997552,0.999361,0.220008,0.250534
2,C_Normal_Persist,C,False,False,114,3784340251956992121,0.999999,0.999352,0.995858,0.999477,0.497098,0.548231
2,C_Normal_Persist,C,False,False,115,6460428837976707390,0.995211,0.996280,0.998527,0.999214,0.155589,0.162363
2,C_Normal_Persist,C,False,False,116,14505685251503084408,0.999439,0.997142,0.998264,0.999028,0.129331,0.146795
2,C_Normal_Persist,C,False,False,117,1661694537185888143,0.990815,0.990881,0.983378,0.993970,0.809857,0.867875
2,C_Normal_Persist,C,False,False,118,12013205055947551099,0.996160,0.996627,0.998797,0.999374,0.068846,0.082250
2,C_Normal_Persist,C,False,False,119,9528232982362386494,0.999741,0.999920,0.999691,0.999721,0.072231,0.083347
2,C_Normal_Persist,C,False,False,120,18426268323466614566,0.999354,0.999798,0.996399,0.999432,0.224654,0.255962
2,C_Normal_Persist,C,False,False,121,14280797737651365867,0.998464,0.996494,0.991362,0.996542,0.469931,0.501510
2,C_Normal_Persist,C,False,False,122,9864996080968325676,0.996477,0.994980,0.997427,0.997601,0.454791,0.498080
2,C_Normal_Persist,C,False,False,123,8882490994512182226,0.999348,0.998899,0.999686,0.999637,0.055502,0.073632
2,C_Normal_Persist,C,False,False,124,15636044822109935471,0.996315,0.998170,0.997863,0.999375,0.151643,0.182097
2,C_Normal_Persist,C,False,False,125,6993129322136554089,0.997408,0.998478,0.998998,0.999142,0.041068,0.059801
2,C_Normal_Persist,C,False,False,126,17569735973672320588,0.999957,0.999967,0.999644,0.999640,0.064525,0.090314
2,C_Normal_Persist,C,False,False,127,921327717634570716,0.998978,0.999619,0.994385,0.998223,0.309134,0.346954
2,C_Normal_Persist,C,False,False,128,16260117096567693054,0.999818,0.999983,0.998736,0.999232,0.100417,0.129023
2,C_Normal_Persist,C,False,False,129,10429747185482967522,0.999959,0.999994,0.999319,0.999840,0.091740,0.122232
2,C_Normal_Persist,C,False,False,130,6462146027432052924,0.999103,0.999947,0.994673,0.999583,0.673618,0.717974
2,C_Normal_Persist,C,False,False,131,3962041761722248865,0.999999,0.999830,0.999214,0.999410,0.083036,0.125024
2,C_Normal_Persist,C,False,False,132,8276288773506161898,0.999807,0.999923,0.997398,0.999301,0.149406,0.191005
2,C_Normal_Persist,C,False,False,133,8753053132897834895,0.995784,0.997075,0.998326,0.998627,0.084699,0.082610
2,C_Normal_Persist,C,False,False,134,12892360065631976236,0.999784,0.999995,0.998031,0.999602,0.187422,0.241420
2,C_Normal_Persist,C,False,False,135,2224467598183364838,0.998791,0.998283,0.997706,0.998729,0.138381,0.173397
2,C_Normal_Persist,C,False,False,136,4264898568665921942,0.999998,0.999988,0.998896,0.999552,0.059240,0.078883
2,C_Normal_Persist,C,False,False,137,8573228321990032613,0.999055,0.998898,0.999170,0.999852,0.118414,0.149651
2,C_Normal_Persist,C,False,False,138,13941570304232732063,0.999392,0.999950,0.996853,0.999313,0.209340,0.279872
2,C_Normal_Persist,C,False,False,139,635669386569046043,0.999904,0.999866,0.996001,0.999364,0.297313,0.347645
2,C_Normal_Persist,C,False,False,140,5413779873257173901,0.999823,0.999702,0.996717,0.999806,0.377027,0.413403
2,C_Normal_Persist,C,False,False,141,3031515253317253147,0.999918,0.999729,0.989914,0.999709,1.430011,1.509945
2,C_Normal_Persist,C,False,False,142,1975201245293211853,0.999876,1.000000,0.999520,0.999302,0.093836,0.121738
2,C_Normal_Persist,C,False,False,143,9338634691910445224,0.999655,0.999563,0.999450,0.999665,0.081045,0.099649
2,C_Normal_Persist,C,False,False,144,12018344589669517172,0.998672,0.998720,0.995457,0.999568,0.625779,0.654367
2,C_Normal_Persist,C,False,False,145,10858509851080627817,0.995085,0.995446,0.998600,0.999319,0.385096,0.398298
2,C_Normal_Persist,C,False,False,146,14146239968875243844,0.998713,0.997449,0.998777,0.999272,0.275407,0.324559
2,C_Normal_Persist,C,False,False,147,17701200324692851201,0.999272,0.999660,0.998398,0.999158,0.134067,0.187315
2,C_Normal_Persist,C,False,False,148,12384892392069551199,0.998927,0.999078,0.998402,0.999568,0.257251,0.265178
2,C_Normal_Persist,C,False,False,149,9388525415574221431,0.999899,0.999211,0.997839,0.999406,0.165279,0.215309
2,C_Normal_Persist,C,False,False,150,6219983702627400475,0.997157,0.997865,0.996723,0.998250,0.110215,0.111053
2,C_Normal_Persist,C,False,False,151,7114463544698346439,0.997304,0.997283,0.997536,0.999608,0.282366,0.353628
2,C_Normal_Persist,C,False,False,152,9104910079297282513,0.997881,0.999348,0.997170,0.999499,0.215973,0.219148
2,C_Normal_Persist,C,False,False,153,12022375251076870787,0.999105,0.995404,0.998914,0.999081,0.150273,0.174131
2,C_Normal_Persist,C,False,False,154,10901897885436329182,0.998871,0.997128,0.999194,0.997687,0.171742,0.201366
2,C_Normal_Persist,C,False,False,155,1617260343131845808,0.997650,0.996760,0.998940,0.999450,0.108228,0.131988
2,C_Normal_Persist,C,False,False,156,12194024028554609724,0.996908,0.999045,0.997883,0.999259,0.299855,0.333304
2,C_Normal_Persist,C,False,False,157,12941062989904078437,0.997942,0.999426,0.998214,0.998838,0.083473,0.121924
2,C_Normal_Persist,C,False,False,158,13149396677450393068,0.999442,0.999720,0.999586,0.999781,0.127407,0.172121
2,C_Normal_Persist,C,False,False,159,13065611717949262661,0.998479,0.999346,0.999469,0.999718,0.210939,0.243018
2,C_Normal_Persist,C,False,False,160,15559237064644760836,0.998280,0.997808,0.999307,0.999290,0.067885,0.107306
2,C_Normal_Persist,C,False,False,161,8457755081591287570,0.999516,0.998895,0.996904,0.999722,0.336183,0.383641
2,C_Normal_Persist,C,False,False,162,9696164049593567141,0.998517,0.999143,0.999564,0.999690,0.068625,0.080785
2,C_Normal_Persist,C,False,False,163,8292491239819819100,0.999635,0.999997,0.999116,0.999440,0.058151,0.091280
2,C_Normal_Persist,C,False,False,164,9772367129244397121,0.999925,0.999350,0.998984,0.999866,0.181292,0.233871
2,C_Normal_Persist,C,False,False,165,17149893330638238426,0.996897,0.994742,0.997316,0.997475,0.142217,0.165140
2,C_Normal_Persist,C,False,False,166,18325601549438683660,0.998074,0.998656,0.996484,0.999601,0.334520,0.362318
2,C_Normal_Persist,C,False,False,167,10190326765236866235,0.998101,0.998825,0.998587,0.999887,0.313227,0.342999
2,C_Normal_Persist,C,False,False,168,6061589707097844384,0.999440,0.999279,0.999235,0.999826,0.115312,0.146413
2,C_Normal_Persist,C,False,False,169,5601945679818616925,0.999996,0.999911,0.997952,0.999780,0.212085,0.243110
2,C_Normal_Persist,C,False,False,170,15491249621303076131,0.999055,0.999070,0.998254,0.999194,0.121549,0.164069
2,C_Normal_Persist,C,False,False,171,5123883260306619871,0.998449,0.998970,0.998226,0.999611,0.166636,0.184693
2,C_Normal_Persist,C,False,False,172,630967390511860603,0.999933,0.999713,0.999500,0.999871,0.127695,0.151674
2,C_Normal_Persist,C,False,False,173,17887582371501216710,0.997794,0.998411,0.999754,0.999882,0.081228,0.088551
2,C_Normal_Persist,C,False,False,174,11002617629089618025,0.999899,0.999645,0.999130,0.999774,0.097535,0.141664
2,C_Normal_Persist,C,False,False,175,13461206330911800875,0.999289,0.998598,0.994982,0.998759,0.424569,0.471316
2,C_Normal_Persist,C,False,False,176,11204587358777533761,0.995691,0.994085,0.994947,0.995508,0.083248,0.095864
2,C_Normal_Persist,C,False,False,177,3518805355594050572,0.999503,0.999363,0.999030,0.999773,0.085754,0.092214
2,C_Normal_Persist,C,False,False,178,3725154074847207044,0.999923,0.999996,0.997627,0.999004,0.090092,0.117504
2,C_Normal_Persist,C,False,False,179,10134710146518553802,0.994859,0.995577,0.997503,0.998299,0.056725,0.083761
2,C_Normal_Persist,C,False,False,180,1335233783493599721,0.996687,0.998257,0.997069,0.999041,0.185582,0.223039
2,C_Normal_Persist,C,False,False,181,15056713514391914794,0.998143,0.998585,0.999051,0.999412,0.086087,0.096674
2,C_Normal_Persist,C,False,False,182,10021519124506508465,0.999235,0.998673,0.999260,0.999857,0.110759,0.136719
2,C_Normal_Persist,C,False,False,183,2259144339239517302,0.999110,0.999570,0.996961,0.998411,0.147502,0.168253
2,C_Normal_Persist,C,False,False,184,8597310287789528909,0.999528,0.998780,0.998687,0.999466,0.200788,0.187230
2,C_Normal_Persist,C,False,False,185,333564597698455035,0.998443,0.996881,0.999460,0.999347,0.039873,0.080932
2,C_Normal_Persist,C,False,False,186,17492298614688264796,0.996409,0.996802,0.997465,0.999339,0.243924,0.272688
2,C_Normal_Persist,C,False,False,187,14561582962054764674,0.998976,0.999939,0.999404,0.999498,0.086838,0.105623
2,C_Normal_Persist,C,False,False,188,9321282058850296768,0.999907,0.999327,0.998781,0.999555,0.101988,0.132695
2,C_Normal_Persist,C,False,False,189,17523313417862648185,0.999052,0.998988,0.999398,0.999250,0.051850,0.088482
2,C_Normal_Persist,C,False,False,190,12849767616602626853,0.999869,0.999998,0.999646,0.999889,0.050379,0.067708
2,C_Normal_Persist,C,False,False,191,15870432040626249822,0.993831,0.990978,0.993791,0.996699,0.184132,0.193808
2,C_Normal_Persist,C,False,False,192,10550213728613025279,0.998603,0.998078,0.998849,0.999635,0.069217,0.097102
2,C_Normal_Persist,C,False,False,193,6137904360011191723,0.999756,0.999048,0.999769,0.999496,0.032991,0.051742
2,C_Normal_Persist,C,False,False,194,3799056915887154226,0.999953,0.999650,0.999309,0.999608,0.091230,0.110529
2,C_Normal_Persist,C,False,False,195,12014460248946203208,0.999972,0.999111,0.993902,0.995725,0.241998,0.286402
2,C_Normal_Persist,C,False,False,196,8097252152148288981,0.996425,0.997633,0.997336,0.998745,0.113870,0.164794
2,C_Normal_Persist,C,False,False,197,2895730426707718848,0.997653,0.992762,0.994404,0.996268,0.271505,0.302253
2,C_Normal_Persist,C,False,False,198,6048402711005901400,0.999427,0.999705,0.998914,0.999445,0.047339,0.071330
2,C_Normal_Persist,C,False,False,199,7542638330629953102,0.994680,0.996294,0.996393,0.998404,0.377052,0.411388
2,C_Normal_Persist,C,False,False,200,11776354882585295752,0.998946,0.998146,0.998579,0.998982,0.127390,0.135772
2,C_Normal_Persist,C,False,False,201,893470402347094723,0.999344,0.999301,0.999469,0.999257,0.216974,0.244372
2,C_Normal_Persist,C,False,False,202,243889615011570962,0.998740,0.999005,0.999092,0.999664,0.116337,0.141626
2,C_Normal_Persist,C,False,False,203,9820145312283404471,0.999931,0.999957,0.996302,0.999663,0.434059,0.480090
2,C_Normal_Persist,C,False,False,204,10570384832821214549,0.993512,0.995063,0.993140,0.995750,0.096926,0.121657
2,C_Normal_Persist,C,False,False,205,14448391510946594017,0.999948,0.999880,0.999237,0.999867,0.168559,0.183597
2,C_Normal_Persist,C,False,False,206,14942315956087569102,0.998693,0.999260,0.999752,0.999835,0.079217,0.107163
2,C_Normal_Persist,C,False,False,207,8020906023764957790,0.999945,0.999842,0.999852,0.999631,0.072298,0.095829
2,C_Normal_Persist,C,False,False,208,17533477581718638523,1.000000,0.999998,0.999492,0.999862,0.073730,0.089192
2,C_Normal_Persist,C,False,False,209,3986291533271431465,0.999433,0.999690,0.998959,0.999801,0.137759,0.181775
2,C_Normal_Persist,C,False,False,210,6858581040678478021,0.999415,0.999896,0.997964,0.998611,0.052480,0.072123
2,C_Normal_Persist,C,False,False,211,5433820099712756166,0.999771,0.999987,0.995788,0.998794,0.187777,0.214464
2,C_Normal_Persist,C,False,False,212,913219244930030561,0.998111,0.997211,0.995788,0.999056,0.313131,0.336685
2,C_Normal_Persist,C,False,False,213,14155859008555226885,0.997569,0.999603,0.997493,0.999243,0.227703,0.237827
2,C_Normal_Persist,C,False,False,214,15696131979126169273,0.995095,0.999638,0.998044,0.999839,0.349811,0.396128
2,C_Normal_Persist,C,False,False,215,10865252265874283920,0.998493,0.996894,0.998848,0.998831,0.121527,0.143145
2,C_Normal_Persist,C,False,False,216,3299936201671113078,0.998007,0.997336,0.998110,0.998459,0.060355,0.097117
2,C_Normal_Persist,C,False,False,217,7034544651747484479,0.986297,0.991895,0.990021,0.994475,0.246455,0.305769
2,C_Normal_Persist,C,False,False,218,5674445355567340232,0.999836,0.999900,0.997047,0.999033,0.169470,0.173210
2,C_Normal_Persist,C,False,False,219,7728268397887544114,0.997718,0.996769,0.998868,0.999453,0.150263,0.179005
2,C_Normal_Persist,C,False,False,220,3130392757108083845,0.999670,0.998589,0.998973,0.999241,0.132846,0.158113
2,C_Normal_Persist,C,False,False,221,10777093747328303064,0.997244,0.999112,0.997752,0.998906,0.134683,0.137263
2,C_Normal_Persist,C,False,False,222,11356269441969033940,0.999884,0.999781,0.999540,0.999926,0.085531,0.108216
2,C_Normal_Persist,C,False,False,223,2255311901567165054,0.999806,0.999243,0.998882,0.999752,0.104526,0.126834
2,C_Normal_Persist,C,False,False,224,16010910806344895290,0.996971,0.997366,0.998363,0.998025,0.138101,0.191977
2,C_Normal_Persist,C,False,False,225,6025627552946505918,0.999570,0.999280,0.998619,0.998970,0.105953,0.131711
2,C_Normal_Persist,C,False,False,226,10481579002711438037,1.000000,0.999816,0.999029,0.999766,0.119268,0.137249
2,C_Normal_Persist,C,False,False,227,13224138687733317904,0.999922,0.999998,0.998805,0.999716,0.153111,0.178269
2,C_Normal_Persist,C,False,False,228,13736580550335067460,0.982615,0.984403,0.986597,0.991340,0.242492,0.284689
2,C_Normal_Persist,C,False,False,229,2100571567579877118,0.996586,0.997299,0.995456,0.998856,0.224973,0.274530
2,C_Normal_Persist,C,False,False,230,132039649175139833,0.998098,0.998473,0.999300,0.999561,0.037253,0.061617
2,C_Normal_Persist,C,False,False,231,1918095178347613684,0.998077,0.995477,0.992869,0.996916,0.442580,0.483783
2,C_Normal_Persist,C,False,False,232,226017230691917394,0.986314,0.990615,0.996214,0.998157,0.350197,0.401487
2,C_Normal_Persist,C,False,False,233,17482472574535914948,0.999926,0.999993,0.999558,0.999774,0.077330,0.106197
2,C_Normal_Persist,C,False,False,234,12139998342926056027,0.996118,0.996832,0.994510,0.997909,0.257839,0.274694
2,C_Normal_Persist,C,False,False,235,12115596873117885036,0.999088,0.999250,0.998443,0.999540,0.084740,0.103047
2,C_Normal_Persist,C,False,False,236,9407544215159353470,0.999409,0.998798,0.995752,0.998827,0.335591,0.374086
2,C_Normal_Persist,C,False,False,237,10636026082332281339,0.999779,0.999950,0.998180,0.999781,0.238584,0.280122
2,C_Normal_Persist,C,False,False,238,6120207616582287825,0.999474,0.999692,0.999540,0.999787,0.067485,0.084346
2,C_Normal_Persist,C,False,False,239,7842239054971821920,0.997666,0.999360,0.998948,0.999846,0.159745,0.161414
2,C_Normal_Persist,C,False,False,240,2756200343474302081,0.999885,0.999997,0.995867,0.999403,0.374073,0.397095
2,C_Normal_Persist,C,False,False,241,17149757415864091486,0.991485,0.994839,0.998546,0.998963,0.121125,0.152924
2,C_Normal_Persist,C,False,False,242,18306805607048750719,0.998212,0.998963,0.999507,0.999599,0.092847,0.121838
2,C_Normal_Persist,C,False,False,243,1272645639021624010,0.998043,0.999011,0.997484,0.998783,0.131653,0.155595
2,C_Normal_Persist,C,False,False,244,17327218360703069231,1.000000,1.000000,0.998740,0.999700,0.155566,0.188821
2,C_Normal_Persist,C,False,False,245,17759525907834490988,0.985366,0.982466,0.996922,0.995522,0.059464,0.073149
2,C_Normal_Persist,C,False,False,246,3318373645143828852,0.992563,0.996194,0.994118,0.998794,0.464699,0.526318
2,C_Normal_Persist,C,False,False,247,16250859629786398269,0.997807,0.997162,0.996026,0.998303,0.215949,0.289205
2,C_Normal_Persist,C,False,False,248,15452374143411863128,0.995115,0.997626,0.993221,0.997624,0.190852,0.231978
2,C_Normal_Persist,C,False,False,249,11918955871422546268,0.999578,0.999964,0.999313,0.999942,0.121399,0.164551
2,C_Normal_Persist,C,False,False,250,9250437702277119235,0.999310,0.999774,0.997684,0.999793,0.267073,0.300262
2,C_Normal_Persist,C,False,False,251,2941869452820874145,0.994965,0.994034,0.997601,0.998413,0.139365,0.170214
2,C_Normal_Persist,C,False,False,252,1857112641978443812,0.992482,0.995182,0.990554,0.996755,0.473767,0.535564
2,C_Normal_Persist,C,False,False,253,8163603308174108928,0.999475,0.999701,0.999667,0.999681,0.036474,0.058215
2,C_Normal_Persist,C,False,False,254,6024775260968065143,0.998135,0.997577,0.998127,0.998803,0.131721,0.157109
2,C_Normal_Persist,C,False,False,255,7643871789465853361,0.996597,0.995908,0.997697,0.997943,0.092240,0.127962
2,C_Normal_Persist,C,False,False,256,6719704579534968149,0.998489,0.999444,0.998744,0.999649,0.117292,0.160386
2,C_Normal_Persist,C,False,False,257,347940605765866182,0.993850,0.995143,0.996202,0.997551,0.473764,0.521338
2,C_Normal_Persist,C,False,False,258,12539942917248664743,0.995790,0.992826,0.996422,0.996898,0.239814,0.296157
2,C_Normal_Persist,C,False,False,259,12095936720783089605,0.999997,0.999648,0.999341,0.999806,0.091960,0.118649
2,C_Normal_Persist,C,False,False,260,12270696629177418001,0.997624,0.996757,0.998622,0.998232,0.095741,0.117048
2,C_Normal_Persist,C,False,False,261,18204617472700776754,0.997379,0.998533,0.998975,0.999559,0.102504,0.119385
2,C_Normal_Persist,C,False,False,262,8535157939385797726,0.999986,1.000000,0.999451,0.999709,0.110358,0.135969
2,C_Normal_Persist,C,False,False,263,4870281892885665024,0.999805,0.999700,0.999193,0.999771,0.161191,0.191613
2,C_Normal_Persist,C,False,False,264,5520412243721110974,0.999991,0.999534,0.997138,0.999851,0.500834,0.524442
2,C_Normal_Persist,C,False,False,265,11818947917924771819,0.993820,0.997526,0.995648,0.999047,0.276725,0.312135
2,C_Normal_Persist,C,False,False,266,10565144957787455845,0.999503,0.999720,0.999590,0.999555,0.121130,0.144133
2,C_Normal_Persist,C,False,False,267,5430080592517956696,0.988754,0.990310,0.982822,0.992362,0.525039,0.573507
2,C_Normal_Persist,C,False,False,268,12432378682885119804,0.996231,0.999228,0.994252,0.999637,0.575524,0.628552
2,C_Normal_Persist,C,False,False,269,2579631748595137139,0.999796,0.999940,0.999510,0.999926,0.103449,0.130760
2,C_Normal_Persist,C,False,False,270,15380420987823100221,0.997123,0.996729,0.999509,0.999717,0.060784,0.078655
2,C_Normal_Persist,C,False,False,271,4805694993994524380,0.999925,0.998992,0.997984,0.999306,0.282401,0.321680
2,C_Normal_Persist,C,False,False,272,9901262837461108762,0.998534,0.999996,0.998224,0.999354,0.141729,0.174948
2,C_Normal_Persist,C,False,False,273,7063803804997154409,0.998706,0.999609,0.995559,0.999430,0.441354,0.491199
2,C_Normal_Persist,C,False,False,274,3565492236794121322,0.999882,0.999909,0.999664,0.999893,0.119716,0.145838
2,C_Normal_Persist,C,False,False,275,1659452194194621792,0.999939,0.999755,0.999384,0.999591,0.063378,0.083925
2,C_Normal_Persist,C,False,False,276,11235858940528230757,0.994506,0.995477,0.998346,0.998313,0.137513,0.178222
2,C_Normal_Persist,C,False,False,277,8753564013790642367,0.998160,0.997791,0.999509,0.999434,0.062670,0.083400
2,C_Normal_Persist,C,False,False,278,6611397272207029152,0.998789,0.999177,0.998735,0.999417,0.100256,0.114764
2,C_Normal_Persist,C,False,False,279,5717983360221344099,0.999979,0.999795,0.999075,0.999669,0.105995,0.134365
2,C_Normal_Persist,C,False,False,280,10740038221295864954,0.999855,0.999859,0.999573,0.999715,0.038356,0.048808
2,C_Normal_Persist,C,False,False,281,1089122209093182178,0.992758,0.994175,0.999106,0.998449,0.144510,0.156492
2,C_Normal_Persist,C,False,False,282,8778374665445876374,0.999137,0.999867,0.999516,0.999518,0.057768,0.083554
2,C_Normal_Persist,C,False,False,283,17453799416803131938,0.999354,0.999971,0.999534,0.999903,0.114372,0.132363
2,C_Normal_Persist,C,False,False,284,10636249836993371091,0.998942,0.998701,0.995986,0.999415,0.318877,0.351667
2,C_Normal_Persist,C,False,False,285,2555819805360550689,0.994858,0.997157,0.996568,0.998682,0.147574,0.167253
2,C_Normal_Persist,C,False,False,286,6796295619674611597,0.994077,0.996522,0.998857,0.999240,0.054430,0.079216
2,C_Normal_Persist,C,False,False,287,15016598325194180957,0.995900,0.997220,0.998771,0.998906,0.108631,0.108668
2,C_Normal_Persist,C,False,False,288,12544079422750208448,1.000000,0.999330,0.999587,0.999607,0.064023,0.097516
2,C_Normal_Persist,C,False,False,289,11314320502137995114,0.991668,0.989575,0.992690,0.993964,0.129062,0.141184
2,C_Normal_Persist,C,False,False,290,574643491109084148,0.996233,0.995941,0.999115,0.999574,0.081920,0.098855
2,C_Normal_Persist,C,False,False,291,17362590979016051518,0.998609,0.999999,0.998612,0.999889,0.220223,0.240038
2,C_Normal_Persist,C,False,False,292,18406894302090958473,0.996219,0.997905,0.999102,0.999525,0.098015,0.124011
2,C_Normal_Persist,C,False,False,293,8669469089040367685,0.994878,0.995908,0.997393,0.998866,0.148229,0.161490
2,C_Normal_Persist,C,False,False,294,16787851102542773483,0.999904,0.999746,0.996108,0.998895,0.252772,0.283613
2,C_Normal_Persist,C,False,False,295,309160047816129741,0.997297,0.997895,0.999423,0.999463,0.044522,0.069864
2,C_Normal_Persist,C,False,False,296,10292771066511168844,0.999806,0.999292,0.999374,0.999788,0.115608,0.143347
2,C_Normal_Persist,C,False,False,297,7272205183987119878,0.999723,0.997522,0.999088,0.999121,0.123039,0.157117
2,C_Normal_Persist,C,False,False,298,8906034253763378047,0.999581,0.999953,0.998632,0.999856,0.233558,0.275797
2,C_Normal_Persist,C,False,False,299,16168859327819218012,0.995368,0.995966,0.998304,0.998752,0.098615,0.122622
2,C_Normal_Persist,C,False,False,300,15404308453710997902,0.999430,0.999900,0.994876,0.999440,0.437314,0.475804
2,C_Normal_Persist,C,False,False,301,8804169904374501952,0.998032,0.997292,0.998732,0.999077,0.038285,0.062956
2,C_Normal_Persist,C,False,False,302,15808283805342319210,0.997809,0.998167,0.999041,0.998944,0.080133,0.123730
2,C_Normal_Persist,C,False,False,303,6755455452630501036,0.999551,0.997614,0.998126,0.998912,0.131938,0.165340
2,C_Normal_Persist,C,False,False,304,7340507067919036417,0.999996,0.999651,0.998555,0.997374,0.064663,0.102885
2,C_Normal_Persist,C,False,False,305,6769518984111108961,0.999414,0.999257,0.998157,0.998660,0.092279,0.117673
2,C_Normal_Persist,C,False,False,306,15612596560475012332,0.998443,0.998803,0.994416,0.999603,0.678579,0.734263
2,C_Normal_Persist,C,False,False,307,6010630130529795827,0.999729,0.998252,0.998909,0.998931,0.078540,0.110083
2,C_Normal_Persist,C,False,False,308,3926984283248401985,0.996625,0.996047,0.997476,0.998183,0.136216,0.173126
2,C_Normal_Persist,C,False,False,309,298562105956510812,1.000000,0.999395,0.998227,0.999287,0.141504,0.176399
2,C_Normal_Persist,C,False,False,310,12786100390325557349,0.998325,0.998593,0.998303,0.999420,0.125961,0.136092
2,C_Normal_Persist,C,False,False,311,6441681892053690222,0.999698,0.999457,0.996674,0.999304,0.274523,0.310646
2,C_Normal_Persist,C,False,False,312,9127803635443021585,0.999687,0.999792,0.998035,0.999629,0.212457,0.245712
2,C_Normal_Persist,C,False,False,313,1563884787589638231,0.996095,0.996403,0.994039,0.997160,0.168227,0.182391
2,C_Normal_Persist,C,False,False,314,9682273736836061616,0.999564,0.999418,0.995620,0.999588,0.581131,0.638005
2,C_Normal_Persist,C,False,False,315,5625971799077651469,0.999802,0.999412,0.999635,0.999421,0.056179,0.070762
2,C_Normal_Persist,C,False,False,316,17319194398648846293,0.997310,0.995331,0.997514,0.998764,0.131096,0.156067
2,C_Normal_Persist,C,False,False,317,3887857375984036765,0.997989,0.999042,0.998173,0.998984,0.150723,0.190713
2,C_Normal_Persist,C,False,False,318,17034741809074855065,0.999206,0.999559,0.998187,0.999310,0.089657,0.106726
2,C_Normal_Persist,C,False,False,319,8963488101999164988,0.994398,0.991268,0.998684,0.998731,0.145693,0.196740
2,C_Normal_Persist,C,False,False,320,16127022722643247491,0.998424,0.999223,0.999458,0.999798,0.057630,0.072471
2,C_Normal_Persist,C,False,False,321,2647963489867744021,0.999723,0.999068,0.999188,0.999716,0.236484,0.261061
2,C_Normal_Persist,C,False,False,322,6315816724469533254,0.993164,0.988541,0.995164,0.994128,0.103211,0.129620
2,C_Normal_Persist,C,False,False,323,6852559023477562461,0.999874,0.999386,0.998947,0.998392,0.085535,0.093000
2,C_Normal_Persist,C,False,False,324,4456712134580514009,0.999148,0.997367,0.998454,0.999308,0.099394,0.116355
2,C_Normal_Persist,C,False,False,325,5318963551646195641,0.993632,0.994538,0.988908,0.996453,0.460221,0.511016
2,C_Normal_Persist,C,False,False,326,17185773801850408096,0.999997,0.999036,0.999150,0.999000,0.087941,0.111536
2,C_Normal_Persist,C,False,False,327,10513823239408540171,0.997071,0.995127,0.995221,0.998587,0.279992,0.326477
2,C_Normal_Persist,C,False,False,328,5736288508735152510,0.999999,0.999966,0.999240,0.999727,0.053048,0.085327
2,C_Normal_Persist,C,False,False,329,2018680771372196197,0.999829,0.999955,0.997055,0.999238,0.172067,0.193772
2,C_Normal_Persist,C,False,False,330,6037613826248318455,0.998693,0.999609,0.999763,0.999474,0.116867,0.132550
2,C_Normal_Persist,C,False,False,331,5799377644130154854,0.997910,0.999585,0.998625,0.999349,0.231263,0.258721
2,C_Normal_Persist,C,False,False,332,16846895519383676252,0.993213,0.995871,0.997604,0.998231,0.053932,0.078256
2,C_Normal_Persist,C,False,False,333,12732461644464846399,0.999984,0.999999,0.998124,0.999143,0.136919,0.171800
2,C_Normal_Persist,C,False,False,334,7212303484259241794,0.999821,0.999995,0.999382,0.999948,0.128999,0.150357
2,C_Normal_Persist,C,False,False,335,18070376338353575261,0.998567,0.999757,0.997813,0.999621,0.348101,0.384178
2,C_Normal_Persist,C,False,False,336,15430434521580166180,0.999276,0.997327,0.998850,0.998155,0.085059,0.095122
2,C_Normal_Persist,C,False,False,337,1233226563901410952,0.999966,0.999988,0.999241,0.999624,0.117516,0.151026
2,C_Normal_Persist,C,False,False,338,77841375356384252,0.999206,0.997987,0.993818,0.998505,0.445342,0.475402
2,C_Normal_Persist,C,False,False,339,4533847369381501656,0.998726,0.999995,0.998950,0.999900,0.190520,0.215796
2,C_Normal_Persist,C,False,False,340,9193425479216985611,0.999906,0.999937,0.997522,0.999658,0.236551,0.251655
2,C_Normal_Persist,C,False,False,341,16613927251989278188,0.999273,0.997276,0.998714,0.998987,0.078629,0.098021
2,C_Normal_Persist,C,False,False,342,8110925298027851172,0.996294,0.998540,0.998720,0.999167,0.079356,0.093749
2,C_Normal_Persist,C,False,False,343,15363302628300583477,0.999620,0.999986,0.999316,0.999838,0.176614,0.200781
2,C_Normal_Persist,C,False,False,344,17080959322316925852,0.997686,0.998638,0.997623,0.998652,0.115235,0.138453
2,C_Normal_Persist,C,False,False,345,10532731812967703814,0.999064,0.999648,0.998371,0.999392,0.091149,0.114944
2,C_Normal_Persist,C,False,False,346,4661406458398118248,0.999999,0.999577,0.996337,0.998788,0.317084,0.343905
2,C_Normal_Persist,C,False,False,347,739417354008965110,0.997147,0.998255,0.998688,0.998660,0.078492,0.100953
2,C_Normal_Persist,C,False,False,348,12381251996136605695,0.988633,0.989980,0.994910,0.995133,0.323106,0.345911
2,C_Normal_Persist,C,False,False,349,7176901112411874588,0.995092,0.994026,0.996843,0.997723,0.074140,0.117127
2,C_Normal_Persist,C,False,False,350,18179090904070478284,0.998277,0.996844,0.998675,0.998431,0.183470,0.212503
2,C_Normal_Persist,C,False,False,351,16216426393843874472,0.992492,0.990788,0.992315,0.994469,0.131745,0.153388
2,C_Normal_Persist,C,False,False,352,11697374521980198218,0.999299,0.999939,0.999721,0.999765,0.041660,0.065060
2,C_Normal_Persist,C,False,False,353,10530402533600480720,0.995694,0.995388,0.997478,0.999318,0.560299,0.581252
2,C_Normal_Persist,C,False,False,354,218159029083383438,0.998601,0.997415,0.996420,0.996446,0.114294,0.144386
2,C_Normal_Persist,C,False,False,355,15938430537222713441,0.999998,0.999317,0.999212,0.999162,0.083655,0.100676
2,C_Normal_Persist,C,False,False,356,8233683461455053208,0.994133,0.997292,0.998700,0.999304,0.119429,0.146991
2,C_Normal_Persist,C,False,False,357,3213279549512427018,0.998993,0.999035,0.999542,0.999369,0.074186,0.090601
2,C_Normal_Persist,C,False,False,358,11044570156947469535,0.999151,0.999052,0.993963,0.997917,0.408134,0.461845
2,C_Normal_Persist,C,False,False,359,5609773158543104419,0.999969,1.000000,0.994896,0.999433,0.504988,0.561930
2,C_Normal_Persist,C,False,False,360,1631127418154801170,0.994396,0.998143,0.996176,0.998320,0.243928,0.286135
2,C_Normal_Persist,C,False,False,361,10107577802111654472,0.999886,0.999364,0.999419,0.999651,0.050615,0.067610
2,C_Normal_Persist,C,False,False,362,13435981625046672626,0.998330,0.998937,0.998577,0.999256,0.202321,0.249453
2,C_Normal_Persist,C,False,False,363,5076586001613983452,0.999632,0.999090,0.999245,0.998593,0.112389,0.140674
2,C_Normal_Persist,C,False,False,364,889294268675480534,0.999875,0.999711,0.997342,0.999165,0.187580,0.251333
2,C_Normal_Persist,C,False,False,365,9443601402894302770,0.996702,0.997635,0.999295,0.999305,0.061771,0.089178
2,C_Normal_Persist,C,False,False,366,9337898394131387769,0.997385,0.999143,0.999306,0.999800,0.131414,0.176721
2,C_Normal_Persist,C,False,False,367,15924144300492434850,0.999708,0.998347,0.998949,0.999473,0.093352,0.125134
2,C_Normal_Persist,C,False,False,368,17097241791958133863,0.995319,0.995585,0.986892,0.995602,0.644357,0.656138
2,C_Normal_Persist,C,False,False,369,1699616954193662700,0.999988,0.999962,0.999095,0.999885,0.137295,0.143715
2,C_Normal_Persist,C,False,False,370,13218613855761793953,0.997316,0.996550,0.997989,0.999374,0.194181,0.228083
2,C_Normal_Persist,C,False,False,371,9353120536001699678,0.996931,0.998339,0.998105,0.999786,0.337747,0.393345
2,C_Normal_Persist,C,False,False,372,7860202479326175905,0.998385,0.998441,0.997504,0.998675,0.070111,0.088320
2,C_Normal_Persist,C,False,False,373,809934042908195311,0.999483,0.999868,0.998846,0.999436,0.281266,0.305989
2,C_Normal_Persist,C,False,False,374,17807770604631168065,0.999830,0.999687,0.998772,0.999780,0.140652,0.166409
2,C_Normal_Persist,C,False,False,375,14229584807841661241,0.999890,0.998981,0.999146,0.999081,0.128393,0.132471
2,C_Normal_Persist,C,False,False,376,3698788215791684988,0.999445,0.999866,0.999209,0.999737,0.065767,0.090933
2,C_Normal_Persist,C,False,False,377,16508908633153610564,0.999949,0.999465,0.998667,0.999079,0.134712,0.167637
2,C_Normal_Persist,C,False,False,378,3108563698546303071,0.995858,0.997329,0.997036,0.998507,0.254724,0.292678
2,C_Normal_Persist,C,False,False,379,6064646696349091367,0.999903,0.999043,0.997713,0.999571,0.234984,0.289194
2,C_Normal_Persist,C,False,False,380,4490767632367895263,0.996773,0.998460,0.996229,0.999443,0.417045,0.434561
2,C_Normal_Persist,C,False,False,381,6925961320832089608,0.999955,0.999895,0.999748,0.999898,0.066978,0.090699
2,C_Normal_Persist,C,False,False,382,9716812247813538161,0.999900,0.999149,0.998888,0.998918,0.110897,0.131532
2,C_Normal_Persist,C,False,False,383,4068886649185200681,0.999340,0.999572,0.998093,0.997591,0.093064,0.127990
2,C_Normal_Persist,C,False,False,384,11209271449585816782,0.993567,0.997150,0.998071,0.999318,0.143889,0.180043
2,C_Normal_Persist,C,False,False,385,10449438615821631413,0.996378,0.995679,0.997095,0.999098,0.219143,0.248859
2,C_Normal_Persist,C,False,False,386,12528705737834306576,0.999971,0.999640,0.999194,0.999771,0.078817,0.106644
2,C_Normal_Persist,C,False,False,387,14461014433860399448,0.998414,0.997631,0.999742,0.999663,0.051055,0.069575
2,C_Normal_Persist,C,False,False,388,17036354408387910359,0.999544,0.999829,0.999796,0.999833,0.086978,0.091348
2,C_Normal_Persist,C,False,False,389,2968792030627965655,0.988160,0.997278,0.993525,0.998967,0.441099,0.532311
2,C_Normal_Persist,C,False,False,390,6652044319088444050,0.999898,1.000000,0.998591,0.999758,0.220862,0.262395
2,C_Normal_Persist,C,False,False,391,15349674647353231375,0.998304,0.999016,0.999667,0.999727,0.149259,0.195071
2,C_Normal_Persist,C,False,False,392,12956390619277572902,0.994428,0.988759,0.994623,0.993684,0.081126,0.112743
2,C_Normal_Persist,C,False,False,393,8632152929542653314,0.982578,0.987972,0.996039,0.996818,0.060315,0.072814
2,C_Normal_Persist,C,False,False,394,13489838995597361060,0.996127,0.994781,0.998580,0.998388,0.039151,0.072234
2,C_Normal_Persist,C,False,False,395,8397480034567797341,0.999966,0.999768,0.996918,0.999418,0.297688,0.331420
2,C_Normal_Persist,C,False,False,396,572578759000541977,0.998346,0.996483,0.990783,0.997626,0.629260,0.643585
2,C_Normal_Persist,C,False,False,397,13628829823527901688,0.999862,0.998954,0.998867,0.999356,0.159477,0.193863
2,C_Normal_Persist,C,False,False,398,8786274946318538394,0.998974,0.998115,0.999140,0.999597,0.117580,0.150269
2,C_Normal_Persist,C,False,False,399,17148487951828407228,0.999494,0.997478,0.998931,0.998957,0.071020,0.092446
2,C_Normal_Persist,C,False,False,400,8621445611113543105,0.996689,0.995765,0.999101,0.998525,0.202054,0.228209
2,C_Normal_Persist,C,False,False,401,10179515886744428747,0.995860,0.998052,0.997762,0.997175,0.343144,0.360438
2,C_Normal_Persist,C,False,False,402,5263073590305692028,0.992060,0.988851,0.993193,0.994014,0.156053,0.201309
2,C_Normal_Persist,C,False,False,403,4491665192208708368,0.998914,0.995929,0.996076,0.997131,0.117361,0.159035
2,C_Normal_Persist,C,False,False,404,14713496630084702544,0.990367,0.991953,0.997347,0.998329,0.100236,0.128533
2,C_Normal_Persist,C,False,False,405,18217086105324683824,0.992055,0.996671,0.998335,0.998848,0.135464,0.173208
2,C_Normal_Persist,C,False,False,406,10749746723052498494,0.999514,0.999751,0.997703,0.999480,0.130814,0.160593
2,C_Normal_Persist,C,False,False,407,18246126267120189980,0.999286,0.998422,0.996670,0.999414,0.432491,0.448742
2,C_Normal_Persist,C,False,False,408,8459924804779860814,0.998670,0.999491,0.999362,0.999440,0.062042,0.079887
2,C_Normal_Persist,C,False,False,409,5714695769202335536,0.998138,0.998637,0.999563,0.999698,0.077119,0.104007
2,C_Normal_Persist,C,False,False,410,2705259967870923276,0.996015,0.996872,0.998543,0.999243,0.089147,0.111818
2,C_Normal_Persist,C,False,False,411,17265408025743322272,0.995555,0.996421,0.995196,0.996367,0.111025,0.133580
2,C_Normal_Persist,C,False,False,412,4070450581500520858,0.996930,0.994068,0.996561,0.998301,0.378216,0.377998
2,C_Normal_Persist,C,False,False,413,11937367987343390450,0.998624,1.000000,0.999076,0.998958,0.217669,0.237953
2,C_Normal_Persist,C,False,False,414,2228204097219212265,0.992282,0.992105,0.993641,0.994119,0.062639,0.082617
2,C_Normal_Persist,C,False,False,415,6218040735698174383,0.999970,1.000000,0.999271,0.999902,0.140370,0.173542
2,C_Normal_Persist,C,False,False,416,273967810533236498,0.998569,0.996876,0.999000,0.999404,0.117912,0.160781
2,C_Normal_Persist,C,False,False,417,4890657234485810181,0.992676,0.993801,0.997689,0.998539,0.063844,0.083797
2,C_Normal_Persist,C,False,False,418,10530269770838648716,0.998983,0.998687,0.997798,0.999606,0.309866,0.337089
2,C_Normal_Persist,C,False,False,419,5717613608194174434,0.999325,0.999644,0.999416,0.999711,0.128374,0.151809
2,C_Normal_Persist,C,False,False,420,4380229605504538627,0.997186,0.999063,0.999479,0.999424,0.142075,0.166289
2,C_Normal_Persist,C,False,False,421,17052111524647196738,0.999961,0.999793,0.999385,0.999215,0.067558,0.084497
2,C_Normal_Persist,C,False,False,422,8684453560940732015,0.997473,0.995261,0.993893,0.995961,0.099087,0.109989
2,C_Normal_Persist,C,False,False,423,7391632130586088684,0.999162,0.997662,0.998455,0.997841,0.148127,0.193018
2,C_Normal_Persist,C,False,False,424,6922484385907123561,0.997312,0.996015,0.996867,0.997760,0.110201,0.118261
2,C_Normal_Persist,C,False,False,425,10994204324558765607,0.999969,0.999961,0.998535,0.999759,0.219920,0.266246
2,C_Normal_Persist,C,False,False,426,10873690342053302654,0.998151,0.998719,0.998982,0.999721,0.196908,0.230636
2,C_Normal_Persist,C,False,False,427,4560719443528427709,0.999960,0.999473,0.998689,0.999025,0.068591,0.084395
2,C_Normal_Persist,C,False,False,428,2634595362867436150,0.998335,0.998922,0.999709,0.999247,0.121019,0.123153
2,C_Normal_Persist,C,False,False,429,2666583190636308888,0.999436,0.999611,0.999571,0.999902,0.062269,0.092769
2,C_Normal_Persist,C,False,False,430,4887466283209176685,0.998579,0.998587,0.998219,0.999514,0.100335,0.129672
2,C_Normal_Persist,C,False,False,431,6142103793841473221,0.999928,0.998751,0.998344,0.999190,0.233355,0.244082
2,C_Normal_Persist,C,False,False,432,16928148536966809649,0.999503,0.998959,0.999085,0.999699,0.117738,0.144444
2,C_Normal_Persist,C,False,False,433,14869119337325419202,0.999698,0.999013,0.998508,0.999750,0.147148,0.182999
2,C_Normal_Persist,C,False,False,434,551581292176731320,0.999980,0.999959,0.994065,0.999617,0.596614,0.639915
2,C_Normal_Persist,C,False,False,435,2919820061619758583,0.997976,0.995998,0.998593,0.998853,0.172257,0.209542
2,C_Normal_Persist,C,False,False,436,9569849619467352153,0.994672,0.990380,0.996183,0.996378,0.107637,0.134095
2,C_Normal_Persist,C,False,False,437,4923191908046576156,0.999886,0.999795,0.995276,0.999169,0.308054,0.354866
2,C_Normal_Persist,C,False,False,438,11160853456308725333,0.996195,0.998886,0.997035,0.999675,0.460909,0.523509
2,C_Normal_Persist,C,False,False,439,12256520244134322506,0.995935,0.996851,0.997418,0.997798,0.085835,0.124952
2,C_Normal_Persist,C,False,False,440,6058100105049823194,0.999817,0.999486,0.998198,0.998899,0.308013,0.338584
2,C_Normal_Persist,C,False,False,441,17557268983383755058,0.999899,0.999057,0.998513,0.999619,0.187615,0.229554
2,C_Normal_Persist,C,False,False,442,8719804753764726851,1.000000,0.999310,0.998806,0.999636,0.128264,0.145253
2,C_Normal_Persist,C,False,False,443,12467886231032275870,0.999640,0.999616,0.996622,0.999581,0.254670,0.284708
2,C_Normal_Persist,C,False,False,444,7173585921531329084,0.999479,0.999897,0.995161,0.998766,0.426675,0.457907
2,C_Normal_Persist,C,False,False,445,13357318209381820126,0.995621,0.996975,0.998338,0.999012,0.098483,0.132680
2,C_Normal_Persist,C,False,False,446,17328470005209033211,0.999973,0.999994,0.999034,0.999562,0.060556,0.078069
2,C_Normal_Persist,C,False,False,447,11971907248440728753,0.996299,0.998962,0.998698,0.999610,0.166188,0.189568
2,C_Normal_Persist,C,False,False,448,18244148573153069159,0.998259,0.999954,0.998102,0.999839,0.263321,0.321299
2,C_Normal_Persist,C,False,False,449,1420490297230716432,0.989403,0.992437,0.998292,0.998260,0.143817,0.165820
2,C_Normal_Persist,C,False,False,450,5142640191839678931,0.999536,0.999320,0.999429,0.999590,0.154724,0.195131
2,C_Normal_Persist,C,False,False,451,15806199021003389005,0.999900,0.999985,0.999660,0.999209,0.063445,0.080791
2,C_Normal_Persist,C,False,False,452,1210093544580670227,0.986306,0.994780,0.998076,0.999205,0.093180,0.141066
2,C_Normal_Persist,C,False,False,453,2767390917699018053,0.999851,0.999758,0.999369,0.999905,0.128650,0.149357
2,C_Normal_Persist,C,False,False,454,2415599222174603701,0.998950,0.999468,0.997697,0.999597,0.276234,0.300914
2,C_Normal_Persist,C,False,False,455,17329261965885223231,0.999962,0.999967,0.999580,0.999717,0.062579,0.092383
2,C_Normal_Persist,C,False,False,456,12954339281859970200,0.999995,0.999978,0.998077,0.999112,0.137593,0.145502
2,C_Normal_Persist,C,False,False,457,15460975147080853819,0.999989,0.999067,0.991740,0.998893,0.846485,0.858973
2,C_Normal_Persist,C,False,False,458,3079872300148306324,0.998146,0.997631,0.997545,0.997746,0.051450,0.074016
2,C_Normal_Persist,C,False,False,459,9561272371518369985,0.999851,0.999886,0.999362,0.999879,0.144399,0.175545
2,C_Normal_Persist,C,False,False,460,7598790220695227859,0.999868,0.998488,0.999757,0.999540,0.149705,0.176109
2,C_Normal_Persist,C,False,False,461,14613266370752648882,0.998221,0.998057,0.996352,0.999232,0.603311,0.658925
2,C_Normal_Persist,C,False,False,462,15543990396724186827,0.999998,0.999833,0.999102,0.999803,0.101720,0.121961
2,C_Normal_Persist,C,False,False,463,6780229984191456871,0.997621,0.998011,0.998372,0.999000,0.320722,0.371381
2,C_Normal_Persist,C,False,False,464,15548074996866271817,0.999972,0.999608,0.997250,0.998522,0.115728,0.152435
2,C_Normal_Persist,C,False,False,465,15805392143434839843,0.999067,0.996228,0.998323,0.997694,0.060068,0.085900
2,C_Normal_Persist,C,False,False,466,809091522713902771,0.994971,0.998637,0.997934,0.998752,0.467437,0.511697
2,C_Normal_Persist,C,False,False,467,12967464968971982873,0.991184,0.989090,0.997896,0.997087,0.045616,0.066214
2,C_Normal_Persist,C,False,False,468,2323528972689624516,0.999979,0.999734,0.999330,0.999886,0.141988,0.153916
2,C_Normal_Persist,C,False,False,469,9890942280219949076,0.999752,0.999676,0.998326,0.998738,0.048576,0.063401
2,C_Normal_Persist,C,False,False,470,4553110062515644341,0.993722,0.997568,0.997804,0.999398,0.308242,0.340032
2,C_Normal_Persist,C,False,False,471,9041541200373512175,0.999792,0.999333,0.995340,0.998058,0.227044,0.268478
2,C_Normal_Persist,C,False,False,472,13366945727339812290,0.987578,0.991739,0.996276,0.997764,0.119924,0.146205
2,C_Normal_Persist,C,False,False,473,8306993623203523800,0.996320,0.997788,0.998268,0.998134,0.119741,0.159282
2,C_Normal_Persist,C,False,False,474,5551333349161840246,0.999328,0.998308,0.997902,0.999749,0.302599,0.359288
2,C_Normal_Persist,C,False,False,475,15719266388743168054,0.990439,0.988570,0.994813,0.994603,0.061897,0.071762
2,C_Normal_Persist,C,False,False,476,6474136063493808690,0.999760,1.000000,0.998227,0.999696,0.166383,0.186316
2,C_Normal_Persist,C,False,False,477,3270344614682223023,0.998307,0.995729,0.997294,0.997708,0.085015,0.130305
2,C_Normal_Persist,C,False,False,478,3493567754441582679,0.999157,0.999661,0.999470,0.999617,0.066713,0.074838
2,C_Normal_Persist,C,False,False,479,4587073509198868322,0.997355,0.994917,0.998986,0.999087,0.126626,0.157656
2,C_Normal_Persist,C,False,False,480,16119552638375931772,0.999955,0.999966,0.999469,0.999851,0.113353,0.139452
2,C_Normal_Persist,C,False,False,481,15875159693329812872,0.998313,0.998496,0.999102,0.998926,0.255006,0.286491
2,C_Normal_Persist,C,False,False,482,9925238072445689065,0.999825,0.999991,0.993993,0.998900,0.367746,0.388089
2,C_Normal_Persist,C,False,False,483,14884420895162160643,0.995445,0.998510,0.998787,0.999528,0.223912,0.258966
2,C_Normal_Persist,C,False,False,484,7406448756251938131,0.999949,0.999809,0.999692,0.999731,0.082018,0.113941
2,C_Normal_Persist,C,False,False,485,5746059274251331305,0.999682,0.999515,0.999174,0.999670,0.075481,0.099982
2,C_Normal_Persist,C,False,False,486,13103120449798109804,0.999984,1.000000,0.998380,0.999748,0.166223,0.200738
2,C_Normal_Persist,C,False,False,487,18360496992243770789,0.997239,0.998263,0.998405,0.999302,0.110403,0.130957
2,C_Normal_Persist,C,False,False,488,12737302543244457327,0.998562,0.998768,0.999449,0.999764,0.067463,0.088027
2,C_Normal_Persist,C,False,False,489,12156729780007772371,0.999759,0.999869,0.999728,0.999737,0.102827,0.139067
2,C_Normal_Persist,C,False,False,490,2199921447874244716,0.999420,0.998438,0.998285,0.999449,0.288950,0.292831
2,C_Normal_Persist,C,False,False,491,14109042270008023108,0.998787,0.992907,0.997330,0.997426,0.185314,0.189505
2,C_Normal_Persist,C,False,False,492,7533490750403548217,0.997656,0.998528,0.998752,0.998776,0.178000,0.201812
2,C_Normal_Persist,C,False,False,493,16367969326358424934,0.999685,0.999593,0.998556,0.999822,0.266841,0.303929
2,C_Normal_Persist,C,False,False,494,14841569279966874642,0.999313,0.999130,0.998239,0.999757,0.178722,0.205904
2,C_Normal_Persist,C,False,False,495,9998541770466310883,0.997466,0.995489,0.997352,0.998267,0.106003,0.132171
2,C_Normal_Persist,C,False,False,496,12973481581725317870,0.999996,0.999995,0.999591,0.999869,0.069136,0.088825
2,C_Normal_Persist,C,False,False,497,14361548070467963128,0.999820,0.999998,0.995247,0.999827,0.589158,0.644123
2,C_Normal_Persist,C,False,False,498,11764998296486214279,0.998377,0.999440,0.999083,0.999903,0.119003,0.154077
2,C_Normal_Persist,C,False,False,499,17099904483042342478,0.999756,0.998968,0.999536,0.999620,0.077456,0.098674
2,C_Normal_Persist,C,False,False,500,17820981305495880769,0.996065,0.998063,0.998777,0.999308,0.187656,0.199809
2,C_Normal_Persist,C,False,False,501,9368748355166742671,0.998743,0.998015,0.999663,0.999405,0.082668,0.106914
2,C_Normal_Persist,C,False,False,502,12773259180105863579,0.996000,0.999325,0.999363,0.999076,0.206452,0.232651
2,C_Normal_Persist,C,False,False,503,5499440503393623774,0.998565,0.994046,0.995932,0.997775,0.283803,0.305068
2,C_Normal_Persist,C,False,False,504,14832527944744903080,0.998188,0.998586,0.998345,0.999545,0.210712,0.231106
2,C_Normal_Persist,C,False,False,505,2070417114120382789,0.998958,0.999711,0.997185,0.998555,0.133062,0.174080
2,C_Normal_Persist,C,False,False,506,13709975909626030001,0.999644,0.999287,0.999091,0.999103,0.075589,0.095244
2,C_Normal_Persist,C,False,False,507,3318348035353543914,0.999890,0.999965,0.999092,0.999702,0.084161,0.108040
2,C_Normal_Persist,C,False,False,508,5651213671530036552,0.994561,0.996616,0.998250,0.997935,0.078624,0.099254
2,C_Normal_Persist,C,False,False,509,18126486073931018531,0.999968,0.999950,0.994692,0.999721,0.670552,0.705890
2,C_Normal_Persist,C,False,False,510,10880324672562625377,0.999612,0.999144,0.998275,0.999555,0.204337,0.244910
2,C_Normal_Persist,C,False,False,511,15098065763348815796,0.999329,0.999740,0.999236,0.999486,0.052969,0.081662
2,C_Normal_Persist,C,False,False,512,17095603411096720260,0.999941,0.999842,0.999538,0.999802,0.090295,0.114233
2,C_Normal_Persist,C,False,False,513,9749881539023817007,0.999547,0.998806,0.999208,0.999055,0.058817,0.070481
2,C_Normal_Persist,C,False,False,514,4780591582137596835,0.997344,0.999500,0.998545,0.999572,0.111990,0.124725
2,C_Normal_Persist,C,False,False,515,2199304504336026467,0.999439,0.997332,0.988962,0.993405,0.271767,0.295402
2,C_Normal_Persist,C,False,False,516,6422391356693073425,0.999987,0.999998,0.997065,0.998554,0.079906,0.109590
2,C_Normal_Persist,C,False,False,517,11758044984953485240,0.999678,0.999283,0.999210,0.999780,0.120503,0.135241
2,C_Normal_Persist,C,False,False,518,11857704667714368238,0.999916,0.999589,0.999601,0.999618,0.083335,0.088973
2,C_Normal_Persist,C,False,False,519,13099168165944965355,0.999990,0.999655,0.999583,0.999828,0.090416,0.108297
2,C_Normal_Persist,C,False,False,520,270152118363795561,0.999679,1.000000,0.998535,0.999684,0.182647,0.212368
2,C_Normal_Persist,C,False,False,521,9593032535208887178,0.998804,0.999457,0.996013,0.999371,0.467668,0.532458
2,C_Normal_Persist,C,False,False,522,11495058250921650492,0.999992,0.999856,0.997997,0.999073,0.100656,0.141927
2,C_Normal_Persist,C,False,False,523,2949296749971713617,0.999953,0.998412,0.999253,0.999770,0.164909,0.174152
2,C_Normal_Persist,C,False,False,524,17869810473900796152,0.999223,0.999801,0.999705,0.999900,0.084898,0.110957
2,C_Normal_Persist,C,False,False,525,2548974563720695515,0.999915,0.999973,0.997392,0.999761,0.325646,0.339200
2,C_Normal_Persist,C,False,False,526,1360115029758599855,0.999639,0.999822,0.997538,0.999920,0.488083,0.515069
2,C_Normal_Persist,C,False,False,527,11443182968647645458,0.999729,0.998774,0.996502,0.999089,0.359020,0.393176
2,C_Normal_Persist,C,False,False,528,15751248613125144573,0.997594,0.998188,0.998811,0.999453,0.076972,0.107879
2,C_Normal_Persist,C,False,False,529,16156054163552650975,0.998697,0.998699,0.998109,0.999386,0.116303,0.146350
2,C_Normal_Persist,C,False,False,530,9568596580141055570,0.999066,0.999081,0.997290,0.998640,0.131148,0.177099
2,C_Normal_Persist,C,False,False,531,3795164463987726846,1.000000,0.999428,0.999459,0.999733,0.143860,0.166741
2,C_Normal_Persist,C,False,False,532,2157201219323131847,0.999565,0.999409,0.999276,0.999748,0.064140,0.087605
2,C_Normal_Persist,C,False,False,533,17836642465674610268,0.996322,0.998271,0.995487,0.997950,0.080270,0.093986
2,C_Normal_Persist,C,False,False,534,6211602576127903892,0.999996,0.999357,0.998775,0.999808,0.139851,0.175736
2,C_Normal_Persist,C,False,False,535,17153100680878284657,0.998430,0.998338,0.997864,0.999347,0.318654,0.390244
2,C_Normal_Persist,C,False,False,536,249296289207104575,0.996943,0.996079,0.998996,0.999008,0.178021,0.211422
2,C_Normal_Persist,C,False,False,537,7762071832939132075,0.999992,0.999540,0.999314,0.999858,0.148482,0.178602
2,C_Normal_Persist,C,False,False,538,17406206553715952307,0.995232,0.996389,0.998107,0.998847,0.144501,0.169699
2,C_Normal_Persist,C,False,False,539,8956632874932925717,0.997298,0.998577,0.999003,0.999559,0.087615,0.136642
2,C_Normal_Persist,C,False,False,540,11500061102172016692,0.997252,0.997574,0.997832,0.999062,0.168023,0.191917
2,C_Normal_Persist,C,False,False,541,4661206178978505225,0.999373,0.999996,0.998973,0.999577,0.060249,0.102415
2,C_Normal_Persist,C,False,False,542,16325193353317113616,0.994560,0.998803,0.995965,0.999073,0.185183,0.201363
2,C_Normal_Persist,C,False,False,543,7492695481907230001,0.999667,0.999993,0.999708,0.999560,0.077587,0.106797
2,C_Normal_Persist,C,False,False,544,6977984154730879631,0.998549,0.999541,0.995151,0.998033,0.237856,0.253917
2,C_Normal_Persist,C,False,False,545,9194400394981767523,0.999118,0.999311,0.998795,0.999536,0.305560,0.340342
2,C_Normal_Persist,C,False,False,546,4193165215834733381,0.998936,0.999947,0.999414,0.999844,0.078755,0.106153
2,C_Normal_Persist,C,False,False,547,10060842182664465740,0.997957,0.999601,0.998835,0.999303,0.067103,0.087762
2,C_Normal_Persist,C,False,False,548,13285822801123890999,0.999041,0.998950,0.996716,0.999490,0.332700,0.373048
2,C_Normal_Persist,C,False,False,549,10555290978099215992,0.998892,0.999991,0.998051,0.999671,0.186287,0.208298
2,C_Normal_Persist,C,False,False,550,5254792751944235912,0.999959,0.999967,0.999452,0.999865,0.099977,0.125316
2,C_Normal_Persist,C,False,False,551,17353525209611189344,0.999518,0.999988,0.999004,0.999741,0.119381,0.153175
2,C_Normal_Persist,C,False,False,552,9424426954859695093,0.999891,0.999979,0.999369,0.999840,0.112348,0.132603
2,C_Normal_Persist,C,False,False,553,3334538710672919529,0.998602,0.998938,0.998949,0.999392,0.168711,0.171133
2,C_Normal_Persist,C,False,False,554,1516920620813922318,0.999749,0.999408,0.994188,0.998145,0.272766,0.310315
2,C_Normal_Persist,C,False,False,555,3441465413541171290,0.999999,0.999876,0.996396,0.999734,0.493009,0.527178
2,C_Normal_Persist,C,False,False,556,12976404341630702593,0.997308,0.998563,0.993305,0.999043,0.650892,0.726966
2,C_Normal_Persist,C,False,False,557,3799451470260347261,0.999937,0.998256,0.998592,0.998991,0.100118,0.121766
2,C_Normal_Persist,C,False,False,558,12084537933068694118,0.986230,0.991631,0.995421,0.996310,0.060320,0.085996
2,C_Normal_Persist,C,False,False,559,17962004599490633478,0.997004,0.998161,0.997416,0.998933,0.175532,0.220400
2,C_Normal_Persist,C,False,False,560,8369047587676631982,0.995082,0.995074,0.997697,0.997786,0.117004,0.144867
2,C_Normal_Persist,C,False,False,561,11115253401139752552,0.998450,0.999060,0.999485,0.999834,0.095429,0.119950
2,C_Normal_Persist,C,False,False,562,13097998536201570763,0.987647,0.987827,0.997152,0.996930,0.090023,0.123787
2,C_Normal_Persist,C,False,False,563,8277003452706347054,0.999991,0.999891,0.998408,0.999610,0.116919,0.135565
2,C_Normal_Persist,C,False,False,564,264635394228606850,0.994486,0.994226,0.993399,0.996698,0.171116,0.204621
2,C_Normal_Persist,C,False,False,565,17644987968742406734,0.992239,0.988146,0.993769,0.993697,0.116450,0.124239
2,C_Normal_Persist,C,False,False,566,13136564404581394500,0.999625,0.999406,0.999689,0.999894,0.059763,0.080324
2,C_Normal_Persist,C,False,False,567,8105390548322568709,0.999146,0.998880,0.996826,0.999600,0.437260,0.495462
2,C_Normal_Persist,C,False,False,568,13452343066708877332,0.999921,0.999455,0.998421,0.999062,0.089670,0.124009
2,C_Normal_Persist,C,False,False,569,10217986338120546487,0.997358,0.999058,0.998086,0.999645,0.206812,0.235483
2,C_Normal_Persist,C,False,False,570,5361337634127115773,0.999690,0.999613,0.999240,0.999897,0.146077,0.154222
2,C_Normal_Persist,C,False,False,571,3984446758254193903,0.986031,0.989077,0.990631,0.991258,0.173844,0.225827
2,C_Normal_Persist,C,False,False,572,11131810519631373908,0.998736,0.999858,0.999063,0.999366,0.100908,0.126116
2,C_Normal_Persist,C,False,False,573,7379556331796335683,0.999064,0.999691,0.995880,0.999225,0.375728,0.438287
2,C_Normal_Persist,C,False,False,574,1980231221157521887,0.999700,0.999998,0.998454,0.999676,0.207053,0.245221
2,C_Normal_Persist,C,False,False,575,6852866313427885236,0.999871,0.999274,0.998657,0.998997,0.121532,0.157915
2,C_Normal_Persist,C,False,False,576,5623014702310263914,0.999995,0.998616,0.999149,0.999180,0.075909,0.098349
2,C_Normal_Persist,C,False,False,577,13276464735122630972,0.996276,0.998460,0.998085,0.998329,0.163254,0.186853
2,C_Normal_Persist,C,False,False,578,13420769668466652769,0.999450,0.999945,0.996284,0.999259,0.261755,0.280308
2,C_Normal_Persist,C,False,False,579,8082286509087553497,0.999629,0.999999,0.998486,0.999910,0.278811,0.319351
2,C_Normal_Persist,C,False,False,580,17844693395449977194,0.999947,0.999750,0.999398,0.999762,0.137454,0.150340
2,C_Normal_Persist,C,False,False,581,10213175981465272102,0.999234,0.999114,0.999288,0.999772,0.125781,0.153010
2,C_Normal_Persist,C,False,False,582,13029268611021830862,0.991568,0.995589,0.996082,0.998399,0.181548,0.193956
2,C_Normal_Persist,C,False,False,583,11069232567615511477,0.999352,0.995862,0.995778,0.997030,0.126531,0.143235
2,C_Normal_Persist,C,False,False,584,10295409321947711170,0.997037,0.995624,0.996165,0.998073,0.113274,0.165516
2,C_Normal_Persist,C,False,False,585,12419655146372860469,0.999520,0.999823,0.999228,0.999869,0.140416,0.188641
2,C_Normal_Persist,C,False,False,586,16387191073525429689,0.999985,0.997649,0.997581,0.998899,0.178743,0.226851
2,C_Normal_Persist,C,False,False,587,469240700033362052,0.999926,0.999998,0.999251,0.999746,0.125103,0.134140
2,C_Normal_Persist,C,False,False,588,5068736719027937305,0.999480,0.999981,0.998324,0.999315,0.158285,0.184961
2,C_Normal_Persist,C,False,False,589,1268643439100948808,0.993062,0.991337,0.997049,0.997093,0.127342,0.164410
2,C_Normal_Persist,C,False,False,590,11625545632820823329,0.999992,0.999990,0.999421,0.999390,0.097967,0.122347
2,C_Normal_Persist,C,False,False,591,12327944456528386278,0.999771,0.999123,0.996168,0.998112,0.245342,0.298620
2,C_Normal_Persist,C,False,False,592,9944742412474659556,0.999109,0.999382,0.997468,0.999464,0.174572,0.186100
2,C_Normal_Persist,C,False,False,593,48125316117958697,0.997071,0.994758,0.998391,0.998834,0.134025,0.170105
2,C_Normal_Persist,C,False,False,594,12231106171654270757,0.997375,0.996466,0.997900,0.999241,0.168900,0.186588
2,C_Normal_Persist,C,False,False,595,3536248719637727476,0.999501,0.999890,0.998641,0.999852,0.169268,0.215140
2,C_Normal_Persist,C,False,False,596,9487347252889170027,0.999566,0.996635,0.999207,0.999316,0.161350,0.189722
2,C_Normal_Persist,C,False,False,597,2941416485077789286,0.999904,0.999843,0.999633,0.999444,0.083845,0.120539
2,C_Normal_Persist,C,False,False,598,15169873595855316276,0.992875,0.992332,0.995711,0.996999,0.117250,0.143381
2,C_Normal_Persist,C,False,False,599,15352984313573094709,0.998284,0.999909,0.998349,0.999726,0.099967,0.133678
2,C_Normal_Persist,C,False,False,600,16969884606135507167,0.997197,0.999755,0.997868,0.999812,0.315943,0.341980
2,C_Normal_Persist,C,False,False,601,11601773007671608125,0.999346,0.999965,0.997373,0.999005,0.187855,0.217488
2,C_Normal_Persist,C,False,False,602,5034886281672589820,0.999075,0.999391,0.998876,0.999300,0.075255,0.096405
2,C_Normal_Persist,C,False,False,603,1890255756454049071,0.999824,0.999978,0.996945,0.999094,0.368179,0.405564
2,C_Normal_Persist,C,False,False,604,11313112536576733672,0.989738,0.991777,0.997217,0.996833,0.212342,0.244660
2,C_Normal_Persist,C,False,False,605,17334340384722605740,0.999992,0.999827,0.998374,0.998287,0.043506,0.067392
2,C_Normal_Persist,C,False,False,606,10830766452958609000,0.999648,0.999754,0.999234,0.999669,0.168220,0.201030
2,C_Normal_Persist,C,False,False,607,4920980816733891309,0.988550,0.992124,0.997824,0.998539,0.067645,0.106301
2,C_Normal_Persist,C,False,False,608,2023588058010303644,0.994474,0.995939,0.997710,0.998160,0.134896,0.165005
2,C_Normal_Persist,C,False,False,609,17966998675938950556,0.995206,0.997295,0.997965,0.998984,0.078207,0.107724
2,C_Normal_Persist,C,False,False,610,3753246105050829026,0.999026,0.999883,0.998983,0.999621,0.118278,0.169044
2,C_Normal_Persist,C,False,False,611,2746005385865476460,0.996181,0.996519,0.997397,0.997596,0.284103,0.331970
2,C_Normal_Persist,C,False,False,612,7179126479674811379,0.994964,0.992533,0.999165,0.998635,0.077192,0.101980
2,C_Normal_Persist,C,False,False,613,18428750658672325911,0.994476,0.995807,0.997404,0.997783,0.086765,0.095212
2,C_Normal_Persist,C,False,False,614,312619214348782774,0.989768,0.991349,0.997666,0.998188,0.063830,0.080299
2,C_Normal_Persist,C,False,False,615,8795750501027886123,0.999818,0.998905,0.999406,0.998844,0.070048,0.089075
2,C_Normal_Persist,C,False,False,616,13793541038294549456,0.999725,0.998234,0.999078,0.998826,0.064330,0.088814
2,C_Normal_Persist,C,False,False,617,1913912681734498456,0.999403,0.997510,0.998216,0.999370,0.120118,0.151201
2,C_Normal_Persist,C,False,False,618,15354959322830581781,0.999562,0.998164,0.997768,0.998655,0.111162,0.128688
2,C_Normal_Persist,C,False,False,619,7654640351641952008,0.997575,0.999623,0.995603,0.997028,0.098394,0.116499
2,C_Normal_Persist,C,False,False,620,12955754807122416371,0.997502,0.999086,0.998252,0.999094,0.115923,0.157771
2,C_Normal_Persist,C,False,False,621,13876485334809385307,0.994265,0.994690,0.991719,0.997093,0.388266,0.417698
2,C_Normal_Persist,C,False,False,622,6055800837555191553,0.998107,0.996741,0.998637,0.999448,0.216866,0.257497
2,C_Normal_Persist,C,False,False,623,17534459339609715838,0.999774,0.998925,0.998886,0.999247,0.091269,0.125999
2,C_Normal_Persist,C,False,False,624,12180264414445708245,0.998523,0.996782,0.996724,0.998318,0.225777,0.268518
2,C_Normal_Persist,C,False,False,625,13292532722737755355,0.998698,0.999117,0.999367,0.999446,0.150538,0.199867
2,C_Normal_Persist,C,False,False,626,15291603199108906800,0.999944,0.999540,0.999193,0.999701,0.141084,0.159988
2,C_Normal_Persist,C,False,False,627,7022706855273935290,0.991168,0.992204,0.989434,0.993260,0.229384,0.259769
2,C_Normal_Persist,C,False,False,628,14214613438034377600,0.999941,0.999867,0.999542,0.999790,0.066818,0.094733
2,C_Normal_Persist,C,False,False,629,18130311878662939222,0.999128,0.999388,0.999229,0.999781,0.094208,0.115731
2,C_Normal_Persist,C,False,False,630,1381101936937478240,0.999617,0.999567,0.997731,0.999361,0.178945,0.209362
2,C_Normal_Persist,C,False,False,631,10405454376422158438,0.999975,0.999136,0.999150,0.999090,0.109750,0.145561
2,C_Normal_Persist,C,False,False,632,5086919742313635823,0.999337,0.999551,0.999612,0.999875,0.051219,0.074331
2,C_Normal_Persist,C,False,False,633,7029264847311485491,0.999311,0.998790,0.998948,0.999729,0.132515,0.166217
2,C_Normal_Persist,C,False,False,634,5287179231923191542,0.999970,0.999882,0.999204,0.999917,0.140038,0.167271
2,C_Normal_Persist,C,False,False,635,2135039101995674571,0.999872,0.999815,0.998647,0.999586,0.104713,0.136531
2,C_Normal_Persist,C,False,False,636,9808904856793066328,0.998682,0.999786,0.998240,0.999270,0.111579,0.141073
2,C_Normal_Persist,C,False,False,637,18243809958829522536,0.999585,0.999790,0.999398,0.999794,0.063815,0.096221
2,C_Normal_Persist,C,False,False,638,14252920847521479802,0.998816,0.999936,0.997284,0.999580,0.214877,0.249611
2,C_Normal_Persist,C,False,False,639,2404232240129880952,0.999895,0.999509,0.997510,0.999243,0.227375,0.249789
2,C_Normal_Persist,C,False,False,640,11501225975236043339,0.999999,0.999986,0.998170,0.999725,0.223395,0.271157
2,C_Normal_Persist,C,False,False,641,14175430221567112722,0.999897,0.997459,0.997611,0.998421,0.214400,0.266070
2,C_Normal_Persist,C,False,False,642,5134521833474789537,0.990672,0.989632,0.992957,0.995081,0.126758,0.152302
2,C_Normal_Persist,C,False,False,643,9219656820148477968,0.998095,0.995235,0.992679,0.996638,0.326128,0.366501
2,C_Normal_Persist,C,False,False,644,3467717986134105375,0.999997,0.999619,0.989728,0.996613,0.482853,0.519178
2,C_Normal_Persist,C,False,False,645,5982136119946410277,0.999577,0.999818,0.997526,0.999695,0.347638,0.392673
2,C_Normal_Persist,C,False,False,646,9910114966496233227,0.999796,0.997784,0.999159,0.999481,0.103861,0.129466
2,C_Normal_Persist,C,False,False,647,2932853071179560512,0.999972,0.999593,0.996694,0.998157,0.141168,0.164697
2,C_Normal_Persist,C,False,False,648,12661972706214051238,0.999101,0.999093,0.999457,0.998841,0.112567,0.153293
2,C_Normal_Persist,C,False,False,649,8673181068071855934,0.998785,0.999181,0.998795,0.999779,0.130111,0.160197
2,C_Normal_Persist,C,False,False,650,8400119698817622726,0.998252,0.997664,0.992663,0.998085,0.388410,0.416809
2,C_Normal_Persist,C,False,False,651,7851812110129183928,0.999983,0.999999,0.999054,0.999828,0.151203,0.197051
2,C_Normal_Persist,C,False,False,652,6446258071502426884,0.999887,0.999874,0.999257,0.999523,0.083544,0.112604
2,C_Normal_Persist,C,False,False,653,12908955723941518134,0.995351,0.997171,0.997466,0.998924,0.107196,0.138515
2,C_Normal_Persist,C,False,False,654,9881072420952223641,0.997241,0.999533,0.995292,0.999736,0.491227,0.544713
2,C_Normal_Persist,C,False,False,655,8680491684629727652,0.999869,0.998670,0.994662,0.999258,0.611367,0.635336
2,C_Normal_Persist,C,False,False,656,669637651628583090,0.999835,0.998746,0.999087,0.998067,0.111168,0.156208
2,C_Normal_Persist,C,False,False,657,8834900908066222176,0.999889,0.998181,0.997193,0.998566,0.217951,0.259087
2,C_Normal_Persist,C,False,False,658,4180917944702897205,0.995445,0.996791,0.993800,0.996517,0.154786,0.189864
2,C_Normal_Persist,C,False,False,659,16069439594249611962,0.996687,0.996575,0.995046,0.998249,0.259233,0.291457
2,C_Normal_Persist,C,False,False,660,10138023772352367918,0.993239,0.995303,0.996207,0.997792,0.167860,0.199899
2,C_Normal_Persist,C,False,False,661,6388463158036267968,0.999900,0.999847,0.995931,0.999527,0.431618,0.513966
2,C_Normal_Persist,C,False,False,662,9518032437206633087,0.999843,1.000000,0.999388,0.999664,0.084619,0.091168
2,C_Normal_Persist,C,False,False,663,10436313823295175821,0.999469,0.999829,0.999142,0.999791,0.128760,0.154559
2,C_Normal_Persist,C,False,False,664,2565105577691759860,0.997025,0.993413,0.990806,0.994024,0.303652,0.334116
2,C_Normal_Persist,C,False,False,665,5837548704861693531,0.990435,0.989411,0.997902,0.997923,0.103986,0.126169
2,C_Normal_Persist,C,False,False,666,2911955491274351747,0.999062,0.999938,0.999267,0.999740,0.078570,0.121630
2,C_Normal_Persist,C,False,False,667,10162182110679420938,0.999835,0.998648,0.994586,0.998337,0.467981,0.496203
2,C_Normal_Persist,C,False,False,668,15757137365806354710,0.993894,0.997262,0.997216,0.998744,0.072994,0.087708
2,C_Normal_Persist,C,False,False,669,121660307588839325,0.997390,0.996655,0.998619,0.998277,0.032998,0.057131
2,C_Normal_Persist,C,False,False,670,10190440556471298530,0.996694,0.998977,0.999278,0.999550,0.051869,0.076688
2,C_Normal_Persist,C,False,False,671,4665031528036724155,0.995618,0.998567,0.998784,0.999285,0.126855,0.179188
2,C_Normal_Persist,C,False,False,672,10065211887415464197,0.999988,0.999970,0.999394,0.999794,0.063253,0.083250
2,C_Normal_Persist,C,False,False,673,8146780405766100931,0.998516,0.999656,0.999379,0.999576,0.080726,0.101479
2,C_Normal_Persist,C,False,False,674,1770249239208981271,0.993538,0.994836,0.994791,0.995429,0.075392,0.100232
2,C_Normal_Persist,C,False,False,675,1889750880749717511,0.999634,0.998097,0.992636,0.998220,0.585231,0.652803
2,C_Normal_Persist,C,False,False,676,18435407154954926171,0.994277,0.995921,0.997632,0.998889,0.265604,0.304016
2,C_Normal_Persist,C,False,False,677,11985327256667256627,0.999466,0.999350,0.999583,0.999724,0.080041,0.102305
2,C_Normal_Persist,C,False,False,678,9709637371255982472,0.995522,0.994816,0.996356,0.998304,0.518782,0.545732
2,C_Normal_Persist,C,False,False,679,16019603395809330155,0.999941,0.999208,0.997340,0.999292,0.222024,0.285201
2,C_Normal_Persist,C,False,False,680,990537966686038592,0.998322,0.999243,0.997871,0.998913,0.082623,0.096068
2,C_Normal_Persist,C,False,False,681,10015653571925517936,0.999925,0.998887,0.998237,0.999539,0.138675,0.167520
2,C_Normal_Persist,C,False,False,682,10415446093220785321,0.999999,0.999997,0.999156,0.999956,0.211582,0.233571
2,C_Normal_Persist,C,False,False,683,17481590116559701792,0.995296,0.994657,0.998963,0.998852,0.044083,0.060815
2,C_Normal_Persist,C,False,False,684,10586577678318415124,0.988719,0.993703,0.996627,0.997374,0.329237,0.342732
2,C_Normal_Persist,C,False,False,685,9647784148280944859,0.999041,0.998116,0.999492,0.999672,0.074002,0.101666
2,C_Normal_Persist,C,False,False,686,13646464540831724383,0.997305,0.996921,0.998128,0.999514,0.248327,0.291544
2,C_Normal_Persist,C,False,False,687,11926298937607202235,0.999997,0.999431,0.997925,0.999528,0.140766,0.167131
2,C_Normal_Persist,C,False,False,688,13891723499191041776,1.000000,0.999801,0.999457,0.999722,0.113036,0.153443
2,C_Normal_Persist,C,False,False,689,2576482767502886380,0.997710,0.997968,0.997838,0.998067,0.197176,0.230104
2,C_Normal_Persist,C,False,False,690,7495958216773884655,0.992373,0.994251,0.997748,0.996970,0.169944,0.214504
2,C_Normal_Persist,C,False,False,691,8717534309958570110,0.999567,0.999997,0.998966,0.999800,0.087189,0.118270
2,C_Normal_Persist,C,False,False,692,12009031649315103059,0.999685,0.999981,0.999231,0.999531,0.067955,0.100002
2,C_Normal_Persist,C,False,False,693,46998110199786442,0.998331,0.999890,0.998992,0.999711,0.116503,0.171860
2,C_Normal_Persist,C,False,False,694,516898619869819880,0.995063,0.996773,0.998441,0.998659,0.164352,0.190690
2,C_Normal_Persist,C,False,False,695,6518821103783899064,0.997754,0.999900,0.998061,0.999903,0.406358,0.450452
2,C_Normal_Persist,C,False,False,696,5860490137350970309,0.998060,0.999524,0.998805,0.999419,0.187061,0.207579
2,C_Normal_Persist,C,False,False,697,16901559766892598775,0.997393,0.999405,0.998975,0.999343,0.062001,0.095151
2,C_Normal_Persist,C,False,False,698,5996083367361161435,0.994847,0.997528,0.997785,0.998685,0.075626,0.090348
2,C_Normal_Persist,C,False,False,699,7859479511895383644,0.999861,0.999959,0.994982,0.998648,0.389190,0.403320
2,C_Normal_Persist,C,False,False,700,5198350577531756578,0.999683,0.999767,0.998139,0.999669,0.216702,0.222586
2,C_Normal_Persist,C,False,False,701,3327498188381809504,0.998103,0.998961,0.998887,0.999673,0.139304,0.161098
2,C_Normal_Persist,C,False,False,702,13042789990493010059,0.999902,0.999822,0.999211,0.999808,0.141175,0.154439
2,C_Normal_Persist,C,False,False,703,9099653617567339049,0.999768,0.999961,0.999752,0.999852,0.057553,0.081071
2,C_Normal_Persist,C,False,False,704,1821141220582803485,0.999944,0.999773,0.999638,0.999902,0.116646,0.115545
2,C_Normal_Persist,C,False,False,705,8248454133590047159,0.999119,0.999725,0.998336,0.999508,0.087922,0.102560
2,C_Normal_Persist,C,False,False,706,4401481391912213280,0.999966,0.999958,0.999311,0.999510,0.060952,0.086898
2,C_Normal_Persist,C,False,False,707,7969769985107730017,0.999213,0.999240,0.998502,0.999812,0.233365,0.265247
2,C_Normal_Persist,C,False,False,708,13767699819387655992,0.999534,0.999074,0.996579,0.998942,0.234337,0.258736
2,C_Normal_Persist,C,False,False,709,7967101832734347771,0.998826,0.998411,0.998446,0.999290,0.248922,0.289890
2,C_Normal_Persist,C,False,False,710,16553741998641824054,0.997252,0.996319,0.998242,0.997666,0.126709,0.146992
2,C_Normal_Persist,C,False,False,711,13679611808133979266,0.990839,0.987311,0.991632,0.994708,0.160890,0.179817
2,C_Normal_Persist,C,False,False,712,12658116804144458940,0.998755,0.998995,0.997563,0.998566,0.091485,0.109322
2,C_Normal_Persist,C,False,False,713,4222795622003780788,0.999801,0.999942,0.996992,0.999186,0.192600,0.217146
2,C_Normal_Persist,C,False,False,714,12891147609149436177,0.995289,0.994842,0.998003,0.998729,0.073751,0.100618
2,C_Normal_Persist,C,False,False,715,15896900402397432731,1.000000,0.999660,0.996991,0.999427,0.288723,0.310098
2,C_Normal_Persist,C,False,False,716,8696179050453142650,0.989506,0.992444,0.997535,0.998014,0.256898,0.276752
2,C_Normal_Persist,C,False,False,717,5140368540032587910,0.999683,0.999982,0.998439,0.999846,0.151905,0.178105
2,C_Normal_Persist,C,False,False,718,8973363404912205255,0.998392,0.999963,0.999597,0.999891,0.075530,0.114189
2,C_Normal_Persist,C,False,False,719,8932792675090115189,0.999026,0.998818,0.998322,0.999004,0.062649,0.081138
2,C_Normal_Persist,C,False,False,720,5615236197750566796,0.996251,0.999490,0.999079,0.999580,0.354233,0.391869
2,C_Normal_Persist,C,False,False,721,15768618898196690948,0.999994,0.999915,0.998393,0.999854,0.206742,0.256342
2,C_Normal_Persist,C,False,False,722,11122077310643350384,0.999972,0.999871,0.997713,0.999788,0.292820,0.319160
2,C_Normal_Persist,C,False,False,723,10482877636413552995,0.995923,0.995127,0.997856,0.998358,0.060654,0.089896
2,C_Normal_Persist,C,False,False,724,8359828084482433514,0.999257,0.999668,0.997709,0.999409,0.134321,0.157733
2,C_Normal_Persist,C,False,False,725,2612082494201855394,0.996044,0.995518,0.996338,0.996587,0.101905,0.124256
2,C_Normal_Persist,C,False,False,726,9997397913705089375,0.999448,0.999827,0.998444,0.999667,0.272728,0.279118
2,C_Normal_Persist,C,False,False,727,10670232571203138515,0.997937,0.998250,0.998787,0.999334,0.104287,0.141274
2,C_Normal_Persist,C,False,False,728,1054743723454748405,0.995456,0.998263,0.998110,0.998549,0.113349,0.125496
2,C_Normal_Persist,C,False,False,729,17282222925242933551,0.999111,0.996466,0.996656,0.997878,0.398103,0.450552
2,C_Normal_Persist,C,False,False,730,13863244924512364309,0.999789,0.999269,0.999534,0.999513,0.069617,0.077777
2,C_Normal_Persist,C,False,False,731,4400773917583509150,0.988106,0.992769,0.996642,0.997464,0.092347,0.127416
2,C_Normal_Persist,C,False,False,732,276261334293065734,0.999507,0.999822,0.998509,0.999384,0.087619,0.099150
2,C_Normal_Persist,C,False,False,733,2964716722918704299,0.996686,0.995268,0.992644,0.998367,0.479988,0.520105
2,C_Normal_Persist,C,False,False,734,6732021767557752650,0.998608,0.999875,0.997936,0.999281,0.217395,0.247302
2,C_Normal_Persist,C,False,False,735,17625709724815183960,0.999403,0.999520,0.998739,0.999767,0.144073,0.168424
2,C_Normal_Persist,C,False,False,736,13665024320759200635,0.999182,0.997483,0.997451,0.999161,0.230881,0.245511
2,C_Normal_Persist,C,False,False,737,12386260369005318533,0.999237,0.998866,0.994196,0.999076,0.523201,0.556579
2,C_Normal_Persist,C,False,False,738,15185050023677994583,0.999839,0.999969,0.999387,0.999934,0.067420,0.100893
2,C_Normal_Persist,C,False,False,739,2084434233986403388,0.999901,1.000000,0.999118,0.999777,0.107226,0.127827
2,C_Normal_Persist,C,False,False,740,9853268244906954182,0.999937,0.998823,0.997010,0.999136,0.243765,0.274354
2,C_Normal_Persist,C,False,False,741,10081764569043478155,0.997207,0.996667,0.996845,0.998332,0.088595,0.111015
2,C_Normal_Persist,C,False,False,742,10412534634619333408,0.998949,0.997278,0.997042,0.997001,0.110115,0.129426
2,C_Normal_Persist,C,False,False,743,2748521374102912284,0.999945,0.999918,0.999413,0.999938,0.169053,0.189313
2,C_Normal_Persist,C,False,False,744,8376325287430428727,0.998731,0.999240,0.998533,0.999753,0.165771,0.198471
2,C_Normal_Persist,C,False,False,745,6868360596293694740,0.997795,0.999098,0.998817,0.999590,0.102920,0.124074
2,C_Normal_Persist,C,False,False,746,11423719776948569905,0.996132,0.994503,0.998668,0.998784,0.098140,0.134599
2,C_Normal_Persist,C,False,False,747,3603149380897943921,0.999995,0.999857,0.999269,0.999506,0.042909,0.058155
2,C_Normal_Persist,C,False,False,748,12319625078179451488,0.998115,0.999783,0.998920,0.999515,0.080951,0.109967
2,C_Normal_Persist,C,False,False,749,10285513584647960469,0.990253,0.988847,0.996831,0.996274,0.122734,0.139361
2,C_Normal_Persist,C,False,False,750,16722817239812302701,0.999104,0.999937,0.998578,0.999891,0.157926,0.191609
2,C_Normal_Persist,C,False,False,751,9493464569064181627,0.994784,0.998481,0.996005,0.998814,0.302379,0.343806
2,C_Normal_Persist,C,False,False,752,13041365673778836898,0.990492,0.995789,0.998114,0.999239,0.115561,0.168741
2,C_Normal_Persist,C,False,False,753,7605218796817854269,0.991421,0.992774,0.996921,0.997802,0.084863,0.100890
2,C_Normal_Persist,C,False,False,754,1886140363257303708,0.997218,0.998236,0.999419,0.999290,0.071335,0.088888
2,C_Normal_Persist,C,False,False,755,16379038110588733944,0.999961,0.999602,0.999404,0.999733,0.147435,0.161060
2,C_Normal_Persist,C,False,False,756,18003395126221984009,0.999382,0.999965,0.997904,0.999623,0.152906,0.166802
2,C_Normal_Persist,C,False,False,757,3203628631812570482,0.997254,0.996051,0.996952,0.997833,0.060393,0.078587
2,C_Normal_Persist,C,False,False,758,6323918075225849910,0.999832,0.999472,0.998827,0.999717,0.204738,0.227930
2,C_Normal_Persist,C,False,False,759,6365140349499441179,0.997850,0.997032,0.997042,0.999475,0.411519,0.444564
2,C_Normal_Persist,C,False,False,760,1803062241027392861,0.999255,0.999991,0.997409,0.999121,0.166257,0.190743
2,C_Normal_Persist,C,False,False,761,8421973946780332017,0.996192,0.995823,0.997491,0.998131,0.094071,0.109026
2,C_Normal_Persist,C,False,False,762,15974032149754518812,0.990839,0.990668,0.995203,0.994822,0.098979,0.125657
2,C_Normal_Persist,C,False,False,763,2559456161628392110,0.999999,0.999899,0.999710,0.999908,0.048984,0.079009
2,C_Normal_Persist,C,False,False,764,5423721183641840786,0.997648,0.999087,0.996253,0.998881,0.226879,0.255882
2,C_Normal_Persist,C,False,False,765,10807586285409741549,0.997623,0.999722,0.996848,0.999041,0.177289,0.211591
2,C_Normal_Persist,C,False,False,766,3672704676328803393,0.999475,0.998963,0.997082,0.999651,0.346676,0.365626
2,C_Normal_Persist,C,False,False,767,16729433823951051582,0.990651,0.994452,0.996835,0.996286,0.111053,0.153253
2,C_Normal_Persist,C,False,False,768,13896871299450975964,0.995526,0.999556,0.997969,0.999843,0.312549,0.359428
2,C_Normal_Persist,C,False,False,769,12527017862039011988,0.999897,0.999162,0.998103,0.999254,0.159452,0.185826
2,C_Normal_Persist,C,False,False,770,9582701968860773789,0.998301,0.999558,0.998230,0.999507,0.215422,0.253531
2,C_Normal_Persist,C,False,False,771,16631768566603064930,0.999991,0.999615,0.999542,0.999726,0.127166,0.154679
2,C_Normal_Persist,C,False,False,772,14989387723311960206,0.994673,0.991261,0.991103,0.996150,0.405325,0.456400
2,C_Normal_Persist,C,False,False,773,12609385415535302683,0.999957,0.999619,0.999195,0.999680,0.099806,0.132527
2,C_Normal_Persist,C,False,False,774,6911104771879457812,0.999165,0.999041,0.999235,0.999631,0.107366,0.144465
2,C_Normal_Persist,C,False,False,775,11316385431619987320,0.998222,0.999731,0.998889,0.999746,0.270567,0.293311
2,C_Normal_Persist,C,False,False,776,7447301027955145067,0.999422,0.995889,0.998958,0.998445,0.086431,0.125607
2,C_Normal_Persist,C,False,False,777,1705974310513386755,0.999908,0.999620,0.998466,0.999646,0.155799,0.194036
2,C_Normal_Persist,C,False,False,778,12759405250987871344,0.999522,0.999709,0.999514,0.999900,0.119477,0.164164
2,C_Normal_Persist,C,False,False,779,18178874392484536574,0.999964,0.999867,0.998843,0.999900,0.287665,0.287628
2,C_Normal_Persist,C,False,False,780,490619488872704579,0.990819,0.992850,0.998334,0.998328,0.111938,0.145963
2,C_Normal_Persist,C,False,False,781,11100310460841200729,0.999853,0.999789,0.999597,0.999736,0.073080,0.102245
2,C_Normal_Persist,C,False,False,782,16725525121182974215,1.000000,0.998883,0.998258,0.999345,0.156079,0.169468
2,C_Normal_Persist,C,False,False,783,12520599015581038198,0.999156,0.998049,0.996937,0.999572,0.294343,0.337942
2,C_Normal_Persist,C,False,False,784,15402778610512779411,0.999930,0.998966,0.999726,0.999889,0.096178,0.104113
2,C_Normal_Persist,C,False,False,785,6353997068872085955,0.998499,0.997934,0.997890,0.998791,0.254712,0.312995
2,C_Normal_Persist,C,False,False,786,6943107603091534234,0.992216,0.997547,0.996695,0.997113,0.161043,0.201763
2,C_Normal_Persist,C,False,False,787,8917305110290178045,0.996585,0.999104,0.999076,0.999497,0.074050,0.085346
2,C_Normal_Persist,C,False,False,788,3836980423395844758,0.999517,0.999893,0.998657,0.999815,0.151324,0.192251
2,C_Normal_Persist,C,False,False,789,8704040999727797663,0.999908,0.999955,0.998978,0.999719,0.228901,0.260197
2,C_Normal_Persist,C,False,False,790,18062747873246313894,0.999874,0.999381,0.998583,0.999659,0.204608,0.226979
2,C_Normal_Persist,C,False,False,791,5165367112752194213,0.996925,0.998911,0.998962,0.999732,0.236130,0.265633
2,C_Normal_Persist,C,False,False,792,14923490267162751077,0.999993,0.998919,0.999525,0.999270,0.094555,0.110894
2,C_Normal_Persist,C,False,False,793,4496536045307235734,0.998893,0.999377,0.999118,0.999620,0.110046,0.155136
2,C_Normal_Persist,C,False,False,794,18367639960641622938,0.998781,0.999691,0.998797,0.999439,0.093418,0.119763
2,C_Normal_Persist,C,False,False,795,17870728996665433540,0.996754,0.997123,0.999615,0.999654,0.051886,0.074690
2,C_Normal_Persist,C,False,False,796,15550034220831294082,0.999979,0.999921,0.999103,0.999614,0.182468,0.197880
2,C_Normal_Persist,C,False,False,797,5702515974654303444,0.998500,0.998206,0.997705,0.998221,0.075349,0.091782
2,C_Normal_Persist,C,False,False,798,16053820834432110173,0.993243,0.992260,0.993775,0.995582,0.165596,0.204636
2,C_Normal_Persist,C,False,False,799,5018804171887069084,0.999999,0.999999,0.998885,0.999198,0.072743,0.099765
2,C_Normal_Persist,C,False,False,800,13630244077603815806,0.995510,0.995748,0.997555,0.998237,0.072178,0.100466
2,C_Normal_Persist,C,False,False,801,2824934478191277345,0.996364,0.998329,0.998729,0.999822,0.187396,0.232491
2,C_Normal_Persist,C,False,False,802,3356413033375936987,0.998722,0.999306,0.999413,0.999701,0.172700,0.194151
2,C_Normal_Persist,C,False,False,803,11881113628291619030,0.999490,0.999973,0.996971,0.999360,0.309441,0.363084
2,C_Normal_Persist,C,False,False,804,13875353079907848730,0.998647,0.998176,0.998294,0.998689,0.061211,0.102253
2,C_Normal_Persist,C,False,False,805,5289806113732764238,0.998616,0.995849,0.999397,0.998622,0.091037,0.105892
2,C_Normal_Persist,C,False,False,806,16800327702268284702,0.997016,0.998777,0.997931,0.999435,0.121474,0.163243
2,C_Normal_Persist,C,False,False,807,1738451002970161921,0.999653,0.999854,0.998750,0.999672,0.126026,0.168758
2,C_Normal_Persist,C,False,False,808,18238174644875660117,0.999903,0.999992,0.999280,0.999824,0.103822,0.144161
2,C_Normal_Persist,C,False,False,809,1128601882351965878,0.997573,0.997731,0.999617,0.999744,0.051746,0.073584
2,C_Normal_Persist,C,False,False,810,5494559655940048651,0.999680,0.998181,0.998947,0.999511,0.119875,0.167483
2,C_Normal_Persist,C,False,False,811,17775116232642459900,0.999992,0.999999,0.998507,0.998790,0.096017,0.132202
2,C_Normal_Persist,C,False,False,812,7210427736874429359,0.989343,0.982666,0.987805,0.991187,0.247804,0.282103
2,C_Normal_Persist,C,False,False,813,2847004794989456649,0.999912,0.999971,0.997769,0.998835,0.118695,0.147217
2,C_Normal_Persist,C,False,False,814,11955183097266848303,0.998971,0.998995,0.999347,0.999560,0.083232,0.107937
2,C_Normal_Persist,C,False,False,815,3685172995242178995,0.999993,0.999889,0.998248,0.999817,0.490993,0.512972
2,C_Normal_Persist,C,False,False,816,16849195205560121087,0.993780,0.991829,0.993387,0.996837,0.220321,0.241824
2,C_Normal_Persist,C,False,False,817,14256500898782728816,0.999990,0.999605,0.998658,0.999368,0.121013,0.151808
2,C_Normal_Persist,C,False,False,818,489429658416735985,0.999968,0.998880,0.997110,0.999497,0.286348,0.327271
2,C_Normal_Persist,C,False,False,819,2994325842622502867,0.999982,0.999411,0.999597,0.999792,0.134354,0.150404
2,C_Normal_Persist,C,False,False,820,16746656065543908003,0.999902,0.999693,0.999386,0.999860,0.128436,0.138648
2,C_Normal_Persist,C,False,False,821,4991497042384105828,0.997504,0.995400,0.998127,0.998395,0.190105,0.214068
2,C_Normal_Persist,C,False,False,822,11038114997689629953,0.999976,0.999294,0.997619,0.999347,0.235857,0.259178
2,C_Normal_Persist,C,False,False,823,5646992994738752499,0.999861,0.999804,0.999286,0.999906,0.112651,0.148881
2,C_Normal_Persist,C,False,False,824,11699012485756614802,0.990043,0.991047,0.997574,0.997781,0.131786,0.143667
2,C_Normal_Persist,C,False,False,825,14763219597227843434,0.999599,0.999712,0.997810,0.999578,0.187659,0.198647
2,C_Normal_Persist,C,False,False,826,12147299008632333873,0.999584,0.999106,0.998689,0.999234,0.138373,0.170433
2,C_Normal_Persist,C,False,False,827,15420170849895338950,0.999903,0.998337,0.979342,0.996877,1.744245,1.800200
2,C_Normal_Persist,C,False,False,828,14909321499143011821,0.998853,0.999569,0.999258,0.999572,0.114899,0.147323
2,C_Normal_Persist,C,False,False,829,1362420265385972812,0.999326,0.999962,0.999454,0.999383,0.097169,0.116095
2,C_Normal_Persist,C,False,False,830,14268781349030509442,0.994073,0.997770,0.996220,0.999524,0.478037,0.547867
2,C_Normal_Persist,C,False,False,831,10584781964844484698,0.994672,0.996784,0.998969,0.998966,0.197772,0.208330
2,C_Normal_Persist,C,False,False,832,15978075218617909713,0.999986,0.999677,0.999602,0.999891,0.077040,0.102402
2,C_Normal_Persist,C,False,False,833,6419567907415702992,0.999798,0.998446,0.998902,0.999109,0.095765,0.115149
2,C_Normal_Persist,C,False,False,834,2579563828764474843,0.999596,0.998665,0.992733,0.998437,0.504958,0.549638
2,C_Normal_Persist,C,False,False,835,2333234019508902597,0.999712,0.999483,0.999159,0.999741,0.175506,0.205602
2,C_Normal_Persist,C,False,False,836,12664871329170944048,0.989695,0.995783,0.995284,0.998834,0.356986,0.401462
2,C_Normal_Persist,C,False,False,837,16999625783829168163,0.992875,0.995858,0.989831,0.996710,0.522382,0.573892
2,C_Normal_Persist,C,False,False,838,480847560518835051,0.997923,0.996913,0.993699,0.998258,0.370210,0.419813
2,C_Normal_Persist,C,False,False,839,13935297718433424312,0.997068,0.999770,0.997471,0.999503,0.267274,0.277727
2,C_Normal_Persist,C,False,False,840,16163378087200654579,0.999947,0.999995,0.998843,0.999698,0.308810,0.344277
2,C_Normal_Persist,C,False,False,841,5823724743810799962,0.999855,0.999960,0.996944,0.999575,0.290563,0.309619
2,C_Normal_Persist,C,False,False,842,18438117685102164977,0.998581,0.998620,0.999343,0.999312,0.075125,0.085390
2,C_Normal_Persist,C,False,False,843,3869374366664412618,0.999992,0.999962,0.996221,0.999546,0.340334,0.368776
2,C_Normal_Persist,C,False,False,844,10571379502656160652,0.989923,0.989276,0.991537,0.993627,0.148922,0.172942
2,C_Normal_Persist,C,False,False,845,12647617992805547189,0.999992,0.999933,0.994397,0.998855,0.399957,0.461779
2,C_Normal_Persist,C,False,False,846,7023824446505307026,0.998407,0.999358,0.998859,0.999346,0.125532,0.181573
2,C_Normal_Persist,C,False,False,847,3452104419475499433,0.996993,0.998478,0.998189,0.999591,0.145475,0.179766
2,C_Normal_Persist,C,False,False,848,890826301877463117,0.992250,0.992713,0.997403,0.997938,0.112726,0.133550
2,C_Normal_Persist,C,False,False,849,9392284020606808786,0.998600,0.999787,0.997720,0.999622,0.244232,0.279996
2,C_Normal_Persist,C,False,False,850,17882817304743368256,0.994312,0.992886,0.995374,0.996044,0.074076,0.087389
2,C_Normal_Persist,C,False,False,851,16518339703303538526,0.998790,0.998902,0.999685,0.999619,0.136725,0.163107
2,C_Normal_Persist,C,False,False,852,10423638625971068130,0.993977,0.994810,0.994189,0.997705,0.288687,0.318587
2,C_Normal_Persist,C,False,False,853,11239149174311051964,0.995260,0.998820,0.999341,0.999776,0.083585,0.104561
2,C_Normal_Persist,C,False,False,854,7800129611019082626,0.991043,0.995507,0.998711,0.999587,0.144573,0.175044
2,C_Normal_Persist,C,False,False,855,79826725485396911,0.999990,0.999900,0.996391,0.999329,0.279225,0.303058
2,C_Normal_Persist,C,False,False,856,18361063076143327993,0.999595,0.999989,0.998229,0.999172,0.121323,0.152081
2,C_Normal_Persist,C,False,False,857,7777826604521373925,0.998085,0.997536,0.999225,0.999540,0.096416,0.099268
2,C_Normal_Persist,C,False,False,858,6965941022096675887,0.999988,0.999990,0.998726,0.999415,0.108136,0.143744
2,C_Normal_Persist,C,False,False,859,10372797432487613289,0.996610,0.998398,0.999365,0.999572,0.109629,0.155524
2,C_Normal_Persist,C,False,False,860,2534729334431154746,0.997984,0.997584,0.999400,0.999581,0.180732,0.207363
2,C_Normal_Persist,C,False,False,861,17930349994065413646,0.999931,0.999986,0.997927,0.999616,0.174666,0.200512
2,C_Normal_Persist,C,False,False,862,4510717116994614193,0.999778,0.999840,0.999478,0.999542,0.059067,0.079467
2,C_Normal_Persist,C,False,False,863,15729719215432599082,0.998841,0.998695,0.994617,0.997086,0.215232,0.226616
2,C_Normal_Persist,C,False,False,864,18344554300081567849,0.999926,0.999976,0.999767,0.999858,0.040322,0.061679
2,C_Normal_Persist,C,False,False,865,1417895107424756888,0.999973,0.999797,0.998561,0.999688,0.124827,0.147982
2,C_Normal_Persist,C,False,False,866,8156870422038768059,0.999929,0.999709,0.998621,0.999023,0.057693,0.077025
2,C_Normal_Persist,C,False,False,867,5864294442570148549,0.997414,0.997089,0.999013,0.999577,0.078054,0.094854
2,C_Normal_Persist,C,False,False,868,10661119801598628227,0.998839,0.998580,0.998505,0.999526,0.116316,0.137310
2,C_Normal_Persist,C,False,False,869,2243373803515528672,0.998606,0.996583,0.996204,0.998360,0.308259,0.349942
2,C_Normal_Persist,C,False,False,870,7062777640386542054,0.995444,0.998228,0.996869,0.999617,0.266136,0.300770
2,C_Normal_Persist,C,False,False,871,14334291905604142067,0.995010,0.992171,0.994876,0.994853,0.160585,0.203717
2,C_Normal_Persist,C,False,False,872,2721993727807888627,0.999413,0.999306,0.997608,0.999657,0.285842,0.326099
2,C_Normal_Persist,C,False,False,873,17280207378953902590,0.999926,0.999696,0.999607,0.999870,0.098809,0.122169
2,C_Normal_Persist,C,False,False,874,4434987923754700445,0.999943,0.999945,0.999376,0.999885,0.181924,0.190072
2,C_Normal_Persist,C,False,False,875,7135887047270703786,0.996215,0.995471,0.996734,0.997632,0.077223,0.101447
2,C_Normal_Persist,C,False,False,876,1668857220984439211,0.997147,0.997502,0.996876,0.999381,0.542398,0.582008
2,C_Normal_Persist,C,False,False,877,11185583580669617833,0.999624,0.999721,0.999754,0.999808,0.045719,0.068468
2,C_Normal_Persist,C,False,False,878,8282491474712358725,0.999833,0.999950,0.999345,0.999810,0.055280,0.079469
2,C_Normal_Persist,C,False,False,879,11703461172908920233,0.999887,0.999957,0.999324,0.999838,0.168653,0.181194
2,C_Normal_Persist,C,False,False,880,8974463350188224114,0.996385,0.999020,0.993840,0.999256,0.693953,0.753320
2,C_Normal_Persist,C,False,False,881,6261578347710189619,0.999442,0.999229,0.995582,0.998233,0.332110,0.380234
2,C_Normal_Persist,C,False,False,882,8986980252989789443,0.999421,0.998925,0.999137,0.998717,0.064538,0.100839
2,C_Normal_Persist,C,False,False,883,16326239187793683806,0.999052,0.998841,0.999534,0.999637,0.108989,0.114876
2,C_Normal_Persist,C,False,False,884,11221425917366483581,0.999930,0.999989,0.992311,0.999323,0.836142,0.893092
2,C_Normal_Persist,C,False,False,885,3215910656267451249,0.993015,0.996422,0.999291,0.999115,0.070672,0.084756
2,C_Normal_Persist,C,False,False,886,8502769476092945539,0.996201,0.998292,0.998359,0.997495,0.233963,0.264996
2,C_Normal_Persist,C,False,False,887,3497598458589379205,0.996011,0.995866,0.995714,0.997083,0.096187,0.117179
2,C_Normal_Persist,C,False,False,888,2419593963067518336,0.999997,0.999999,0.999026,0.999441,0.306407,0.349296
2,C_Normal_Persist,C,False,False,889,10397529803245564028,0.997412,0.999682,0.998423,0.999919,0.233955,0.266206
2,C_Normal_Persist,C,False,False,890,6246391263658256177,0.999741,0.999978,0.992758,0.998238,0.435318,0.504389
2,C_Normal_Persist,C,False,False,891,14227595199460746127,0.998972,0.998820,0.999091,0.999581,0.114035,0.131376
2,C_Normal_Persist,C,False,False,892,11224216343570718755,0.999229,0.999875,0.999260,0.999484,0.115517,0.135122
2,C_Normal_Persist,C,False,False,893,8418150237511141625,0.999852,0.999923,0.999464,0.999672,0.090001,0.125570
2,C_Normal_Persist,C,False,False,894,16474033435371255919,0.999993,0.999447,0.997011,0.998832,0.199693,0.220389
2,C_Normal_Persist,C,False,False,895,7558523783438406154,0.997700,0.997645,0.999162,0.999273,0.050213,0.094068
2,C_Normal_Persist,C,False,False,896,14747244320020107550,0.999944,0.999561,0.998400,0.999388,0.142180,0.161278
2,C_Normal_Persist,C,False,False,897,8945873278186428940,0.992678,0.992523,0.996133,0.997430,0.160678,0.201122
2,C_Normal_Persist,C,False,False,898,11795992017265496196,0.999868,0.999944,0.996989,0.999930,0.496092,0.542730
2,C_Normal_Persist,C,False,False,899,12397562150046253029,0.997912,0.998683,0.998306,0.999529,0.134178,0.164779
2,C_Normal_Persist,C,False,False,900,3531360285551473057,0.999984,0.999761,0.996821,0.999492,0.293291,0.331271
2,C_Normal_Persist,C,False,False,901,4794030287477457768,0.999773,0.999775,0.998082,0.998712,0.205993,0.281975
2,C_Normal_Persist,C,False,False,902,4710946714493215786,0.999370,0.998123,0.998840,0.999273,0.077272,0.088278
2,C_Normal_Persist,C,False,False,903,4419002096104220541,0.999995,0.999965,0.999150,0.999840,0.132258,0.139707
2,C_Normal_Persist,C,False,False,904,6210541141851067153,0.999953,0.999990,0.997125,0.999713,0.334526,0.365715
2,C_Normal_Persist,C,False,False,905,13609180988566138171,0.999943,0.999612,0.999098,0.999814,0.175855,0.192876
2,C_Normal_Persist,C,False,False,906,8111843946650017454,0.999348,0.999611,0.998959,0.999506,0.103665,0.116863
2,C_Normal_Persist,C,False,False,907,12432082824629257343,0.996505,0.993367,0.994792,0.993859,0.128760,0.168897
2,C_Normal_Persist,C,False,False,908,5909311016876230894,0.999692,0.999485,0.999437,0.999528,0.084582,0.097003
2,C_Normal_Persist,C,False,False,909,14087939729660411352,0.999288,0.999778,0.999362,0.999930,0.093024,0.121854
2,C_Normal_Persist,C,False,False,910,15793409543506665255,0.999781,0.999537,0.991349,0.998089,0.605244,0.612888
2,C_Normal_Persist,C,False,False,911,13382279469751612790,0.999902,0.999980,0.999696,0.999810,0.061051,0.069969
2,C_Normal_Persist,C,False,False,912,4063092754762317258,0.999463,0.999937,0.995971,0.999562,0.234115,0.286251
2,C_Normal_Persist,C,False,False,913,7281469824701140704,0.999865,0.999915,0.999372,0.999786,0.081724,0.099109
2,C_Normal_Persist,C,False,False,914,8706936538186180217,0.996584,0.997225,0.997846,0.999327,0.380568,0.420912
2,C_Normal_Persist,C,False,False,915,1506292861895576950,0.999915,0.999125,0.998999,0.998940,0.167414,0.200678
2,C_Normal_Persist,C,False,False,916,6648807520954369862,0.996476,0.996815,0.997101,0.998645,0.130657,0.155558
2,C_Normal_Persist,C,False,False,917,11236402875790624340,0.997824,0.998353,0.997566,0.999638,0.293649,0.313903
2,C_Normal_Persist,C,False,False,918,13869360939991034741,0.999942,0.999952,0.999740,0.999861,0.047052,0.061526
2,C_Normal_Persist,C,False,False,919,12520338237877100252,0.993670,0.995306,0.998670,0.999127,0.063966,0.083316
2,C_Normal_Persist,C,False,False,920,7343170169265602855,0.997750,0.998931,0.999666,0.999590,0.046805,0.080365
2,C_Normal_Persist,C,False,False,921,13522597485806314967,0.999514,0.997736,0.998340,0.999262,0.148419,0.183010
2,C_Normal_Persist,C,False,False,922,4427675513686333587,0.999609,0.999995,0.996848,0.999905,0.612940,0.632297
2,C_Normal_Persist,C,False,False,923,3527526379352665978,0.998838,0.999376,0.994711,0.998991,0.438152,0.474537
2,C_Normal_Persist,C,False,False,924,5037203073518468819,0.997053,0.997228,0.998145,0.999095,0.109714,0.124935
2,C_Normal_Persist,C,False,False,925,5562674051520026116,0.999121,0.997330,0.994389,0.997728,0.331837,0.387584
2,C_Normal_Persist,C,False,False,926,17644094517598928480,0.993250,0.997839,0.995896,0.998531,0.130539,0.170365
2,C_Normal_Persist,C,False,False,927,2791736776398715280,0.999909,0.999990,0.999206,0.999811,0.092559,0.118850
2,C_Normal_Persist,C,False,False,928,15358856796070759540,0.995216,0.994863,0.998256,0.999538,0.156431,0.204424
2,C_Normal_Persist,C,False,False,929,10846968940911712006,0.997120,0.997631,0.999672,0.999213,0.274999,0.279030
2,C_Normal_Persist,C,False,False,930,16422677603003118572,0.998833,0.998836,0.996829,0.999373,0.188986,0.203749
2,C_Normal_Persist,C,False,False,931,888219521244823479,0.999880,0.999975,0.997996,0.999808,0.237864,0.270132
2,C_Normal_Persist,C,False,False,932,4649855056032210406,0.996815,0.996311,0.998917,0.999061,0.106825,0.135907
2,C_Normal_Persist,C,False,False,933,6750504117036506129,0.999945,0.999787,0.998465,0.999333,0.081405,0.108993
2,C_Normal_Persist,C,False,False,934,915501362036158820,0.998246,0.999974,0.998302,0.999944,0.277431,0.348205
2,C_Normal_Persist,C,False,False,935,191193676691748869,0.998571,0.999871,0.998362,0.999723,0.153262,0.175314
2,C_Normal_Persist,C,False,False,936,10078432722724894427,0.995449,0.997181,0.998081,0.999334,0.157713,0.179142
2,C_Normal_Persist,C,False,False,937,11744513234279403586,0.999990,0.999754,0.998254,0.998716,0.182474,0.212028
2,C_Normal_Persist,C,False,False,938,4719645871395112656,0.998253,0.997849,0.999602,0.999454,0.134784,0.155342
2,C_Normal_Persist,C,False,False,939,11001076741514078725,0.999039,0.996044,0.999084,0.999325,0.084000,0.127852
2,C_Normal_Persist,C,False,False,940,2891431669833374445,0.996414,0.994450,0.992670,0.995000,0.136799,0.174992
2,C_Normal_Persist,C,False,False,941,1984837330100460452,0.999381,0.997374,0.997062,0.996958,0.145558,0.179290
2,C_Normal_Persist,C,False,False,942,5713709002637788656,0.999077,0.997613,0.996158,0.997049,0.149941,0.178354
2,C_Normal_Persist,C,False,False,943,190802027706062250,0.999629,0.999526,0.998634,0.999624,0.138677,0.154825
2,C_Normal_Persist,C,False,False,944,11228913622629563100,0.997449,0.999270,0.998821,0.999621,0.086969,0.102109
2,C_Normal_Persist,C,False,False,945,13455724847807656363,0.999557,0.998631,0.997295,0.998727,0.152572,0.163858
2,C_Normal_Persist,C,False,False,946,2948455104072193922,0.994900,0.992908,0.998665,0.997953,0.120813,0.174103
2,C_Normal_Persist,C,False,False,947,9009158728789319805,0.999999,0.999972,0.999427,0.999751,0.063088,0.088254
2,C_Normal_Persist,C,False,False,948,3924630959006824264,0.997672,0.997938,0.991697,0.998940,0.748751,0.802243
2,C_Normal_Persist,C,False,False,949,6755200866608496777,0.999082,0.998778,0.997649,0.999828,0.370130,0.397208
2,C_Normal_Persist,C,False,False,950,1004395257578045188,0.995697,0.995139,0.995009,0.997697,0.258420,0.286995
2,C_Normal_Persist,C,False,False,951,2732850471544782400,0.996579,0.997701,0.998940,0.998926,0.033103,0.052415
2,C_Normal_Persist,C,False,False,952,6409584985747157633,0.999082,0.999546,0.998708,0.999809,0.173597,0.179959
2,C_Normal_Persist,C,False,False,953,15636879367021787534,0.999165,0.998665,0.994007,0.998339,0.336570,0.366133
2,C_Normal_Persist,C,False,False,954,6053263953548643043,1.000000,0.999480,0.999457,0.999751,0.097162,0.110790
2,C_Normal_Persist,C,False,False,955,6543280876763298905,0.998860,0.999147,0.999781,0.999626,0.103868,0.114209
2,C_Normal_Persist,C,False,False,956,16308231851494067082,0.996994,0.996659,0.999331,0.999534,0.104308,0.137484
2,C_Normal_Persist,C,False,False,957,961632541818415612,0.999436,0.999696,0.997087,0.999534,0.248860,0.267602
2,C_Normal_Persist,C,False,False,958,16836200584254670741,0.988441,0.988173,0.995306,0.994300,0.140436,0.170293
2,C_Normal_Persist,C,False,False,959,6633502986725561833,0.998168,0.998402,0.996945,0.998020,0.282842,0.305712
2,C_Normal_Persist,C,False,False,960,8423026303100760048,0.999307,0.997500,0.996606,0.999206,0.524526,0.573610
2,C_Normal_Persist,C,False,False,961,9166287848980110414,0.999780,0.999063,0.999168,0.999769,0.100159,0.131954
2,C_Normal_Persist,C,False,False,962,330793923331170769,0.994873,0.995760,0.992601,0.996564,0.317310,0.366631
2,C_Normal_Persist,C,False,False,963,8194675652196453704,0.995466,0.992955,0.994338,0.997541,0.294753,0.343374
2,C_Normal_Persist,C,False,False,964,14965809379558893700,0.999813,0.999782,0.997681,0.999571,0.242512,0.275187
2,C_Normal_Persist,C,False,False,965,772231166064982099,0.999978,0.999979,0.999740,0.999906,0.070081,0.086358
2,C_Normal_Persist,C,False,False,966,11237948197260137325,0.999263,0.999810,0.997963,0.999908,0.348998,0.375922
2,C_Normal_Persist,C,False,False,967,8622853114006720754,0.987073,0.988862,0.996701,0.996261,0.135517,0.161722
2,C_Normal_Persist,C,False,False,968,8429822989187228918,0.999851,0.999444,0.998767,0.999004,0.075497,0.086164
2,C_Normal_Persist,C,False,False,969,15802203270065480026,0.984874,0.989837,0.995098,0.996485,0.117355,0.151567
2,C_Normal_Persist,C,False,False,970,1852067854607478176,0.998974,0.999586,0.998573,0.999801,0.166784,0.190342
2,C_Normal_Persist,C,False,False,971,11643925204004301370,0.997607,0.997939,0.992906,0.998988,0.637348,0.703159
2,C_Normal_Persist,C,False,False,972,575601407130412183,0.999652,0.999006,0.998812,0.999800,0.150266,0.189075
2,C_Normal_Persist,C,False,False,973,4204220417923246257,0.999969,0.999463,0.999095,0.999447,0.097536,0.114632
2,C_Normal_Persist,C,False,False,974,15125608644303479552,0.999816,0.999796,0.997091,0.999002,0.319395,0.374087
2,C_Normal_Persist,C,False,False,975,6175205923250487108,0.999348,0.999970,0.998160,0.999790,0.232475,0.264060
2,C_Normal_Persist,C,False,False,976,18295547121118779955,0.999966,0.998996,0.999562,0.999830,0.097862,0.144939
2,C_Normal_Persist,C,False,False,977,11303002782631471145,0.999195,0.997077,0.998900,0.998826,0.066963,0.081812
2,C_Normal_Persist,C,False,False,978,3944785026161304938,0.998856,0.998100,0.998442,0.999365,0.398190,0.423911
2,C_Normal_Persist,C,False,False,979,7862354592798292453,0.997570,0.999688,0.997343,0.999853,0.402135,0.454975
2,C_Normal_Persist,C,False,False,980,14561453418094570495,0.999625,0.996741,0.998898,0.999200,0.125506,0.166822
2,C_Normal_Persist,C,False,False,981,6218820101247145249,0.998296,0.999301,0.999196,0.999480,0.056895,0.074364
2,C_Normal_Persist,C,False,False,982,7797718988271778633,0.999951,0.999980,0.999265,0.998581,0.053325,0.083602
2,C_Normal_Persist,C,False,False,983,1380402768791036427,0.998999,0.999242,0.998433,0.999533,0.076658,0.100720
2,C_Normal_Persist,C,False,False,984,16392694067257749754,0.998655,0.998571,0.999735,0.999821,0.089513,0.106595
2,C_Normal_Persist,C,False,False,985,17649572359290445984,0.994124,0.993917,0.981935,0.994946,1.075821,1.156222
2,C_Normal_Persist,C,False,False,986,6563107432718295582,0.994141,0.997472,0.998573,0.999433,0.096021,0.115272
2,C_Normal_Persist,C,False,False,987,13509676289121027009,0.987126,0.989787,0.992876,0.993038,0.112991,0.112957
2,C_Normal_Persist,C,False,False,988,1660431549520813238,0.996294,0.997641,0.998980,0.999513,0.080510,0.106652
2,C_Normal_Persist,C,False,False,989,12451144964394334494,0.999954,0.999893,0.997750,0.999322,0.320824,0.378707
2,C_Normal_Persist,C,False,False,990,9809104427670464495,0.996442,0.997284,0.998484,0.999216,0.207316,0.246017
2,C_Normal_Persist,C,False,False,991,10854378734099356359,0.998716,1.000000,0.998689,0.999534,0.120906,0.167556
2,C_Normal_Persist,C,False,False,992,16006127264307877932,0.999938,0.999959,0.999574,0.999784,0.082295,0.086064
2,C_Normal_Persist,C,False,False,993,15470920021487932634,0.996513,0.995978,0.998660,0.998527,0.229430,0.241029
2,C_Normal_Persist,C,False,False,994,15723690934161533338,0.999677,0.999977,0.996133,0.999845,0.471549,0.501288
2,C_Normal_Persist,C,False,False,995,8100133999466268897,1.000000,0.999521,0.999631,0.999899,0.111448,0.139822
2,C_Normal_Persist,C,False,False,996,1089424941731520728,1.000000,0.999966,0.999320,0.999635,0.077412,0.099314
2,C_Normal_Persist,C,False,False,997,8823923679833731769,0.999981,0.999968,0.998831,0.999888,0.192978,0.240905
2,C_Normal_Persist,C,False,False,998,13135493992113550640,0.999655,0.999955,0.987931,0.999011,1.008702,1.079284
2,C_Normal_Persist,C,False,False,999,6224599547319847747,0.991379,0.996166,0.997497,0.999311,0.132627,0.176836
3,B_Wrong_Persist,B,True,False,0,10831796424835282646,0.994770,0.997869,0.999284,0.997835,0.166658,0.113681
3,B_Wrong_Persist,B,True,False,1,5589285988166734774,0.998573,0.961432,0.998532,0.991285,0.256282,0.163030
3,B_Wrong_Persist,B,True,False,2,13409816696076101411,0.992920,0.999345,0.998201,0.993590,0.266298,0.178896
3,B_Wrong_Persist,B,True,False,3,13127095179650867487,0.999998,0.908256,0.990055,0.947579,0.641899,0.377269
3,B_Wrong_Persist,B,True,False,4,1228988475578648709,0.978011,0.916653,0.993521,0.982361,0.334118,0.226897
3,B_Wrong_Persist,B,True,False,5,6636896090758518921,0.968653,0.849514,0.986026,0.947479,0.337765,0.217760
3,B_Wrong_Persist,B,True,False,6,12416894528137447911,0.994520,0.958207,0.992693,0.987406,0.375640,0.230370
3,B_Wrong_Persist,B,True,False,7,3314518200480786014,0.999783,0.996603,0.997328,0.995544,0.208411,0.148634
3,B_Wrong_Persist,B,True,False,8,13198341230063804933,0.997775,0.969152,0.999474,0.994426,0.201240,0.140272
3,B_Wrong_Persist,B,True,False,9,9649456720695469708,0.998486,0.981093,0.998774,0.995481,0.188389,0.123048
3,B_Wrong_Persist,B,True,False,10,9928842404411431013,0.981646,0.965349,0.996685,0.995791,0.163441,0.120732
3,B_Wrong_Persist,B,True,False,11,7212457537279636130,0.998333,0.984110,0.999397,0.996339,0.112408,0.080307
3,B_Wrong_Persist,B,True,False,12,5235536224646962182,0.999774,0.985335,0.998115,0.996258,0.236302,0.159918
3,B_Wrong_Persist,B,True,False,13,5037517306958023001,0.999669,0.999486,0.998194,0.998275,0.078380,0.063190
3,B_Wrong_Persist,B,True,False,14,8599644694108957717,0.991310,0.932688,0.996507,0.988081,0.441084,0.272570
3,B_Wrong_Persist,B,True,False,15,13210445378210697776,0.991634,0.999814,0.998902,0.999708,0.096444,0.070603
3,B_Wrong_Persist,B,True,False,16,4076130989260774705,0.999755,0.974679,0.994451,0.986922,0.529832,0.338817
3,B_Wrong_Persist,B,True,False,17,13807700520458341671,0.999711,0.929065,0.994317,0.954387,0.443906,0.270232
3,B_Wrong_Persist,B,True,False,18,15411629053094105045,0.990587,0.920900,0.996354,0.982606,0.431287,0.270719
3,B_Wrong_Persist,B,True,False,19,13877357310881124069,0.997693,0.988902,0.998653,0.998492,0.155366,0.115805
3,B_Wrong_Persist,B,True,False,20,14973528425071800773,0.981249,0.929421,0.996527,0.990236,0.342141,0.225271
3,B_Wrong_Persist,B,True,False,21,7425234091347672485,0.998873,0.988136,0.998227,0.996233,0.190073,0.128557
3,B_Wrong_Persist,B,True,False,22,1534534926264168954,0.998924,0.982342,0.998740,0.988687,0.211641,0.140898
3,B_Wrong_Persist,B,True,False,23,18276500067193925023,0.994606,0.957742,0.996406,0.990220,0.282609,0.184838
3,B_Wrong_Persist,B,True,False,24,10056525858815494736,0.995149,0.999491,0.999195,0.998177,0.111510,0.080633
3,B_Wrong_Persist,B,True,False,25,16822047601537922946,0.987428,0.953181,0.996551,0.992208,0.225422,0.156897
3,B_Wrong_Persist,B,True,False,26,1297844583381040345,0.998316,0.993422,0.998983,0.998670,0.172849,0.122616
3,B_Wrong_Persist,B,True,False,27,8009159305000043274,0.999688,0.999704,0.999320,0.999309,0.074347,0.067108
3,B_Wrong_Persist,B,True,False,28,87560132108229486,0.987966,0.926496,0.993866,0.983707,0.378424,0.242144
3,B_Wrong_Persist,B,True,False,29,11724430411317558393,0.993295,0.957898,0.998814,0.994711,0.332303,0.218468
3,B_Wrong_Persist,B,True,False,30,2431643457293123507,0.997676,0.993218,0.997242,0.995514,0.370675,0.232264
3,B_Wrong_Persist,B,True,False,31,1679547526388058898,0.999499,0.929539,0.997705,0.978218,0.456057,0.289318
3,B_Wrong_Persist,B,True,False,32,12614247893808995716,0.998348,0.952655,0.997212,0.986926,0.378267,0.234317
3,B_Wrong_Persist,B,True,False,33,1229309503795010344,0.995501,0.974625,0.999238,0.997334,0.232986,0.161867
3,B_Wrong_Persist,B,True,False,34,17498679246873900734,0.998713,0.996455,0.999429,0.998507,0.121365,0.087306
3,B_Wrong_Persist,B,True,False,35,16414441110223381235,0.999431,0.942044,0.995911,0.969383,0.290980,0.185879
3,B_Wrong_Persist,B,True,False,36,1803068161137646798,0.983429,0.727781,0.986216,0.920626,1.190044,0.693508
3,B_Wrong_Persist,B,True,False,37,6914424338090920763,0.999981,0.979030,0.998951,0.992390,0.221499,0.140625
3,B_Wrong_Persist,B,True,False,38,9163458193388309474,0.993502,0.936809,0.997126,0.981532,0.205139,0.131289
3,B_Wrong_Persist,B,True,False,39,6878205459840432995,0.998471,0.944533,0.998470,0.987345,0.324210,0.200925
3,B_Wrong_Persist,B,True,False,40,7708589784727643955,0.998563,0.929016,0.999424,0.987894,0.425890,0.262634
3,B_Wrong_Persist,B,True,False,41,10074514836289754857,0.997889,0.999983,0.999178,0.998982,0.066707,0.053556
3,B_Wrong_Persist,B,True,False,42,6584419863278007098,0.996921,0.994327,0.998914,0.998465,0.064861,0.051022
3,B_Wrong_Persist,B,True,False,43,9616134678764216067,0.999899,0.996203,0.997164,0.988402,0.249404,0.176292
3,B_Wrong_Persist,B,True,False,44,3614006048218216504,0.997354,0.845114,0.997897,0.959468,0.760020,0.449672
3,B_Wrong_Persist,B,True,False,45,16297954896303210019,0.999513,0.973418,0.998189,0.988362,0.247252,0.164044
3,B_Wrong_Persist,B,True,False,46,14797753655542411885,0.999833,0.986196,0.997626,0.985782,0.144256,0.105159
3,B_Wrong_Persist,B,True,False,47,10575859113589007349,0.989987,0.863844,0.994331,0.960556,0.478582,0.289172
3,B_Wrong_Persist,B,True,False,48,10093821092385781655,0.987011,0.921544,0.996456,0.980435,0.296174,0.204246
3,B_Wrong_Persist,B,True,False,49,11799752122154961927,0.989724,0.856390,0.987495,0.932081,0.475296,0.277148
3,B_Wrong_Persist,B,True,False,50,16226718084705386008,0.992477,0.974681,0.997685,0.996516,0.293161,0.199076
3,B_Wrong_Persist,B,True,False,51,11826328154387768416,0.999959,0.983467,0.998444,0.989592,0.186100,0.128976
3,B_Wrong_Persist,B,True,False,52,8861577312819968487,0.997650,0.999994,0.999224,0.999743,0.063920,0.052893
3,B_Wrong_Persist,B,True,False,53,7067566845354491049,0.994505,0.918351,0.996782,0.976256,0.372882,0.238287
3,B_Wrong_Persist,B,True,False,54,3387445420360000813,0.996979,0.999342,0.998722,0.997451,0.242639,0.162063
3,B_Wrong_Persist,B,True,False,55,7580386280281472329,0.995246,0.938274,0.996923,0.977737,0.246503,0.154619
3,B_Wrong_Persist,B,True,False,56,17019607427475449620,0.997634,0.999208,0.999098,0.999114,0.112259,0.080312
3,B_Wrong_Persist,B,True,False,57,14784734068514821028,0.999802,0.985737,0.998044,0.987018,0.225829,0.153757
3,B_Wrong_Persist,B,True,False,58,6089662997358427336,0.998282,0.929334,0.997989,0.978118,0.349024,0.217686
3,B_Wrong_Persist,B,True,False,59,14760741238126344473,0.991208,0.955806,0.995690,0.983211,0.146665,0.098373
3,B_Wrong_Persist,B,True,False,60,15350540153513999415,0.984814,0.932452,0.993690,0.983623,0.244554,0.160313
3,B_Wrong_Persist,B,True,False,61,5377772382989359467,0.999008,0.968701,0.997706,0.990150,0.233201,0.150328
3,B_Wrong_Persist,B,True,False,62,1766814226543087155,0.996564,0.931641,0.995314,0.975363,0.290742,0.184314
3,B_Wrong_Persist,B,True,False,63,11136822932092659284,0.994147,0.985305,0.999267,0.998218,0.082763,0.070221
3,B_Wrong_Persist,B,True,False,64,16249931137709313886,0.998094,0.925532,0.994483,0.953127,0.629258,0.376140
3,B_Wrong_Persist,B,True,False,65,10558922772357101240,0.995643,0.982459,0.995862,0.991289,0.133970,0.096441
3,B_Wrong_Persist,B,True,False,66,13373943216849310515,0.999177,0.996098,0.998411,0.992074,0.185670,0.132491
3,B_Wrong_Persist,B,True,False,67,17427741014986951063,0.998434,0.998365,0.998740,0.997905,0.084476,0.067490
3,B_Wrong_Persist,B,True,False,68,13063865686307540030,0.994166,0.947371,0.998302,0.989335,0.243748,0.163235
3,B_Wrong_Persist,B,True,False,69,6559960117495199690,0.997408,0.860364,0.997490,0.958750,0.690886,0.414900
3,B_Wrong_Persist,B,True,False,70,14877234165626312635,0.999797,0.998393,0.997396,0.996308,0.195590,0.134628
3,B_Wrong_Persist,B,True,False,71,13586911780598470433,0.999967,0.993225,0.998962,0.998528,0.118177,0.089821
3,B_Wrong_Persist,B,True,False,72,16440449402157238941,0.997390,0.700298,0.988552,0.883484,1.786041,1.008416
3,B_Wrong_Persist,B,True,False,73,2681252646647537272,0.995812,0.997150,0.999092,0.999254,0.051583,0.048779
3,B_Wrong_Persist,B,True,False,74,16783721397103562983,0.985205,0.684657,0.982462,0.881005,1.175296,0.669619
3,B_Wrong_Persist,B,True,False,75,3615550417887005295,0.991047,0.998204,0.998602,0.995513,0.173663,0.122745
3,B_Wrong_Persist,B,True,False,76,3459315476441448948,0.998719,0.887360,0.996853,0.951378,0.500520,0.289474
3,B_Wrong_Persist,B,True,False,77,3752386223308916011,0.977240,0.525287,0.963005,0.795309,1.924414,1.087405
3,B_Wrong_Persist,B,True,False,78,6896864118184971710,0.999570,0.988810,0.998736,0.996819,0.200730,0.124137
3,B_Wrong_Persist,B,True,False,79,5446186973884266664,0.996681,0.979953,0.998131,0.990236,0.141068,0.099810
3,B_Wrong_Persist,B,True,False,80,6432597575289200234,0.994870,0.958510,0.998228,0.987571,0.174564,0.123579
3,B_Wrong_Persist,B,True,False,81,7698009782919869335,0.952340,0.621633,0.975584,0.878832,1.148586,0.666148
3,B_Wrong_Persist,B,True,False,82,17138831295364481004,0.997214,0.892745,0.993207,0.954589,0.499160,0.291113
3,B_Wrong_Persist,B,True,False,83,4848240432742633780,0.982920,0.808286,0.989681,0.930198,0.654244,0.381204
3,B_Wrong_Persist,B,True,False,84,14344041463135998448,0.994859,0.999967,0.999695,0.999170,0.093153,0.068763
3,B_Wrong_Persist,B,True,False,85,14561998623854869705,0.980391,0.881016,0.992860,0.979580,0.730531,0.443150
3,B_Wrong_Persist,B,True,False,86,15706625616139100337,0.997281,0.957424,0.993691,0.953347,0.638823,0.383160
3,B_Wrong_Persist,B,True,False,87,874384393339262243,0.999474,0.976736,0.999003,0.989756,0.237915,0.154333
3,B_Wrong_Persist,B,True,False,88,16795174772270189043,0.999295,0.882293,0.997051,0.960247,0.634268,0.366290
3,B_Wrong_Persist,B,True,False,89,14761137405749587297,0.999073,0.995380,0.999090,0.995604,0.152250,0.109902
3,B_Wrong_Persist,B,True,False,90,18431791662357402398,0.999008,0.993672,0.998184,0.994563,0.215158,0.139357
3,B_Wrong_Persist,B,True,False,91,277504569310455957,0.999947,0.989178,0.995629,0.985173,0.235356,0.156864
3,B_Wrong_Persist,B,True,False,92,6880376223748192206,0.999999,0.996130,0.999116,0.998619,0.126532,0.094958
3,B_Wrong_Persist,B,True,False,93,2379017810805000997,0.996167,0.990869,0.997870,0.987194,0.247746,0.162696
3,B_Wrong_Persist,B,True,False,94,6855112040403064196,0.999457,0.999166,0.999725,0.999884,0.089107,0.070230
3,B_Wrong_Persist,B,True,False,95,3476307676301068247,0.999878,0.996413,0.999144,0.998253,0.100075,0.078182
3,B_Wrong_Persist,B,True,False,96,11675579136384789586,0.999656,0.995605,0.996682,0.992962,0.302873,0.202985
3,B_Wrong_Persist,B,True,False,97,3935345974453133373,0.998904,0.976765,0.998480,0.987495,0.226817,0.150922
3,B_Wrong_Persist,B,True,False,98,7799212436339899511,0.999669,0.994959,0.998755,0.993842,0.117792,0.085529
3,B_Wrong_Persist,B,True,False,99,11168245292953345300,0.995568,0.993758,0.998968,0.999201,0.142989,0.103520
3,B_Wrong_Persist,B,True,False,100,5702270233949576592,0.993242,0.884983,0.994636,0.968035,0.530003,0.319797
3,B_Wrong_Persist,B,True,False,101,18169487700342226659,0.998959,0.999765,0.999659,0.999763,0.074245,0.062754
3,B_Wrong_Persist,B,True,False,102,12857795135124719810,0.982295,0.869114,0.995490,0.960165,0.411164,0.261962
3,B_Wrong_Persist,B,True,False,103,4911576334454613337,0.991488,0.966347,0.997073,0.993485,0.215625,0.149715
3,B_Wrong_Persist,B,True,False,104,218757343713938546,0.973294,0.896027,0.988553,0.977610,0.403986,0.249857
3,B_Wrong_Persist,B,True,False,105,13965336704021114902,0.992951,0.998088,0.995964,0.996263,0.115300,0.089856
3,B_Wrong_Persist,B,True,False,106,10009697393777207044,0.994859,0.994276,0.999010,0.998611,0.093037,0.073606
3,B_Wrong_Persist,B,True,False,107,11418590078625869801,0.999761,0.989705,0.998912,0.990685,0.147440,0.100769
3,B_Wrong_Persist,B,True,False,108,4193800722365454893,0.988665,0.727517,0.994674,0.931139,1.296868,0.752800
3,B_Wrong_Persist,B,True,False,109,11967158276211396460,0.998587,0.997156,0.999307,0.999062,0.101181,0.074624
3,B_Wrong_Persist,B,True,False,110,5789426958172026673,0.994768,0.997839,0.999410,0.999626,0.075380,0.069356
3,B_Wrong_Persist,B,True,False,111,9800671495431686147,0.986185,0.911590,0.993622,0.970687,0.261871,0.174094
3,B_Wrong_Persist,B,True,False,112,5640960393453663497,0.995333,0.933790,0.993301,0.948286,0.597890,0.354473
3,B_Wrong_Persist,B,True,False,113,5634739316513258759,0.996215,0.903816,0.997693,0.970584,0.397827,0.247664
3,B_Wrong_Persist,B,True,False,114,1540220061083314162,0.981927,0.772630,0.992390,0.932656,0.748603,0.446875
3,B_Wrong_Persist,B,True,False,115,10903706829062532248,0.990922,0.971237,0.995648,0.994415,0.497839,0.312359
3,B_Wrong_Persist,B,True,False,116,5995440233351787178,0.998574,0.921941,0.996081,0.973757,0.407229,0.241128
3,B_Wrong_Persist,B,True,False,117,6868522691326906466,0.995617,0.999945,0.997661,0.994681,0.144403,0.124566
3,B_Wrong_Persist,B,True,False,118,9768679927211893305,0.999945,0.977655,0.998321,0.989916,0.169261,0.114574
3,B_Wrong_Persist,B,True,False,119,2311022416806342319,0.999733,0.966776,0.996645,0.989844,0.421277,0.249258
3,B_Wrong_Persist,B,True,False,120,16640456162171618648,0.996260,0.939215,0.991795,0.974010,0.340887,0.207960
3,B_Wrong_Persist,B,True,False,121,13215173374274245948,0.998563,0.997008,0.997162,0.989278,0.239948,0.159778
3,B_Wrong_Persist,B,True,False,122,14959896005059711407,0.994283,0.880818,0.992207,0.943871,0.559135,0.333725
3,B_Wrong_Persist,B,True,False,123,13152841005940225583,0.994045,0.998487,0.997459,0.992847,0.293918,0.191403
3,B_Wrong_Persist,B,True,False,124,10022673416781304311,0.992051,0.968206,0.997117,0.992118,0.133350,0.096702
3,B_Wrong_Persist,B,True,False,125,4879345091823472176,0.994296,0.998284,0.998839,0.994923,0.148543,0.099528
3,B_Wrong_Persist,B,True,False,126,2277834813243215493,0.995044,0.977875,0.998179,0.996520,0.260300,0.179607
3,B_Wrong_Persist,B,True,False,127,12549134128660468694,0.994593,0.904881,0.994795,0.961519,0.434737,0.261918
3,B_Wrong_Persist,B,True,False,128,16249047504150891485,0.998788,0.965705,0.996359,0.966017,0.396853,0.247401
3,B_Wrong_Persist,B,True,False,129,1454629158291793043,0.996527,0.937353,0.996045,0.976713,0.278899,0.179326
3,B_Wrong_Persist,B,True,False,130,7490945188741285701,0.979232,0.926085,0.993707,0.980260,0.262418,0.186590
3,B_Wrong_Persist,B,True,False,131,10349629385234250104,0.999457,0.999998,0.999395,0.996521,0.158893,0.110882
3,B_Wrong_Persist,B,True,False,132,1739433963434373037,0.997943,0.981044,0.998788,0.992738,0.096461,0.074075
3,B_Wrong_Persist,B,True,False,133,16255860350043828254,0.996012,0.963179,0.997718,0.985920,0.150428,0.107016
3,B_Wrong_Persist,B,True,False,134,5144888011927542299,0.964009,0.839350,0.983329,0.962978,0.628949,0.385845
3,B_Wrong_Persist,B,True,False,135,26619283923634834,0.983267,0.990723,0.995554,0.998711,0.096983,0.073752
3,B_Wrong_Persist,B,True,False,136,8991567729332057069,0.999913,0.995275,0.998938,0.998694,0.140195,0.108422
3,B_Wrong_Persist,B,True,False,137,589582207597714243,0.997614,0.978953,0.997075,0.995166,0.485107,0.312360
3,B_Wrong_Persist,B,True,False,138,11389130078579861434,0.999789,0.999807,0.998096,0.996370,0.066645,0.063401
3,B_Wrong_Persist,B,True,False,139,1322657686809743439,0.999666,0.993463,0.999439,0.997509,0.135845,0.096365
3,B_Wrong_Persist,B,True,False,140,9741908153636573426,0.994890,0.912656,0.995752,0.978050,0.490108,0.298453
3,B_Wrong_Persist,B,True,False,141,6881683531286920583,0.980737,0.917284,0.994763,0.980824,0.295883,0.208014
3,B_Wrong_Persist,B,True,False,142,14135072843964506084,0.990090,0.989028,0.998834,0.992500,0.297832,0.196141
3,B_Wrong_Persist,B,True,False,143,11574638259313178561,0.999729,0.977360,0.998533,0.995488,0.318215,0.210979
3,B_Wrong_Persist,B,True,False,144,10765263429431154095,0.999971,0.997287,0.998997,0.999712,0.079823,0.068013
3,B_Wrong_Persist,B,True,False,145,2507685208414428919,0.999828,0.980757,0.997122,0.982994,0.311800,0.204204
3,B_Wrong_Persist,B,True,False,146,17612892567342420389,0.985022,0.901697,0.995459,0.980402,0.427450,0.260147
3,B_Wrong_Persist,B,True,False,147,4945828593337027678,0.988027,0.935440,0.996445,0.983161,0.198088,0.130136
3,B_Wrong_Persist,B,True,False,148,15125444162424076692,0.997767,0.998834,0.999061,0.999319,0.056251,0.049568
3,B_Wrong_Persist,B,True,False,149,12985593135019757867,0.998143,0.879450,0.998754,0.968628,0.694839,0.407311
3,B_Wrong_Persist,B,True,False,150,9985971678559269026,0.998668,0.999915,0.998546,0.997407,0.195303,0.142167
3,B_Wrong_Persist,B,True,False,151,8443380234469574625,0.998261,0.984715,0.999376,0.992650,0.249790,0.157043
3,B_Wrong_Persist,B,True,False,152,7211236479666402873,0.994143,0.993831,0.998817,0.998176,0.169777,0.134839
3,B_Wrong_Persist,B,True,False,153,11248625823747219850,0.997690,0.893067,0.992367,0.944951,0.491415,0.292257
3,B_Wrong_Persist,B,True,False,154,12707835380796942709,0.993268,0.999944,0.998286,0.996442,0.130468,0.096591
3,B_Wrong_Persist,B,True,False,155,9263472699276967842,0.999714,0.983977,0.998447,0.989761,0.182937,0.119342
3,B_Wrong_Persist,B,True,False,156,4495331480792010359,0.988568,0.892310,0.995590,0.967386,0.318051,0.198972
3,B_Wrong_Persist,B,True,False,157,16367870413716786408,0.999776,0.971094,0.999664,0.990482,0.222581,0.140111
3,B_Wrong_Persist,B,True,False,158,17802200212015788771,0.999882,0.968011,0.994851,0.982763,0.305793,0.192562
3,B_Wrong_Persist,B,True,False,159,17264074163876996684,0.988653,0.862648,0.993760,0.967439,0.676487,0.405770
3,B_Wrong_Persist,B,True,False,160,4335155572185842752,0.996892,0.924398,0.995100,0.976112,0.388072,0.241409
3,B_Wrong_Persist,B,True,False,161,14634813878145643854,0.991588,0.838345,0.993234,0.952216,0.711804,0.414784
3,B_Wrong_Persist,B,True,False,162,120235713277739434,0.999548,0.943066,0.996925,0.974694,0.380401,0.228516
3,B_Wrong_Persist,B,True,False,163,9383119116763413820,0.999539,0.999528,0.998598,0.997649,0.214221,0.141320
3,B_Wrong_Persist,B,True,False,164,17013520762654726287,0.996737,0.946772,0.991441,0.980952,0.419064,0.259309
3,B_Wrong_Persist,B,True,False,165,8811437730781270853,0.997800,0.994366,0.998776,0.988459,0.240219,0.155657
3,B_Wrong_Persist,B,True,False,166,15108448428323181732,0.991194,0.993681,0.996793,0.982812,0.262987,0.166972
3,B_Wrong_Persist,B,True,False,167,16897825633563884443,0.997718,0.887373,0.994941,0.959774,0.604730,0.358824
3,B_Wrong_Persist,B,True,False,168,15012321328550282786,0.999193,0.999384,0.998603,0.995216,0.195283,0.134531
3,B_Wrong_Persist,B,True,False,169,811142656277897829,0.999628,0.999993,0.997930,0.998033,0.249300,0.168137
3,B_Wrong_Persist,B,True,False,170,2345489720616462741,0.988351,0.907032,0.997703,0.987702,0.682289,0.423267
3,B_Wrong_Persist,B,True,False,171,15686058087771496526,1.000000,0.971584,0.995613,0.971264,0.268913,0.172925
3,B_Wrong_Persist,B,True,False,172,18194511782717176241,0.998540,0.987637,0.997855,0.996481,0.128920,0.088111
3,B_Wrong_Persist,B,True,False,173,13318893956033079968,0.979508,0.793737,0.985483,0.933870,0.797904,0.504776
3,B_Wrong_Persist,B,True,False,174,12255033881957772240,0.999708,0.959980,0.999620,0.991032,0.231282,0.143195
3,B_Wrong_Persist,B,True,False,175,11404269657625728510,0.999837,0.965447,0.999534,0.993245,0.324385,0.199614
3,B_Wrong_Persist,B,True,False,176,17869572453716147625,0.998685,0.984401,0.999496,0.992721,0.178237,0.116278
3,B_Wrong_Persist,B,True,False,177,11355387773223890370,0.999857,0.981187,0.996652,0.983394,0.166974,0.106606
3,B_Wrong_Persist,B,True,False,178,17932515281582783774,0.987253,0.913198,0.993197,0.969992,0.230081,0.145208
3,B_Wrong_Persist,B,True,False,179,15685414424279140211,0.999527,0.999439,0.999307,0.997375,0.147056,0.099766
3,B_Wrong_Persist,B,True,False,180,14346750319971514263,0.999820,0.983423,0.998595,0.990945,0.142608,0.097552
3,B_Wrong_Persist,B,True,False,181,11293276582121226635,0.986979,0.931404,0.994489,0.983524,0.258509,0.176870
3,B_Wrong_Persist,B,True,False,182,1374668035374248174,0.999369,0.910962,0.995248,0.936613,0.670743,0.394045
3,B_Wrong_Persist,B,True,False,183,12993021276629956508,0.999994,0.998902,0.998835,0.998220,0.137073,0.098562
3,B_Wrong_Persist,B,True,False,184,5806437999706627216,0.998476,0.971737,0.999607,0.994212,0.210139,0.140198
3,B_Wrong_Persist,B,True,False,185,15151724237009196190,1.000000,0.963981,0.995359,0.980404,0.289439,0.180192
3,B_Wrong_Persist,B,True,False,186,1790750417704725719,0.999461,0.939271,0.999442,0.985703,0.415599,0.245786
3,B_Wrong_Persist,B,True,False,187,63232871821549930,0.993084,0.997954,0.998466,0.997401,0.183185,0.142623
3,B_Wrong_Persist,B,True,False,188,5648806723386255967,0.997982,0.997896,0.998997,0.997009,0.075688,0.062566
3,B_Wrong_Persist,B,True,False,189,11332526937616615424,0.968543,0.830764,0.992458,0.967087,0.611907,0.377334
3,B_Wrong_Persist,B,True,False,190,13608696375189451408,0.999670,0.995971,0.999760,0.997031,0.104213,0.077523
3,B_Wrong_Persist,B,True,False,191,15410161977838371963,0.998352,0.898310,0.995745,0.957943,0.510022,0.298996
3,B_Wrong_Persist,B,True,False,192,3519663802140628834,0.997947,0.995169,0.997150,0.989980,0.148782,0.108761
3,B_Wrong_Persist,B,True,False,193,5962781943305837068,0.999995,0.995074,0.999105,0.999000,0.109712,0.084231
3,B_Wrong_Persist,B,True,False,194,4981568942209988325,0.997614,0.861057,0.990948,0.934327,0.624990,0.372671
3,B_Wrong_Persist,B,True,False,195,4642679406685251586,0.998799,0.997495,0.997041,0.997944,0.156369,0.112955
3,B_Wrong_Persist,B,True,False,196,12581297724502210822,0.998444,0.984444,0.996375,0.983388,0.198988,0.130676
3,B_Wrong_Persist,B,True,False,197,3308742946967540002,0.991622,0.978895,0.999106,0.997850,0.142552,0.107632
3,B_Wrong_Persist,B,True,False,198,195492141743766190,0.998588,0.996623,0.998350,0.998341,0.081277,0.063533
3,B_Wrong_Persist,B,True,False,199,1892734965514698020,0.999944,0.996845,0.999698,0.999533,0.147728,0.105488
3,B_Wrong_Persist,B,True,False,200,15594861237004109610,0.998780,0.962350,0.998775,0.982589,0.199580,0.133572
3,B_Wrong_Persist,B,True,False,201,4128412282315573767,0.989727,0.887155,0.995764,0.971453,0.460276,0.291184
3,B_Wrong_Persist,B,True,False,202,11201283289069215790,0.999220,0.951030,0.997503,0.985488,0.339394,0.201818
3,B_Wrong_Persist,B,True,False,203,14851367875705344806,0.996354,0.999866,0.998660,0.997731,0.101638,0.074482
3,B_Wrong_Persist,B,True,False,204,5615695043366122244,0.998858,0.993314,0.998121,0.996258,0.269515,0.176373
3,B_Wrong_Persist,B,True,False,205,6860058343331257096,0.977207,0.946985,0.993485,0.990420,0.191239,0.138905
3,B_Wrong_Persist,B,True,False,206,15326330224093947318,0.999857,0.924217,0.996337,0.955801,0.513284,0.310635
3,B_Wrong_Persist,B,True,False,207,3922601583114834248,0.999827,0.996785,0.998660,0.995859,0.114377,0.089070
3,B_Wrong_Persist,B,True,False,208,13333092546501852523,0.985903,0.978387,0.996931,0.997405,0.248843,0.170632
3,B_Wrong_Persist,B,True,False,209,14116154026146382488,0.999997,0.989637,0.994773,0.979338,0.179103,0.124945
3,B_Wrong_Persist,B,True,False,210,3399024128539531941,0.977594,0.996665,0.995070,0.992278,0.350559,0.236842
3,B_Wrong_Persist,B,True,False,211,13130696971146879937,0.990769,0.780508,0.993945,0.949155,1.314541,0.773319
3,B_Wrong_Persist,B,True,False,212,5106075519471027089,0.992226,0.706498,0.991009,0.900726,1.313138,0.750161
3,B_Wrong_Persist,B,True,False,213,18255850792894721676,0.999516,0.989025,0.999373,0.997271,0.143077,0.099250
3,B_Wrong_Persist,B,True,False,214,4790492487141547599,0.995385,0.997449,0.998034,0.998001,0.160025,0.113541
3,B_Wrong_Persist,B,True,False,215,12947808681799991623,0.990682,0.909528,0.995830,0.972150,0.327013,0.199079
3,B_Wrong_Persist,B,True,False,216,8407298635810353907,0.986731,0.989660,0.996011,0.992688,0.301496,0.192444
3,B_Wrong_Persist,B,True,False,217,1279267502207641655,0.999455,0.981704,0.997642,0.983159,0.273170,0.176045
3,B_Wrong_Persist,B,True,False,218,752031173190409405,0.999870,0.982168,0.998612,0.991916,0.184013,0.126904
3,B_Wrong_Persist,B,True,False,219,10670369832017338884,0.997123,0.969063,0.996950,0.984306,0.175755,0.118117
3,B_Wrong_Persist,B,True,False,220,4203891370596741908,0.997886,0.906246,0.997045,0.974881,0.572694,0.329865
3,B_Wrong_Persist,B,True,False,221,3232318102768084156,0.996798,0.958586,0.999081,0.985631,0.453704,0.268210
3,B_Wrong_Persist,B,True,False,222,16773538371600866276,0.987263,0.656783,0.994252,0.903737,1.538390,0.873922
3,B_Wrong_Persist,B,True,False,223,275415092500501907,0.989868,0.983694,0.992452,0.995819,0.317310,0.202107
3,B_Wrong_Persist,B,True,False,224,15353239185837300,0.997530,0.999853,0.999277,0.999774,0.083259,0.071295
3,B_Wrong_Persist,B,True,False,225,18364156924980098896,0.999910,0.988397,0.998658,0.991212,0.124275,0.091070
3,B_Wrong_Persist,B,True,False,226,10850290908651253417,0.981244,0.924493,0.994092,0.982474,0.225507,0.148449
3,B_Wrong_Persist,B,True,False,227,10181209282253175331,0.991844,0.959172,0.991684,0.982086,0.224555,0.152886
3,B_Wrong_Persist,B,True,False,228,15193573437075122389,0.995545,0.959370,0.998287,0.993225,0.360629,0.238550
3,B_Wrong_Persist,B,True,False,229,9178468463474429429,0.997407,0.865498,0.995792,0.954064,0.670207,0.402614
3,B_Wrong_Persist,B,True,False,230,12327198631125000707,0.992845,0.916455,0.995207,0.969705,0.296431,0.186808
3,B_Wrong_Persist,B,True,False,231,3441764533635105997,0.993963,0.965920,0.993021,0.991130,0.436409,0.275727
3,B_Wrong_Persist,B,True,False,232,12868777320115690062,0.988529,0.935642,0.996720,0.984575,0.174691,0.119841
3,B_Wrong_Persist,B,True,False,233,17872179291769047913,0.997855,0.995551,0.999539,0.999074,0.097311,0.072148
3,B_Wrong_Persist,B,True,False,234,6588866082161883422,0.997439,0.986120,0.998946,0.992199,0.126779,0.088520
3,B_Wrong_Persist,B,True,False,235,17339324136899836894,0.999454,0.857108,0.987113,0.905657,0.896628,0.513971
3,B_Wrong_Persist,B,True,False,236,16143860419616223228,0.999432,0.999243,0.998984,0.999264,0.073717,0.060532
3,B_Wrong_Persist,B,True,False,237,1013071344071179110,0.999104,0.977064,0.996565,0.984150,0.129250,0.092821
3,B_Wrong_Persist,B,True,False,238,3107646050092335584,0.999253,0.854574,0.995537,0.933851,0.814298,0.475267
3,B_Wrong_Persist,B,True,False,239,11767035723979163330,0.999793,0.902982,0.996278,0.956543,0.551204,0.318889
3,B_Wrong_Persist,B,True,False,240,6941599405246512617,0.999991,0.980155,0.999572,0.997114,0.226671,0.146953
3,B_Wrong_Persist,B,True,False,241,1800396279010314239,0.990969,0.839303,0.997456,0.969051,0.964688,0.590373
3,B_Wrong_Persist,B,True,False,242,2926531081593985509,0.999996,0.981544,0.997101,0.979750,0.168594,0.113241
3,B_Wrong_Persist,B,True,False,243,264142040047858041,0.998221,0.992426,0.998791,0.997937,0.178132,0.129342
3,B_Wrong_Persist,B,True,False,244,7287932612030295845,0.999378,0.999032,0.998405,0.995299,0.162719,0.113915
3,B_Wrong_Persist,B,True,False,245,8706550796247491004,0.997940,0.919335,0.997895,0.985183,0.844933,0.499873
3,B_Wrong_Persist,B,True,False,246,4783030835303602333,0.986456,0.992457,0.998072,0.999116,0.105808,0.081395
3,B_Wrong_Persist,B,True,False,247,16847339475786293569,0.988411,0.939267,0.994455,0.981224,0.204148,0.140828
3,B_Wrong_Persist,B,True,False,248,11356278033981631624,0.996393,0.875457,0.995783,0.962247,0.594515,0.359835
3,B_Wrong_Persist,B,True,False,249,18339126146889341180,0.999852,0.998873,0.998548,0.996657,0.177115,0.118393
3,B_Wrong_Persist,B,True,False,250,9136075385684247168,0.997670,0.960389,0.994792,0.977180,0.188355,0.131277
3,B_Wrong_Persist,B,True,False,251,14717418235574618004,0.998998,0.969294,0.999339,0.990144,0.156283,0.109348
3,B_Wrong_Persist,B,True,False,252,13474871573448462823,0.999637,0.992921,0.998132,0.994797,0.142970,0.105272
3,B_Wrong_Persist,B,True,False,253,16819483661908986083,0.989396,0.924201,0.994808,0.982089,0.390502,0.236373
3,B_Wrong_Persist,B,True,False,254,14302369615814140295,0.994893,0.962215,0.997862,0.994117,0.330886,0.216384
3,B_Wrong_Persist,B,True,False,255,666852242883297785,0.999954,0.991900,0.999378,0.995342,0.189554,0.133056
3,B_Wrong_Persist,B,True,False,256,11002665902631771780,0.997406,0.991603,0.997910,0.990774,0.131082,0.096536
3,B_Wrong_Persist,B,True,False,257,16737752776648659264,0.984335,0.806076,0.992526,0.933378,0.763240,0.450348
3,B_Wrong_Persist,B,True,False,258,10950575041999195964,0.999604,0.998603,0.998339,0.998414,0.226845,0.163157
3,B_Wrong_Persist,B,True,False,259,3287326314386774984,0.998993,0.994687,0.999456,0.997812,0.047642,0.041092
3,B_Wrong_Persist,B,True,False,260,17871304037779071507,0.996645,0.841528,0.989605,0.926900,0.685899,0.399480
3,B_Wrong_Persist,B,True,False,261,1212420405502544625,0.983326,0.947269,0.997652,0.993577,0.289477,0.207693
3,B_Wrong_Persist,B,True,False,262,6753532095823509772,0.998581,0.990547,0.997999,0.992703,0.257922,0.166657
3,B_Wrong_Persist,B,True,False,263,4968715992286184009,0.983828,0.856627,0.986729,0.947283,0.497322,0.302908
3,B_Wrong_Persist,B,True,False,264,15796977384287603451,0.999572,0.880798,0.993805,0.927889,0.903753,0.522473
3,B_Wrong_Persist,B,True,False,265,6263665552796915392,0.990172,0.999979,0.997192,0.999247,0.103682,0.072353
3,B_Wrong_Persist,B,True,False,266,7826006446284342521,0.999940,0.960553,0.999368,0.991384,0.301513,0.196299
3,B_Wrong_Persist,B,True,False,267,11669441049572912925,0.999942,0.959454,0.996916,0.993354,0.509888,0.324326
3,B_Wrong_Persist,B,True,False,268,17016700956613425195,0.995644,0.797167,0.992030,0.934758,1.026370,0.596420
3,B_Wrong_Persist,B,True,False,269,124132055508876400,0.999045,0.999494,0.997835,0.997299,0.103058,0.084736
3,B_Wrong_Persist,B,True,False,270,14664093534087746473,0.979290,0.860622,0.993788,0.958556,0.425674,0.275410
3,B_Wrong_Persist,B,True,False,271,14230875046032765837,0.993083,0.719000,0.995809,0.912708,1.274069,0.735570
3,B_Wrong_Persist,B,True,False,272,14188184559403649304,0.996793,0.999805,0.999130,0.997704,0.143426,0.102785
3,B_Wrong_Persist,B,True,False,273,9054790892941324134,0.993767,0.923211,0.998135,0.983591,0.310322,0.199816
3,B_Wrong_Persist,B,True,False,274,3821829688495118648,0.999227,0.994383,0.999703,0.999143,0.121164,0.090242
3,B_Wrong_Persist,B,True,False,275,1731365534686728202,0.993153,0.993185,0.997782,0.997801,0.126686,0.092943
3,B_Wrong_Persist,B,True,False,276,13892457283650174811,0.999991,0.968291,0.998972,0.990145,0.303775,0.186796
3,B_Wrong_Persist,B,True,False,277,9983499279187844255,0.999035,0.977034,0.997207,0.993155,0.279482,0.181233
3,B_Wrong_Persist,B,True,False,278,9439112982223137206,0.995698,0.999088,0.995985,0.996604,0.241871,0.154478
3,B_Wrong_Persist,B,True,False,279,4210254560563718734,0.998525,0.999972,0.996474,0.999204,0.119360,0.093130
3,B_Wrong_Persist,B,True,False,280,454712098659927722,0.992053,0.997166,0.995389,0.997901,0.170921,0.115879
3,B_Wrong_Persist,B,True,False,281,10212417655714346703,0.999328,0.955723,0.998361,0.982948,0.286988,0.182198
3,B_Wrong_Persist,B,True,False,282,16567215199471377946,0.994381,0.998071,0.996779,0.990449,0.306129,0.190427
3,B_Wrong_Persist,B,True,False,283,9967242176407205082,0.997824,0.949048,0.998904,0.979922,0.483793,0.283697
3,B_Wrong_Persist,B,True,False,284,11191829396488425103,0.996623,0.976376,0.998421,0.994165,0.124920,0.097545
3,B_Wrong_Persist,B,True,False,285,13317055278724863251,0.992977,0.989412,0.995252,0.979473,0.395794,0.252193
3,B_Wrong_Persist,B,True,False,286,2067438781548271473,0.997665,0.956474,0.997240,0.980552,0.293560,0.189042
3,B_Wrong_Persist,B,True,False,287,9813050812159398728,0.982668,0.968332,0.992100,0.993546,0.180330,0.122535
3,B_Wrong_Persist,B,True,False,288,15422427109447626934,0.987103,0.614833,0.991081,0.903497,2.158508,1.230191
3,B_Wrong_Persist,B,True,False,289,15993078210315190599,0.989995,0.959588,0.996067,0.986498,0.155678,0.111681
3,B_Wrong_Persist,B,True,False,290,12546887578172985731,0.999836,0.998752,0.999521,0.999544,0.094959,0.091960
3,B_Wrong_Persist,B,True,False,291,9293059640502665816,0.980597,0.999998,0.993849,0.995412,0.288624,0.190367
3,B_Wrong_Persist,B,True,False,292,4781107262344376747,0.997918,0.933828,0.991997,0.956598,0.269450,0.168526
3,B_Wrong_Persist,B,True,False,293,11235611205847518752,0.984987,0.981605,0.997697,0.997901,0.172980,0.124775
3,B_Wrong_Persist,B,True,False,294,9024182886273077015,0.951758,0.812153,0.988102,0.954475,0.525679,0.345360
3,B_Wrong_Persist,B,True,False,295,18259078692584816204,0.999290,0.998316,0.998836,0.997760,0.139329,0.096268
3,B_Wrong_Persist,B,True,False,296,12428147186325456717,0.998238,0.978071,0.998507,0.988133,0.257195,0.162696
3,B_Wrong_Persist,B,True,False,297,2950629545105451786,0.998755,0.973276,0.994173,0.987751,0.508056,0.306845
3,B_Wrong_Persist,B,True,False,298,808287614949732013,0.999669,0.927628,0.992984,0.938493,0.687974,0.399167
3,B_Wrong_Persist,B,True,False,299,14385967162273892952,0.993362,0.999994,0.998246,0.999210,0.125714,0.088648
3,B_Wrong_Persist,B,True,False,300,7407484782934813165,0.998221,0.984050,0.999439,0.996200,0.115218,0.086266
3,B_Wrong_Persist,B,True,False,301,11737384833668149973,0.999019,0.974945,0.995947,0.981789,0.260115,0.169262
3,B_Wrong_Persist,B,True,False,302,10737481394496056586,0.984128,0.961095,0.997053,0.994940,0.178009,0.125711
3,B_Wrong_Persist,B,True,False,303,2277160179358469307,0.975751,0.838470,0.987228,0.949178,0.541257,0.332371
3,B_Wrong_Persist,B,True,False,304,4067869436789714127,0.997335,0.934547,0.995203,0.973840,0.324586,0.206262
3,B_Wrong_Persist,B,True,False,305,13034776889652992781,0.999953,0.997358,0.998748,0.994547,0.184239,0.125840
3,B_Wrong_Persist,B,True,False,306,4644487769064385563,0.998836,0.983563,0.997758,0.980991,0.242682,0.162918
3,B_Wrong_Persist,B,True,False,307,7346288559659272061,0.999949,0.999177,0.999064,0.996036,0.143792,0.103788
3,B_Wrong_Persist,B,True,False,308,2517255092810303519,0.987150,0.955059,0.997254,0.991401,0.186342,0.139498
3,B_Wrong_Persist,B,True,False,309,15041730855900638339,0.999810,0.969823,0.996959,0.983116,0.231223,0.145015
3,B_Wrong_Persist,B,True,False,310,10172090112921797772,0.999999,0.994854,0.993135,0.993638,0.685720,0.447763
3,B_Wrong_Persist,B,True,False,311,15689117837661564627,0.994952,0.933961,0.994946,0.967332,0.258513,0.166755
3,B_Wrong_Persist,B,True,False,312,3320329425758236823,0.988777,0.955954,0.996273,0.990898,0.206155,0.136004
3,B_Wrong_Persist,B,True,False,313,5129175502358639352,0.998734,0.979525,0.998962,0.994722,0.153237,0.112949
3,B_Wrong_Persist,B,True,False,314,9633550375205400789,0.999803,0.979214,0.996933,0.989773,0.275756,0.171747
3,B_Wrong_Persist,B,True,False,315,15508418836576467870,0.999967,0.938905,0.993368,0.964604,0.593847,0.350284
3,B_Wrong_Persist,B,True,False,316,1235828796920713671,0.994956,0.910165,0.997927,0.974011,0.475013,0.303125
3,B_Wrong_Persist,B,True,False,317,6260656921817749719,0.998568,0.998325,0.996013,0.997061,0.149386,0.102930
3,B_Wrong_Persist,B,True,False,318,18177220641192240788,0.999086,0.968146,0.998362,0.993690,0.500229,0.311294
3,B_Wrong_Persist,B,True,False,319,95706228915326249,0.999241,0.993587,0.999519,0.998999,0.166845,0.121954
3,B_Wrong_Persist,B,True,False,320,16800317410695370684,0.999171,0.991494,0.998206,0.987645,0.203218,0.136539
3,B_Wrong_Persist,B,True,False,321,3622530425515665189,0.998688,0.999312,0.999439,0.998020,0.146810,0.108338
3,B_Wrong_Persist,B,True,False,322,9915661580401016485,0.993161,0.978361,0.997214,0.995083,0.239909,0.157308
3,B_Wrong_Persist,B,True,False,323,15266111289882485919,0.999816,0.982297,0.991373,0.973088,0.288327,0.178953
3,B_Wrong_Persist,B,True,False,324,17453908596303959516,0.994607,0.933569,0.998847,0.986868,0.298605,0.192251
3,B_Wrong_Persist,B,True,False,325,12451728852864048312,0.999916,0.973310,0.999575,0.995251,0.271233,0.179924
3,B_Wrong_Persist,B,True,False,326,4722053729074575615,0.998932,0.871725,0.997628,0.943653,0.876277,0.495582
3,B_Wrong_Persist,B,True,False,327,18341507835088180566,0.999860,0.999875,0.998800,0.998480,0.090625,0.070767
3,B_Wrong_Persist,B,True,False,328,11158140230030555425,0.998539,0.923363,0.996481,0.975881,0.452845,0.280751
3,B_Wrong_Persist,B,True,False,329,5147549176081641367,0.997038,0.956639,0.993265,0.981056,0.209695,0.138353
3,B_Wrong_Persist,B,True,False,330,14522307953712469060,0.979081,0.779764,0.985952,0.906225,0.749184,0.446658
3,B_Wrong_Persist,B,True,False,331,16510426378363264801,0.993877,0.899472,0.992980,0.967257,0.449215,0.265042
3,B_Wrong_Persist,B,True,False,332,8943743552188378733,0.996324,0.957664,0.999066,0.990583,0.204597,0.143749
3,B_Wrong_Persist,B,True,False,333,8730518047746021614,0.999548,0.989673,0.992907,0.992184,0.411960,0.247884
3,B_Wrong_Persist,B,True,False,334,5522593349672088527,0.999995,0.998402,0.999377,0.999045,0.079319,0.066564
3,B_Wrong_Persist,B,True,False,335,15602503094770756248,0.995893,0.994203,0.998080,0.998719,0.192594,0.138411
3,B_Wrong_Persist,B,True,False,336,3868283280391876157,0.999503,0.998667,0.999514,0.999563,0.071848,0.059323
3,B_Wrong_Persist,B,True,False,337,14187746295298899672,0.996429,0.980585,0.993154,0.983533,0.075867,0.061889
3,B_Wrong_Persist,B,True,False,338,5530911698740345077,0.998662,0.967740,0.997807,0.978196,0.345462,0.216409
3,B_Wrong_Persist,B,True,False,339,4824003549058079701,0.986321,0.853926,0.997723,0.970928,0.545671,0.334444
3,B_Wrong_Persist,B,True,False,340,4649453852035328860,0.999950,0.984306,0.999221,0.989868,0.128050,0.093359
3,B_Wrong_Persist,B,True,False,341,15091450024350221700,1.000000,0.990578,0.999393,0.993102,0.146406,0.105587
3,B_Wrong_Persist,B,True,False,342,9427996358222443415,0.971181,0.942568,0.992994,0.991409,0.306711,0.204270
3,B_Wrong_Persist,B,True,False,343,5718838391516473685,0.991366,0.891653,0.995984,0.967278,0.379255,0.238171
3,B_Wrong_Persist,B,True,False,344,14971648859675239690,0.995395,0.964245,0.998745,0.993760,0.163789,0.109008
3,B_Wrong_Persist,B,True,False,345,7931470907139388132,0.999917,0.959512,0.995739,0.968052,0.293998,0.181212
3,B_Wrong_Persist,B,True,False,346,16656602060865969818,0.999503,0.993527,0.998519,0.999140,0.156912,0.108709
3,B_Wrong_Persist,B,True,False,347,1039131526730281120,0.997574,0.784827,0.987214,0.915906,1.069024,0.608482
3,B_Wrong_Persist,B,True,False,348,4382217649519130967,0.987460,0.999987,0.997164,0.996849,0.249426,0.169005
3,B_Wrong_Persist,B,True,False,349,9051195355243967552,0.997705,0.999997,0.998814,0.998802,0.102509,0.075564
3,B_Wrong_Persist,B,True,False,350,5283379278341781401,0.980067,0.764772,0.990102,0.931845,0.787008,0.460625
3,B_Wrong_Persist,B,True,False,351,1080121250810009230,0.974013,0.930684,0.995636,0.988796,0.244507,0.170554
3,B_Wrong_Persist,B,True,False,352,18216902324891812513,0.993631,1.000000,0.996543,0.994675,0.368908,0.229418
3,B_Wrong_Persist,B,True,False,353,6773453040859480019,0.975240,0.855934,0.987446,0.958498,0.459692,0.276697
3,B_Wrong_Persist,B,True,False,354,5885294313630677629,0.998384,0.954802,0.997534,0.978508,0.212494,0.137570
3,B_Wrong_Persist,B,True,False,355,10892474082906912814,0.999573,0.999227,0.998851,0.998891,0.141242,0.103488
3,B_Wrong_Persist,B,True,False,356,222031261197369243,0.999071,0.903712,0.996778,0.967073,0.650914,0.380686
3,B_Wrong_Persist,B,True,False,357,8486324919712161532,0.982813,0.859947,0.995894,0.968153,0.459652,0.288041
3,B_Wrong_Persist,B,True,False,358,12117631536732126246,0.991826,0.983679,0.998490,0.990290,0.330281,0.207370
3,B_Wrong_Persist,B,True,False,359,8677795278661084690,0.996399,0.999058,0.998786,0.999539,0.094285,0.072003
3,B_Wrong_Persist,B,True,False,360,18412580415772066670,0.991446,0.884181,0.995987,0.968632,0.494865,0.308580
3,B_Wrong_Persist,B,True,False,361,14090785316682679910,0.994542,0.917593,0.994059,0.967794,0.442060,0.268462
3,B_Wrong_Persist,B,True,False,362,577088842697970949,0.990674,0.911475,0.995830,0.969372,0.287063,0.174319
3,B_Wrong_Persist,B,True,False,363,9006443045039341837,0.981432,0.837186,0.993269,0.948584,0.479174,0.279579
3,B_Wrong_Persist,B,True,False,364,4505187055196511452,0.991244,0.999820,0.999319,0.996138,0.110384,0.083055
3,B_Wrong_Persist,B,True,False,365,11169169494586408397,0.996683,0.944581,0.996032,0.985399,0.339286,0.207875
3,B_Wrong_Persist,B,True,False,366,2192782264233577336,0.999918,0.995388,0.999524,0.997046,0.056424,0.048836
3,B_Wrong_Persist,B,True,False,367,6855051137513394415,1.000000,0.989704,0.999074,0.994586,0.180161,0.121484
3,B_Wrong_Persist,B,True,False,368,8305178830337136366,0.991018,0.999948,0.998507,0.997363,0.124844,0.102592
3,B_Wrong_Persist,B,True,False,369,3999534374835644626,0.999887,0.977945,0.998702,0.993894,0.288553,0.182554
3,B_Wrong_Persist,B,True,False,370,3866314162880768733,0.998814,0.989123,0.998896,0.997549,0.169191,0.119823
3,B_Wrong_Persist,B,True,False,371,1217357701910236720,0.999632,0.982982,0.999091,0.994177,0.207908,0.135165
3,B_Wrong_Persist,B,True,False,372,3915897250502333435,0.998872,0.965970,0.998257,0.984781,0.324844,0.198801
3,B_Wrong_Persist,B,True,False,373,7350841014041480601,0.999883,0.997850,0.999621,0.997316,0.112774,0.081644
3,B_Wrong_Persist,B,True,False,374,6434065604117067835,0.999137,0.884779,0.997924,0.963453,0.667700,0.409016
3,B_Wrong_Persist,B,True,False,375,17446931652302560148,0.990925,0.858448,0.994494,0.967389,0.821089,0.489409
3,B_Wrong_Persist,B,True,False,376,13563260099373912621,0.999509,0.996130,0.998145,0.999497,0.120580,0.096354
3,B_Wrong_Persist,B,True,False,377,10613767545932377828,0.995189,0.888774,0.993852,0.959787,0.400309,0.238747
3,B_Wrong_Persist,B,True,False,378,10574627038247619859,0.991062,0.943439,0.994186,0.979360,0.257543,0.168846
3,B_Wrong_Persist,B,True,False,379,8492033979682864320,0.994698,0.999501,0.998378,0.996193,0.116148,0.100331
3,B_Wrong_Persist,B,True,False,380,14168761969405627792,0.997767,0.922294,0.993451,0.960189,0.374610,0.231482
3,B_Wrong_Persist,B,True,False,381,9711162187566352018,0.999517,0.990012,0.999212,0.992655,0.143482,0.095755
3,B_Wrong_Persist,B,True,False,382,8793445331512572884,0.968942,0.923208,0.996529,0.992282,0.269744,0.185001
3,B_Wrong_Persist,B,True,False,383,2493691992367973219,0.994927,0.940107,0.996691,0.967799,0.614515,0.363777
3,B_Wrong_Persist,B,True,False,384,14710899375310896634,0.999642,0.994713,0.998588,0.999078,0.102414,0.078432
3,B_Wrong_Persist,B,True,False,385,8771090633212140844,0.957739,0.767111,0.992317,0.947960,0.644599,0.397433
3,B_Wrong_Persist,B,True,False,386,17915665432705219778,0.997314,0.994436,0.999552,0.999137,0.089716,0.076071
3,B_Wrong_Persist,B,True,False,387,3085407443814179769,0.996853,0.986800,0.996939,0.996158,0.123959,0.084899
3,B_Wrong_Persist,B,True,False,388,5161235823367149146,0.962342,0.912685,0.993790,0.989220,0.396156,0.261048
3,B_Wrong_Persist,B,True,False,389,833439348970838330,0.993101,0.952365,0.996557,0.981020,0.185007,0.123114
3,B_Wrong_Persist,B,True,False,390,14336107997114772469,0.996855,0.988378,0.998669,0.998088,0.176563,0.121287
3,B_Wrong_Persist,B,True,False,391,3256760714598714901,0.998577,0.989638,0.998481,0.997064,0.172741,0.120138
3,B_Wrong_Persist,B,True,False,392,6428689226843508152,0.998380,0.999902,0.998999,0.999003,0.055310,0.048070
3,B_Wrong_Persist,B,True,False,393,4604053043303631240,0.984102,0.784815,0.993300,0.949667,0.970588,0.581579
3,B_Wrong_Persist,B,True,False,394,2773865421550303557,0.968941,0.899635,0.992156,0.981397,0.377047,0.257792
3,B_Wrong_Persist,B,True,False,395,4475139906231356653,0.999538,0.988989,0.998772,0.991522,0.145214,0.103929
3,B_Wrong_Persist,B,True,False,396,10698799183838989790,0.996720,0.958276,0.993747,0.980813,0.213887,0.137120
3,B_Wrong_Persist,B,True,False,397,13619862250152699568,0.995894,0.995756,0.997680,0.997715,0.061394,0.055359
3,B_Wrong_Persist,B,True,False,398,2631619276815618914,0.988534,0.954233,0.994617,0.986606,0.157495,0.110769
3,B_Wrong_Persist,B,True,False,399,2992460967543312513,0.999991,0.992635,0.999827,0.995964,0.111769,0.083964
3,B_Wrong_Persist,B,True,False,400,16015878150787458611,0.999979,0.999979,0.998350,0.998161,0.131362,0.096670
3,B_Wrong_Persist,B,True,False,401,14518821881124126357,0.999364,0.990948,0.999766,0.999046,0.100648,0.082604
3,B_Wrong_Persist,B,True,False,402,10843015644491570221,0.996950,0.981627,0.997552,0.979759,0.343479,0.215065
3,B_Wrong_Persist,B,True,False,403,11409298170225780902,0.999341,0.905360,0.996482,0.955140,0.441224,0.259929
3,B_Wrong_Persist,B,True,False,404,25279846367380710,0.997369,0.990624,0.997131,0.991643,0.106443,0.074674
3,B_Wrong_Persist,B,True,False,405,9196061037313907513,0.995734,0.974161,0.991239,0.976763,0.187706,0.130872
3,B_Wrong_Persist,B,True,False,406,3647258058683733177,0.991990,0.923207,0.997044,0.984563,0.383191,0.247621
3,B_Wrong_Persist,B,True,False,407,1637350924941967847,0.985489,0.887240,0.988672,0.970694,0.656269,0.398411
3,B_Wrong_Persist,B,True,False,408,1287450692483632774,0.996656,0.929222,0.995715,0.980285,0.430015,0.272788
3,B_Wrong_Persist,B,True,False,409,158417128306616825,0.998914,0.965599,0.997574,0.986204,0.302528,0.206067
3,B_Wrong_Persist,B,True,False,410,10388589649771986977,0.998487,0.997969,0.998585,0.998956,0.067242,0.058987
3,B_Wrong_Persist,B,True,False,411,9983841304798475141,0.996549,0.939756,0.998415,0.982821,0.249845,0.162891
3,B_Wrong_Persist,B,True,False,412,10769946088614765567,0.985224,0.893187,0.996130,0.976086,0.363319,0.224476
3,B_Wrong_Persist,B,True,False,413,473173051507920337,0.999549,0.790860,0.988658,0.902779,1.111424,0.627954
3,B_Wrong_Persist,B,True,False,414,6001591767545083633,0.994933,0.962235,0.997575,0.991987,0.210013,0.135307
3,B_Wrong_Persist,B,True,False,415,7163231007979936115,0.981209,0.713223,0.983085,0.904050,1.139029,0.651938
3,B_Wrong_Persist,B,True,False,416,781960659356571284,0.994560,0.970515,0.998666,0.995946,0.197532,0.140510
3,B_Wrong_Persist,B,True,False,417,6982462216770992734,0.999748,0.996948,0.999272,0.998022,0.044314,0.042305
3,B_Wrong_Persist,B,True,False,418,9627470611959159716,0.999672,0.998209,0.998572,0.996230,0.126948,0.092460
3,B_Wrong_Persist,B,True,False,419,6142303034259701446,0.992805,1.000000,0.997846,0.998616,0.129587,0.091174
3,B_Wrong_Persist,B,True,False,420,5700814923058186108,0.998953,0.963808,0.998438,0.990029,0.230627,0.147029
3,B_Wrong_Persist,B,True,False,421,5516822165182216929,0.998997,0.999626,0.999273,0.996851,0.179563,0.119798
3,B_Wrong_Persist,B,True,False,422,12800164884140884859,0.999943,0.995646,0.999058,0.998552,0.100167,0.075992
3,B_Wrong_Persist,B,True,False,423,17516165038949405147,0.990607,0.697326,0.983228,0.871452,1.195851,0.689976
3,B_Wrong_Persist,B,True,False,424,3340135298717288320,0.999308,0.949618,0.999257,0.982987,0.379991,0.226719
3,B_Wrong_Persist,B,True,False,425,16883359873140639810,0.999496,0.875199,0.997086,0.957567,0.662651,0.383482
3,B_Wrong_Persist,B,True,False,426,7968347715642703749,0.976007,0.911807,0.992500,0.981698,0.277904,0.185127
3,B_Wrong_Persist,B,True,False,427,12111518761122994011,0.996972,0.954377,0.996558,0.959700,0.478309,0.294482
3,B_Wrong_Persist,B,True,False,428,13746010246672846921,0.997225,0.999654,0.997817,0.993505,0.323109,0.204669
3,B_Wrong_Persist,B,True,False,429,2378359067219644642,0.998908,0.997544,0.999374,0.997589,0.091693,0.072804
3,B_Wrong_Persist,B,True,False,430,8042254312064897218,0.998028,0.980974,0.998604,0.995837,0.296165,0.193003
3,B_Wrong_Persist,B,True,False,431,4583895963460712072,0.998338,0.854908,0.995506,0.953547,0.819103,0.482895
3,B_Wrong_Persist,B,True,False,432,18368535711464644942,0.996411,0.973393,0.998531,0.991677,0.104347,0.079021
3,B_Wrong_Persist,B,True,False,433,1786897729828386641,0.991647,0.833149,0.989849,0.938860,0.719290,0.437911
3,B_Wrong_Persist,B,True,False,434,16062808467461780886,0.970062,0.798583,0.989444,0.948738,0.637301,0.379144
3,B_Wrong_Persist,B,True,False,435,1203235742516809104,0.994979,0.998644,0.997568,0.996144,0.210847,0.138639
3,B_Wrong_Persist,B,True,False,436,4549641609149886699,0.991646,0.999915,0.995348,0.990885,0.380864,0.245342
3,B_Wrong_Persist,B,True,False,437,395518989119783843,0.996759,0.998395,0.997483,0.997433,0.098240,0.077300
3,B_Wrong_Persist,B,True,False,438,7236425261173774811,0.999478,0.931932,0.998042,0.977769,0.395480,0.241563
3,B_Wrong_Persist,B,True,False,439,14779239576982888120,0.999303,0.986486,0.997671,0.985872,0.283925,0.177067
3,B_Wrong_Persist,B,True,False,440,11500714812248857170,0.975833,0.915609,0.991801,0.984885,0.503529,0.324961
3,B_Wrong_Persist,B,True,False,441,12777788996612875716,0.998817,0.990566,0.998977,0.995188,0.191577,0.131241
3,B_Wrong_Persist,B,True,False,442,11506901344665337046,0.996300,0.925293,0.997572,0.975923,0.285594,0.171376
3,B_Wrong_Persist,B,True,False,443,9985674974741037727,0.999030,0.899643,0.991168,0.947767,0.624166,0.370884
3,B_Wrong_Persist,B,True,False,444,9029813847047335591,0.976065,0.987654,0.996103,0.997336,0.199514,0.140130
3,B_Wrong_Persist,B,True,False,445,17705961894204341017,0.994604,0.950414,0.997740,0.989363,0.223201,0.148903
3,B_Wrong_Persist,B,True,False,446,16983724718982349968,0.998743,0.918626,0.995751,0.968427,0.395552,0.232741
3,B_Wrong_Persist,B,True,False,447,17962198943223683245,0.997656,0.812878,0.995683,0.942107,0.967463,0.546162
3,B_Wrong_Persist,B,True,False,448,1777927810112690419,0.997109,0.979787,0.996723,0.992409,0.121445,0.089423
3,B_Wrong_Persist,B,True,False,449,15958086398181489178,0.999343,0.773278,0.992116,0.901438,1.185037,0.680403
3,B_Wrong_Persist,B,True,False,450,674649337003629170,0.998606,0.991897,0.999569,0.999211,0.117564,0.094299
3,B_Wrong_Persist,B,True,False,451,12549860615950851359,0.988421,0.982117,0.999140,0.998933,0.109194,0.092707
3,B_Wrong_Persist,B,True,False,452,8393696396803199627,0.999996,0.997514,0.999086,0.998428,0.103061,0.082080
3,B_Wrong_Persist,B,True,False,453,9294304955972181282,0.997134,0.998128,0.997055,0.996840,0.114203,0.091209
3,B_Wrong_Persist,B,True,False,454,18433649355514474602,0.999935,0.906476,0.996602,0.963465,0.593172,0.356540
3,B_Wrong_Persist,B,True,False,455,7396316798978106556,0.999967,0.953233,0.996132,0.975673,0.421824,0.267804
3,B_Wrong_Persist,B,True,False,456,6734579060275385165,0.992701,0.998361,0.996569,0.994451,0.336095,0.216429
3,B_Wrong_Persist,B,True,False,457,14214004756981451932,0.999495,0.933773,0.986934,0.922709,0.664668,0.395039
3,B_Wrong_Persist,B,True,False,458,1736077496193123442,0.987087,0.890317,0.995950,0.968969,0.284625,0.182969
3,B_Wrong_Persist,B,True,False,459,6388822261713723624,0.978717,0.793807,0.993194,0.954148,0.773481,0.460311
3,B_Wrong_Persist,B,True,False,460,1381036348995896999,0.991339,0.909716,0.997399,0.978431,0.331480,0.208580
3,B_Wrong_Persist,B,True,False,461,3975387965488185413,0.997947,0.918634,0.995754,0.966300,0.329428,0.201224
3,B_Wrong_Persist,B,True,False,462,5352705650032704681,0.983188,0.936441,0.993543,0.985939,0.274556,0.190116
3,B_Wrong_Persist,B,True,False,463,497619794730967606,0.999345,0.999560,0.999539,0.999614,0.052987,0.044547
3,B_Wrong_Persist,B,True,False,464,6096843940327177025,0.993754,0.995408,0.999090,0.999556,0.068213,0.064716
3,B_Wrong_Persist,B,True,False,465,2044587102111242917,0.998374,0.978193,0.998522,0.989238,0.151461,0.108050
3,B_Wrong_Persist,B,True,False,466,13006768787933474355,0.998850,0.987364,0.998563,0.990950,0.175342,0.114870
3,B_Wrong_Persist,B,True,False,467,11422694041367489984,0.999618,0.859651,0.994375,0.941095,0.758932,0.429525
3,B_Wrong_Persist,B,True,False,468,16371438645524798787,0.992515,0.998466,0.997710,0.999276,0.175051,0.118859
3,B_Wrong_Persist,B,True,False,469,9756664811256985239,0.996131,0.911538,0.993546,0.972295,0.491335,0.300235
3,B_Wrong_Persist,B,True,False,470,10279796688656223632,0.999855,0.974887,0.996991,0.981702,0.188727,0.117730
3,B_Wrong_Persist,B,True,False,471,18202042430640460821,0.990581,0.987275,0.999070,0.998728,0.133063,0.114276
3,B_Wrong_Persist,B,True,False,472,8323498434706102528,0.998563,0.949548,0.996138,0.983107,0.303884,0.193268
3,B_Wrong_Persist,B,True,False,473,13895543514499618720,0.997935,0.990516,0.996310,0.994931,0.128282,0.089365
3,B_Wrong_Persist,B,True,False,474,2723939500040678437,0.986496,0.902997,0.995614,0.982086,0.442944,0.268654
3,B_Wrong_Persist,B,True,False,475,7767017974994335203,0.992984,0.903519,0.987167,0.959485,0.422554,0.261263
3,B_Wrong_Persist,B,True,False,476,3134183683014845454,0.999711,0.866863,0.994624,0.941859,0.715122,0.411946
3,B_Wrong_Persist,B,True,False,477,10264130090075042661,0.994171,0.999675,0.996493,0.985425,0.285673,0.197627
3,B_Wrong_Persist,B,True,False,478,7634506069135880318,0.991170,0.846072,0.992787,0.941061,0.654597,0.402902
3,B_Wrong_Persist,B,True,False,479,11752441023833733375,0.997992,0.997790,0.997719,0.996201,0.108200,0.089293
3,B_Wrong_Persist,B,True,False,480,15226385781038654405,0.992681,0.997740,0.997364,0.988061,0.284383,0.180760
3,B_Wrong_Persist,B,True,False,481,16994518689208989823,0.991983,0.927745,0.997975,0.987565,0.415974,0.279842
3,B_Wrong_Persist,B,True,False,482,17999319876906603466,0.999497,0.946087,0.996587,0.973533,0.515860,0.322518
3,B_Wrong_Persist,B,True,False,483,13449562749100335913,0.989274,0.997275,0.995433,0.980645,0.380572,0.242613
3,B_Wrong_Persist,B,True,False,484,14851505838605377324,0.994161,0.885369,0.996864,0.965656,0.421936,0.255847
3,B_Wrong_Persist,B,True,False,485,3608010533996657299,0.995511,0.925697,0.993832,0.971945,0.309168,0.189202
3,B_Wrong_Persist,B,True,False,486,6036251629060282391,0.989895,0.992525,0.997459,0.998544,0.062240,0.053860
3,B_Wrong_Persist,B,True,False,487,15214097707762812350,0.999860,0.998970,0.999696,0.998946,0.078316,0.063006
3,B_Wrong_Persist,B,True,False,488,13947658627539781347,0.995445,0.960837,0.995553,0.989582,0.254452,0.165594
3,B_Wrong_Persist,B,True,False,489,3833564835935360541,0.999968,0.984516,0.999111,0.993058,0.128455,0.083569
3,B_Wrong_Persist,B,True,False,490,5970623231941706867,0.995468,0.967468,0.997176,0.992065,0.317169,0.204093
3,B_Wrong_Persist,B,True,False,491,5010379276380762955,0.999998,0.968201,0.994254,0.973950,0.291641,0.191642
3,B_Wrong_Persist,B,True,False,492,12185528756520037298,0.999862,0.996890,0.999756,0.998848,0.073741,0.063304
3,B_Wrong_Persist,B,True,False,493,3912549569958586430,0.999829,0.968544,0.998927,0.985665,0.238780,0.155861
3,B_Wrong_Persist,B,True,False,494,9634404719280024648,0.975713,0.963757,0.995757,0.993856,0.346685,0.228058
3,B_Wrong_Persist,B,True,False,495,15177983250356257707,0.999999,0.999426,0.999190,0.998964,0.067472,0.057482
3,B_Wrong_Persist,B,True,False,496,18351318527703224271,0.993034,0.993120,0.997468,0.997812,0.157319,0.122039
3,B_Wrong_Persist,B,True,False,497,6054038411623333152,0.998232,0.873191,0.996521,0.961456,0.647125,0.382590
3,B_Wrong_Persist,B,True,False,498,1952493359474273509,0.998953,0.969559,0.997475,0.983330,0.486163,0.292758
3,B_Wrong_Persist,B,True,False,499,6877255068324078875,0.995844,0.997194,0.998879,0.997695,0.114674,0.081246
3,B_Wrong_Persist,B,True,False,500,3815683040039118266,0.999983,0.968341,0.998596,0.992807,0.296528,0.203926
3,B_Wrong_Persist,B,True,False,501,4734232775509909987,0.999250,0.959522,0.998761,0.982178,0.323552,0.201931
3,B_Wrong_Persist,B,True,False,502,15234345713883136843,0.999779,0.992161,0.998806,0.997395,0.199172,0.132002
3,B_Wrong_Persist,B,True,False,503,7097416456790604571,0.986955,0.918491,0.994432,0.986048,0.729729,0.436505
3,B_Wrong_Persist,B,True,False,504,13880614217199173357,0.999201,0.995325,0.997735,0.989160,0.206936,0.142110
3,B_Wrong_Persist,B,True,False,505,10676769254349388102,0.999836,0.996217,0.998745,0.996053,0.125376,0.091506
3,B_Wrong_Persist,B,True,False,506,11199735137997875497,0.999795,0.933014,0.994082,0.962232,0.465664,0.288244
3,B_Wrong_Persist,B,True,False,507,6041447935209545766,0.990908,0.972904,0.998020,0.994965,0.146177,0.106503
3,B_Wrong_Persist,B,True,False,508,15303378058822469423,0.999032,0.991335,0.999127,0.998635,0.161313,0.111992
3,B_Wrong_Persist,B,True,False,509,16022716387970322171,0.999488,0.979523,0.999039,0.993065,0.247219,0.160569
3,B_Wrong_Persist,B,True,False,510,3084148067481992397,0.990293,0.994870,0.998047,0.999125,0.211072,0.151722
3,B_Wrong_Persist,B,True,False,511,5356565139700308975,0.999498,0.816616,0.993144,0.929024,1.003038,0.566672
3,B_Wrong_Persist,B,True,False,512,10112005237134583048,0.997737,0.983270,0.998591,0.996047,0.151504,0.109222
3,B_Wrong_Persist,B,True,False,513,5247082689844240165,0.996562,0.940886,0.998367,0.981207,0.298870,0.194160
3,B_Wrong_Persist,B,True,False,514,15601439616258802719,0.995774,0.998602,0.998225,0.999141,0.130454,0.107909
3,B_Wrong_Persist,B,True,False,515,12968013726768639693,0.998984,0.969539,0.997004,0.988254,0.226035,0.154491
3,B_Wrong_Persist,B,True,False,516,9631468078000973600,0.999965,0.994481,0.998693,0.993284,0.108810,0.079333
3,B_Wrong_Persist,B,True,False,517,12892198443604311320,0.999982,0.961277,0.997415,0.979180,0.215939,0.148525
3,B_Wrong_Persist,B,True,False,518,3624823360472885003,0.997356,0.966465,0.997239,0.987759,0.245632,0.162669
3,B_Wrong_Persist,B,True,False,519,17094312029461612859,0.998263,0.925869,0.996501,0.981458,0.539757,0.320961
3,B_Wrong_Persist,B,True,False,520,17942913714158916882,0.983979,0.935876,0.992166,0.977999,0.233154,0.158170
3,B_Wrong_Persist,B,True,False,521,7185551496244001857,0.999572,0.981379,0.998287,0.988552,0.197700,0.131630
3,B_Wrong_Persist,B,True,False,522,7388334590409725082,0.999466,0.929498,0.998564,0.974791,0.326029,0.197446
3,B_Wrong_Persist,B,True,False,523,14384430904874423203,0.976134,0.999035,0.997587,0.989055,0.331385,0.217466
3,B_Wrong_Persist,B,True,False,524,1372207053532034209,0.994781,0.996293,0.995188,0.996611,0.047397,0.044717
3,B_Wrong_Persist,B,True,False,525,5263512498133461004,0.993724,0.899303,0.994269,0.963656,0.350544,0.219296
3,B_Wrong_Persist,B,True,False,526,2709205215886311524,0.998809,0.963798,0.996648,0.990537,0.571276,0.341620
3,B_Wrong_Persist,B,True,False,527,6960564175544226610,0.998363,0.994327,0.998685,0.991973,0.224250,0.141615
3,B_Wrong_Persist,B,True,False,528,5908448933540370857,0.999338,0.985404,0.995043,0.992478,0.435676,0.268581
3,B_Wrong_Persist,B,True,False,529,17864551410455923591,0.999922,0.978075,0.998960,0.990785,0.169442,0.112992
3,B_Wrong_Persist,B,True,False,530,6029646199661109416,0.991582,0.998485,0.997902,0.999253,0.110206,0.089293
3,B_Wrong_Persist,B,True,False,531,14244576585171041280,0.976220,0.932754,0.993676,0.988797,0.280424,0.179709
3,B_Wrong_Persist,B,True,False,532,12521080004873461389,0.992046,0.887312,0.992584,0.969021,0.605316,0.367904
3,B_Wrong_Persist,B,True,False,533,135739622439529075,0.998661,0.981995,0.997987,0.980492,0.273542,0.168561
3,B_Wrong_Persist,B,True,False,534,40084497068377148,0.997220,0.986033,0.999047,0.986519,0.263851,0.166614
3,B_Wrong_Persist,B,True,False,535,3689449087408034617,0.999324,0.941613,0.998524,0.972610,0.480205,0.284661
3,B_Wrong_Persist,B,True,False,536,3099816409404451419,0.993031,0.885773,0.993018,0.957716,0.412769,0.249724
3,B_Wrong_Persist,B,True,False,537,12872309038014112448,0.993596,0.913365,0.996822,0.974142,0.353989,0.227488
3,B_Wrong_Persist,B,True,False,538,8235212123668350074,0.999211,0.997408,0.999047,0.998456,0.215801,0.145473
3,B_Wrong_Persist,B,True,False,539,7406308199770259074,0.993664,0.999932,0.998630,0.996165,0.221076,0.147645
3,B_Wrong_Persist,B,True,False,540,1701447100987115814,0.989895,0.999964,0.998209,0.998602,0.116521,0.084034
3,B_Wrong_Persist,B,True,False,541,17380316603102125339,0.999995,0.999947,0.998604,0.998189,0.148757,0.102160
3,B_Wrong_Persist,B,True,False,542,17215595065235486188,0.999244,0.987932,0.999142,0.995699,0.299838,0.188769
3,B_Wrong_Persist,B,True,False,543,14593454031951186102,0.997334,0.973872,0.997799,0.994044,0.426292,0.269460
3,B_Wrong_Persist,B,True,False,544,9641546660389836053,0.969887,0.817254,0.990614,0.961373,0.665368,0.410594
3,B_Wrong_Persist,B,True,False,545,1450000064744011221,0.992866,0.940109,0.997916,0.987772,0.275981,0.176934
3,B_Wrong_Persist,B,True,False,546,5830939597733808416,0.999566,0.999558,0.999314,0.999282,0.107332,0.083624
3,B_Wrong_Persist,B,True,False,547,2873601757865801569,0.996848,0.993123,0.998279,0.992880,0.239094,0.159836
3,B_Wrong_Persist,B,True,False,548,7987610560406702755,0.999839,0.996301,0.999648,0.998387,0.119190,0.091136
3,B_Wrong_Persist,B,True,False,549,11193825311455202047,0.999951,0.976901,0.999710,0.994492,0.210655,0.137438
3,B_Wrong_Persist,B,True,False,550,15584825711639581554,0.985197,0.986472,0.995886,0.997109,0.077472,0.058418
3,B_Wrong_Persist,B,True,False,551,911058336952135087,0.998600,0.920272,0.997745,0.981766,0.582311,0.348498
3,B_Wrong_Persist,B,True,False,552,4372782264364793117,1.000000,0.965193,0.995291,0.969383,0.565228,0.354399
3,B_Wrong_Persist,B,True,False,553,7528610402946284069,0.999417,0.999969,0.997035,0.991476,0.338437,0.216596
3,B_Wrong_Persist,B,True,False,554,1569973633596815220,0.998019,0.953255,0.993918,0.970963,0.266502,0.167621
3,B_Wrong_Persist,B,True,False,555,15185770200473082485,0.986130,0.949013,0.996159,0.987285,0.095510,0.070251
3,B_Wrong_Persist,B,True,False,556,2170028917634311300,0.978826,0.985878,0.991865,0.995922,0.259814,0.179834
3,B_Wrong_Persist,B,True,False,557,6523063067673502339,0.993258,0.999980,0.995820,0.995799,0.349141,0.237693
3,B_Wrong_Persist,B,True,False,558,14748599051250679289,0.997828,0.970141,0.996632,0.988615,0.167536,0.115398
3,B_Wrong_Persist,B,True,False,559,5188151314358405100,0.993484,0.935554,0.993236,0.979514,0.291784,0.180497
3,B_Wrong_Persist,B,True,False,560,10017757053840738171,0.975674,0.818585,0.989691,0.942753,0.581171,0.366662
3,B_Wrong_Persist,B,True,False,561,15691948322903054348,0.966943,0.909874,0.989048,0.983641,0.393334,0.252650
3,B_Wrong_Persist,B,True,False,562,12010477360189432852,0.996973,0.902689,0.993771,0.958656,0.417105,0.250615
3,B_Wrong_Persist,B,True,False,563,11718983173306296092,0.999171,0.996919,0.999253,0.999218,0.107372,0.077525
3,B_Wrong_Persist,B,True,False,564,3192277196703856866,0.997292,0.988698,0.998667,0.997394,0.119313,0.088680
3,B_Wrong_Persist,B,True,False,565,2096477032751499220,0.997493,0.952810,0.996571,0.969459,0.489369,0.295381
3,B_Wrong_Persist,B,True,False,566,16568326665801605395,0.999942,0.960342,0.998594,0.985625,0.316961,0.195726
3,B_Wrong_Persist,B,True,False,567,819989861740388834,0.999372,0.906880,0.992140,0.941556,0.471123,0.281638
3,B_Wrong_Persist,B,True,False,568,6941145145036049679,0.967814,0.764906,0.981691,0.936561,0.934700,0.555770
3,B_Wrong_Persist,B,True,False,569,8217799635793120448,0.997894,0.929096,0.996821,0.973327,0.271343,0.167638
3,B_Wrong_Persist,B,True,False,570,12151908295572947140,0.998623,0.988956,0.997221,0.993098,0.175271,0.121123
3,B_Wrong_Persist,B,True,False,571,2176930252300083343,0.999997,0.917541,0.994676,0.958701,0.578052,0.331273
3,B_Wrong_Persist,B,True,False,572,13142984526624241898,0.996863,0.998165,0.997704,0.993848,0.237671,0.173212
3,B_Wrong_Persist,B,True,False,573,5216474147010875451,0.995590,0.997663,0.998378,0.997879,0.098340,0.079699
3,B_Wrong_Persist,B,True,False,574,8299767693869464370,0.993870,0.714867,0.986304,0.880668,1.301941,0.753258
3,B_Wrong_Persist,B,True,False,575,10836952990669025121,0.998494,0.984339,0.998126,0.986619,0.281330,0.186195
3,B_Wrong_Persist,B,True,False,576,9505523329222343820,0.998921,0.858552,0.997847,0.950060,0.714020,0.405759
3,B_Wrong_Persist,B,True,False,577,9290891799242763267,0.987784,0.960328,0.997373,0.991633,0.170981,0.123145
3,B_Wrong_Persist,B,True,False,578,8691355703707397868,0.991450,0.854296,0.987918,0.942993,0.674041,0.389577
3,B_Wrong_Persist,B,True,False,579,13171731668186645284,0.972089,0.880408,0.995265,0.979910,0.359894,0.222914
3,B_Wrong_Persist,B,True,False,580,7180002827706404144,0.999824,0.998369,0.999491,0.998732,0.117695,0.087651
3,B_Wrong_Persist,B,True,False,581,2375715749194460894,0.998518,0.992432,0.999206,0.998727,0.085448,0.072486
3,B_Wrong_Persist,B,True,False,582,309766549651550280,0.986041,0.924541,0.989057,0.978159,0.461621,0.303865
3,B_Wrong_Persist,B,True,False,583,11111075638950872406,0.996392,0.968232,0.996651,0.992647,0.338249,0.215143
3,B_Wrong_Persist,B,True,False,584,14877690985783602543,0.996939,0.989013,0.999455,0.995445,0.256989,0.164739
3,B_Wrong_Persist,B,True,False,585,15278896971943253218,0.993977,0.990005,0.998505,0.998587,0.088751,0.073596
3,B_Wrong_Persist,B,True,False,586,2254586118503187987,0.997360,0.955755,0.999289,0.994752,0.434918,0.293392
3,B_Wrong_Persist,B,True,False,587,5037278661085093291,0.998885,0.896364,0.996040,0.957893,0.499017,0.299358
3,B_Wrong_Persist,B,True,False,588,2946796476242581878,0.999957,0.986913,0.999636,0.995942,0.111537,0.077079
3,B_Wrong_Persist,B,True,False,589,13718776482275094230,0.999759,0.902356,0.998740,0.972945,0.553282,0.329342
3,B_Wrong_Persist,B,True,False,590,6352980277577498656,0.996773,0.924795,0.996286,0.969868,0.350287,0.221720
3,B_Wrong_Persist,B,True,False,591,15846179220977766741,0.999368,0.979667,0.997302,0.985509,0.225101,0.148616
3,B_Wrong_Persist,B,True,False,592,15667915845522450679,0.999948,0.987773,0.999268,0.993971,0.098215,0.073271
3,B_Wrong_Persist,B,True,False,593,13487409515380199176,0.998360,0.971959,0.994477,0.980028,0.334677,0.211312
3,B_Wrong_Persist,B,True,False,594,16096349585302278842,0.985849,0.953380,0.996230,0.993147,0.458700,0.296656
3,B_Wrong_Persist,B,True,False,595,3103786457744014810,0.985344,0.885393,0.997310,0.980261,0.469534,0.298894
3,B_Wrong_Persist,B,True,False,596,11674084476354333182,0.995950,0.993251,0.998780,0.998285,0.092359,0.076992
3,B_Wrong_Persist,B,True,False,597,157685576664363139,0.999980,0.980601,0.999625,0.996722,0.181226,0.124177
3,B_Wrong_Persist,B,True,False,598,11736280727704348190,0.999827,0.975613,0.999321,0.995996,0.202001,0.138726
3,B_Wrong_Persist,B,True,False,599,6517890715808372554,0.999904,0.986362,0.998306,0.993736,0.138372,0.099579
3,B_Wrong_Persist,B,True,False,600,17141154016113502110,0.996035,0.995242,0.998241,0.996095,0.169448,0.119865
3,B_Wrong_Persist,B,True,False,601,896806718282578183,0.999880,0.999724,0.999396,0.999424,0.038463,0.037791
3,B_Wrong_Persist,B,True,False,602,13083720059061259591,0.996297,0.997408,0.998307,0.996696,0.146927,0.106880
3,B_Wrong_Persist,B,True,False,603,17110673999707848959,0.999991,0.972675,0.996016,0.976265,0.248330,0.162018
3,B_Wrong_Persist,B,True,False,604,1068373182157338850,0.996949,0.992943,0.999278,0.993981,0.159044,0.115775
3,B_Wrong_Persist,B,True,False,605,16288308525776878714,0.999441,0.973784,0.993992,0.981657,0.591147,0.378536
3,B_Wrong_Persist,B,True,False,606,17187024797826142531,0.998819,0.979541,0.999568,0.991643,0.220334,0.144921
3,B_Wrong_Persist,B,True,False,607,550702102464541602,0.998709,0.975326,0.999059,0.996757,0.268972,0.171825
3,B_Wrong_Persist,B,True,False,608,7015154147071603755,0.997309,0.970769,0.998424,0.988591,0.183003,0.124886
3,B_Wrong_Persist,B,True,False,609,13193689178596041806,0.993904,0.897242,0.995425,0.968082,0.404577,0.256058
3,B_Wrong_Persist,B,True,False,610,18359948015092322806,0.999336,0.937605,0.993921,0.956609,0.639568,0.380507
3,B_Wrong_Persist,B,True,False,611,16984510048503099590,0.996133,0.908399,0.993671,0.970894,0.462835,0.275756
3,B_Wrong_Persist,B,True,False,612,13184268046737723704,0.993355,0.999753,0.998729,0.997970,0.088819,0.067443
3,B_Wrong_Persist,B,True,False,613,6395982694250047134,0.997316,0.850757,0.994551,0.956045,0.870602,0.505476
3,B_Wrong_Persist,B,True,False,614,12358854514903908278,0.999540,0.988230,0.999436,0.997899,0.142173,0.097581
3,B_Wrong_Persist,B,True,False,615,12195833275402144019,0.997708,0.999600,0.998424,0.999462,0.085645,0.076018
3,B_Wrong_Persist,B,True,False,616,8146433801211988651,0.998878,0.993926,0.998289,0.996095,0.189755,0.135001
3,B_Wrong_Persist,B,True,False,617,15885844030467921596,0.995119,0.994258,0.998680,0.995347,0.173601,0.118758
3,B_Wrong_Persist,B,True,False,618,8217217949086613437,0.998702,0.987750,0.999302,0.996669,0.103495,0.085744
3,B_Wrong_Persist,B,True,False,619,16885873336184977578,0.993108,0.999679,0.996739,0.989876,0.239236,0.155092
3,B_Wrong_Persist,B,True,False,620,12691461750844413458,0.997384,0.877842,0.996733,0.967905,0.765450,0.455842
3,B_Wrong_Persist,B,True,False,621,18053626438562591746,0.998135,0.795577,0.992572,0.911966,1.019455,0.580003
3,B_Wrong_Persist,B,True,False,622,8135455936021967286,0.998057,0.977796,0.999430,0.997865,0.243047,0.170638
3,B_Wrong_Persist,B,True,False,623,12099680720535422575,0.991075,0.897666,0.996676,0.971287,0.362288,0.224439
3,B_Wrong_Persist,B,True,False,624,11672907758362012544,0.997074,0.952460,0.997831,0.990890,0.418619,0.257148
3,B_Wrong_Persist,B,True,False,625,7328789519569926664,0.999763,0.990088,0.999393,0.998005,0.244566,0.168529
3,B_Wrong_Persist,B,True,False,626,6840167937028517161,0.999932,0.980535,0.995799,0.978357,0.323146,0.204892
3,B_Wrong_Persist,B,True,False,627,9884583406198900976,0.996394,0.990626,0.998454,0.997483,0.158699,0.125055
3,B_Wrong_Persist,B,True,False,628,18235043322517968,0.999343,0.757324,0.993025,0.900566,1.263324,0.708255
3,B_Wrong_Persist,B,True,False,629,13590704442975732059,0.994194,0.953573,0.996132,0.981280,0.129239,0.093263
3,B_Wrong_Persist,B,True,False,630,11264601583276950400,0.997167,0.994176,0.998772,0.996346,0.091399,0.074202
3,B_Wrong_Persist,B,True,False,631,3227798202829086672,0.999789,0.974193,0.997035,0.991132,0.297144,0.187440
3,B_Wrong_Persist,B,True,False,632,7596050568056548731,0.995355,0.983011,0.991869,0.988657,0.128626,0.093061
3,B_Wrong_Persist,B,True,False,633,954522811788993374,0.998613,0.683532,0.993009,0.889555,1.592808,0.894866
3,B_Wrong_Persist,B,True,False,634,7389954427789810887,0.999923,0.962696,0.998402,0.993534,0.291026,0.185189
3,B_Wrong_Persist,B,True,False,635,11476884999355681899,0.988943,0.866015,0.993038,0.951243,0.458537,0.268462
3,B_Wrong_Persist,B,True,False,636,13550528674518436752,0.999449,0.981721,0.997971,0.991867,0.148939,0.111983
3,B_Wrong_Persist,B,True,False,637,12262977578946664783,0.999931,0.996554,0.999503,0.996681,0.125912,0.088805
3,B_Wrong_Persist,B,True,False,638,14690697040459656709,0.999510,0.995377,0.997972,0.990509,0.171766,0.123772
3,B_Wrong_Persist,B,True,False,639,2827569138945448814,0.991475,0.727717,0.992894,0.908424,1.190741,0.683127
3,B_Wrong_Persist,B,True,False,640,2367155194811556158,0.999278,0.961427,0.998290,0.979458,0.354814,0.217545
3,B_Wrong_Persist,B,True,False,641,9586895767766434560,0.996154,0.999688,0.998793,0.993767,0.155810,0.106726
3,B_Wrong_Persist,B,True,False,642,13080084400584479433,0.995107,0.999985,0.997690,0.991737,0.212212,0.148519
3,B_Wrong_Persist,B,True,False,643,4595487720894356974,0.999231,0.939471,0.996876,0.961920,0.555071,0.336606
3,B_Wrong_Persist,B,True,False,644,8190497402226183083,0.988823,0.885074,0.988296,0.950509,0.383258,0.231241
3,B_Wrong_Persist,B,True,False,645,4489603907492761217,0.998201,0.873863,0.996232,0.961306,0.670871,0.389981
3,B_Wrong_Persist,B,True,False,646,15862462297978084698,0.999935,0.998015,0.999308,0.997427,0.073585,0.062371
3,B_Wrong_Persist,B,True,False,647,6989549079536303366,0.996874,0.958631,0.997903,0.992219,0.466383,0.285651
3,B_Wrong_Persist,B,True,False,648,2210283681395443738,0.999973,0.999850,0.998996,0.999211,0.095745,0.077214
3,B_Wrong_Persist,B,True,False,649,11059070159565303964,0.980298,0.903869,0.994616,0.977512,0.370477,0.255518
3,B_Wrong_Persist,B,True,False,650,1256543399910769612,0.997978,0.971396,0.996006,0.977390,0.226247,0.144311
3,B_Wrong_Persist,B,True,False,651,11413704966202488702,0.997888,0.997350,0.998785,0.998958,0.056200,0.051543
3,B_Wrong_Persist,B,True,False,652,5036176762623149626,0.985845,0.931315,0.994166,0.981808,0.221206,0.145613
3,B_Wrong_Persist,B,True,False,653,13037510731477361308,0.997256,0.761994,0.988415,0.893456,1.138680,0.650248
3,B_Wrong_Persist,B,True,False,654,5684325890261728382,0.998059,0.998964,0.999472,0.999453,0.145707,0.106464
3,B_Wrong_Persist,B,True,False,655,17357228933775692149,0.990667,0.987048,0.995185,0.996528,0.124375,0.092980
3,B_Wrong_Persist,B,True,False,656,17113334999111562264,0.998604,0.990286,0.998524,0.996449,0.130491,0.096365
3,B_Wrong_Persist,B,True,False,657,1067954253079982984,0.990115,0.999552,0.995579,0.995958,0.305542,0.197466
3,B_Wrong_Persist,B,True,False,658,12372299452432902241,0.996844,0.940390,0.998918,0.989236,0.288734,0.192468
3,B_Wrong_Persist,B,True,False,659,5159726363905272362,0.994501,0.996737,0.991556,0.988196,0.160664,0.114228
3,B_Wrong_Persist,B,True,False,660,11714898948891856702,0.997593,0.999789,0.998775,0.998953,0.125189,0.094300
3,B_Wrong_Persist,B,True,False,661,10384221018233905958,0.999968,0.945359,0.997448,0.972796,0.352324,0.219014
3,B_Wrong_Persist,B,True,False,662,933272063147246868,0.979926,0.721403,0.985738,0.920421,1.279868,0.736903
3,B_Wrong_Persist,B,True,False,663,13714995745029307428,0.999963,0.957789,0.996417,0.970634,0.315231,0.189057
3,B_Wrong_Persist,B,True,False,664,7622372488627811275,0.992437,0.947818,0.997744,0.991020,0.379834,0.245325
3,B_Wrong_Persist,B,True,False,665,7457405956858218792,0.999814,0.996200,0.999418,0.997911,0.063318,0.055085
3,B_Wrong_Persist,B,True,False,666,10950754610943233985,0.999981,0.988121,0.999138,0.993805,0.116541,0.080854
3,B_Wrong_Persist,B,True,False,667,5329640780086155955,0.994842,0.989034,0.996678,0.992127,0.539060,0.348103
3,B_Wrong_Persist,B,True,False,668,3320547064490303132,0.999293,0.979605,0.998536,0.989565,0.145044,0.098427
3,B_Wrong_Persist,B,True,False,669,7882080806874671937,0.999704,0.914249,0.997623,0.961883,0.489102,0.283222
3,B_Wrong_Persist,B,True,False,670,5795046932261004857,0.989514,0.876170,0.992595,0.963313,0.490879,0.292991
3,B_Wrong_Persist,B,True,False,671,16269299219175785977,0.994297,0.993861,0.996203,0.994542,0.069527,0.058442
3,B_Wrong_Persist,B,True,False,672,9124368965415537160,0.999948,0.996334,0.996535,0.982340,0.441656,0.266872
3,B_Wrong_Persist,B,True,False,673,1640759034945396464,0.988450,0.915156,0.996906,0.987874,0.599881,0.367965
3,B_Wrong_Persist,B,True,False,674,14745446740917418483,0.998631,0.966213,0.998415,0.973780,0.351020,0.216728
3,B_Wrong_Persist,B,True,False,675,9058240107653192394,0.985984,0.915996,0.987689,0.974394,0.389912,0.244732
3,B_Wrong_Persist,B,True,False,676,8369670224127175588,0.999648,0.898710,0.995001,0.954451,0.501465,0.289416
3,B_Wrong_Persist,B,True,False,677,16830775290023900608,0.995180,0.967159,0.999239,0.986158,0.405556,0.239648
3,B_Wrong_Persist,B,True,False,678,3013276899955716389,0.985979,0.921058,0.995597,0.953051,1.015112,0.578893
3,B_Wrong_Persist,B,True,False,679,6484964937305855934,0.998277,0.987587,0.998804,0.992478,0.096765,0.070866
3,B_Wrong_Persist,B,True,False,680,14631678862371953801,0.996853,0.921474,0.995017,0.970784,0.399743,0.257310
3,B_Wrong_Persist,B,True,False,681,17775201051405335023,0.993384,0.829006,0.985825,0.922064,0.618781,0.353567
3,B_Wrong_Persist,B,True,False,682,11465296976632957859,0.999497,0.997994,0.999374,0.997632,0.151548,0.107209
3,B_Wrong_Persist,B,True,False,683,304371998981197480,0.999939,0.843230,0.995212,0.928253,0.896269,0.514823
3,B_Wrong_Persist,B,True,False,684,4598719805495526766,0.993788,0.996365,0.999010,0.994731,0.157186,0.107351
3,B_Wrong_Persist,B,True,False,685,15452663616023459491,0.999068,0.914153,0.989575,0.937117,0.626780,0.374837
3,B_Wrong_Persist,B,True,False,686,5912896334692566523,0.990291,0.993936,0.996848,0.987296,0.387566,0.247214
3,B_Wrong_Persist,B,True,False,687,8710269932783800963,0.997014,0.999813,0.997619,0.998861,0.104812,0.079271
3,B_Wrong_Persist,B,True,False,688,10882102846168408657,0.998492,0.998471,0.998941,0.999132,0.126104,0.088557
3,B_Wrong_Persist,B,True,False,689,12897273054483678582,0.998245,0.968864,0.996472,0.990522,0.355687,0.233662
3,B_Wrong_Persist,B,True,False,690,3979598551556308428,0.999804,0.935014,0.999199,0.980447,0.387668,0.230090
3,B_Wrong_Persist,B,True,False,691,3623648238902358703,0.999978,0.995735,0.999188,0.996428,0.152605,0.112336
3,B_Wrong_Persist,B,True,False,692,3786347900252534796,0.998267,0.989657,0.999153,0.991932,0.243419,0.153985
3,B_Wrong_Persist,B,True,False,693,12547357002585560946,0.999269,0.844148,0.998726,0.954400,0.780539,0.451539
3,B_Wrong_Persist,B,True,False,694,18348459428829066803,0.998546,0.984790,0.998212,0.995760,0.441904,0.282982
3,B_Wrong_Persist,B,True,False,695,6673317848903310671,0.991691,0.863191,0.992929,0.956252,0.660495,0.403763
3,B_Wrong_Persist,B,True,False,696,12019396805838001384,0.993712,0.999374,0.998086,0.998548,0.133456,0.091662
3,B_Wrong_Persist,B,True,False,697,3464088117043907619,0.999914,0.996057,0.997961,0.991950,0.082817,0.072011
3,B_Wrong_Persist,B,True,False,698,18112327968272327529,0.993475,0.998596,0.998407,0.996846,0.110243,0.093800
3,B_Wrong_Persist,B,True,False,699,12992856786405126758,0.994771,0.998655,0.996863,0.997131,0.190697,0.131988
3,B_Wrong_Persist,B,True,False,700,5506591236144544628,0.989291,0.992416,0.998176,0.998711,0.281240,0.202406
3,B_Wrong_Persist,B,True,False,701,5608899036099648850,0.999589,0.999949,0.998754,0.998914,0.103191,0.078010
3,B_Wrong_Persist,B,True,False,702,17694780672592047642,0.994902,0.961954,0.996364,0.985108,0.119899,0.089121
3,B_Wrong_Persist,B,True,False,703,9331054870992182061,0.992719,0.990773,0.995725,0.985948,0.427636,0.263679
3,B_Wrong_Persist,B,True,False,704,13641158282243222247,0.999561,0.997764,0.999732,0.998677,0.070548,0.060134
3,B_Wrong_Persist,B,True,False,705,17274627313505123971,0.998248,0.978043,0.998317,0.980560,0.315900,0.192466
3,B_Wrong_Persist,B,True,False,706,3930322704938136231,0.997494,0.992104,0.998224,0.997749,0.122274,0.092103
3,B_Wrong_Persist,B,True,False,707,11020107497978123473,0.999625,0.923819,0.995959,0.976513,0.567889,0.339671
3,B_Wrong_Persist,B,True,False,708,10675221035178338616,0.980104,0.999488,0.992973,0.990109,0.447246,0.277169
3,B_Wrong_Persist,B,True,False,709,8134991876095871992,0.993573,0.963735,0.996083,0.985389,0.112110,0.084395
3,B_Wrong_Persist,B,True,False,710,14605629657557521119,0.999949,0.973418,0.996377,0.980555,0.183211,0.131803
3,B_Wrong_Persist,B,True,False,711,10970724673471633854,0.982980,0.965195,0.994081,0.956421,0.695325,0.409979
3,B_Wrong_Persist,B,True,False,712,15086231687290063661,0.999631,0.969029,0.997751,0.981677,0.164705,0.112518
3,B_Wrong_Persist,B,True,False,713,13680164843324887108,1.000000,0.991563,0.998598,0.998480,0.173854,0.127847
3,B_Wrong_Persist,B,True,False,714,12352599104236917131,0.999997,0.998681,0.999764,0.999400,0.114818,0.090511
3,B_Wrong_Persist,B,True,False,715,7616873486466700940,0.994701,0.941186,0.994999,0.983169,0.279518,0.172675
3,B_Wrong_Persist,B,True,False,716,3792763525206403000,0.988510,0.954883,0.994313,0.980999,0.220628,0.149898
3,B_Wrong_Persist,B,True,False,717,15834565272806987227,0.999156,0.931938,0.997666,0.981069,0.474914,0.287528
3,B_Wrong_Persist,B,True,False,718,941924539917492585,0.998908,0.994892,0.996648,0.985855,0.240242,0.154103
3,B_Wrong_Persist,B,True,False,719,12624275751910893410,0.996954,0.892761,0.990209,0.934160,0.448134,0.263863
3,B_Wrong_Persist,B,True,False,720,11863766843503797080,0.989012,0.992113,0.999052,0.999471,0.071081,0.066593
3,B_Wrong_Persist,B,True,False,721,8059299281019413017,0.990055,0.858215,0.995471,0.965506,0.669756,0.412158
3,B_Wrong_Persist,B,True,False,722,12445183705203481051,0.993801,0.918309,0.992744,0.965167,0.268312,0.173443
3,B_Wrong_Persist,B,True,False,723,7606388154173416998,0.987547,0.835330,0.992761,0.955806,0.706484,0.418069
3,B_Wrong_Persist,B,True,False,724,16481800642166430252,0.999810,0.927859,0.997812,0.978677,0.570096,0.337159
3,B_Wrong_Persist,B,True,False,725,10108868254299892017,0.999995,0.815800,0.995943,0.932210,1.220581,0.711813
3,B_Wrong_Persist,B,True,False,726,16928104126807313355,0.999794,0.968909,0.994039,0.986339,0.592416,0.353933
3,B_Wrong_Persist,B,True,False,727,7541898032000262931,0.999877,0.968160,0.997896,0.981946,0.303760,0.185938
3,B_Wrong_Persist,B,True,False,728,13414537059512268201,0.998072,0.979239,0.999078,0.995309,0.123640,0.091487
3,B_Wrong_Persist,B,True,False,729,2880007418023393873,0.989958,0.935927,0.995288,0.983576,0.244523,0.166963
3,B_Wrong_Persist,B,True,False,730,5546864892398040761,0.998850,0.954855,0.995307,0.961204,0.405548,0.243495
3,B_Wrong_Persist,B,True,False,731,2876164262524459272,0.972107,0.866618,0.989862,0.969986,0.499569,0.300610
3,B_Wrong_Persist,B,True,False,732,14422351323483851052,0.999918,0.998609,0.999279,0.999003,0.097676,0.075923
3,B_Wrong_Persist,B,True,False,733,1956433219162442642,0.999294,0.971129,0.998867,0.987041,0.211656,0.132344
3,B_Wrong_Persist,B,True,False,734,4657021974025826391,0.987905,0.931376,0.998586,0.991935,0.421454,0.263466
3,B_Wrong_Persist,B,True,False,735,16406667178245005526,0.978741,0.801117,0.990887,0.952566,0.814402,0.483530
3,B_Wrong_Persist,B,True,False,736,14240381609091528117,0.997636,0.840269,0.996339,0.952149,0.796248,0.462330
3,B_Wrong_Persist,B,True,False,737,8088251632366313726,0.997009,0.995430,0.997413,0.998959,0.106413,0.074626
3,B_Wrong_Persist,B,True,False,738,11651076654326156115,0.991058,0.855018,0.985860,0.951883,0.755453,0.449789
3,B_Wrong_Persist,B,True,False,739,3915731546518301864,0.996495,0.998358,0.998514,0.998735,0.045808,0.038048
3,B_Wrong_Persist,B,True,False,740,2526718412800495303,0.950783,0.620874,0.973721,0.896669,1.528616,0.875842
3,B_Wrong_Persist,B,True,False,741,4492624665777106075,0.979777,0.973973,0.996372,0.996607,0.118322,0.094020
3,B_Wrong_Persist,B,True,False,742,14697050909632720831,0.995586,0.879147,0.996712,0.963101,0.583683,0.350678
3,B_Wrong_Persist,B,True,False,743,584047959708461270,0.997212,0.948328,0.994510,0.958179,0.554374,0.325640
3,B_Wrong_Persist,B,True,False,744,14038149358775412164,0.998794,1.000000,0.998224,0.999418,0.074137,0.065096
3,B_Wrong_Persist,B,True,False,745,2646066493605962496,0.992517,0.909149,0.996372,0.979793,0.422071,0.261782
3,B_Wrong_Persist,B,True,False,746,678531939882686821,0.992395,0.772928,0.991687,0.925895,0.991160,0.584383
3,B_Wrong_Persist,B,True,False,747,629938919903764185,0.994308,0.865623,0.992989,0.949042,0.519710,0.306455
3,B_Wrong_Persist,B,True,False,748,14729246836708333158,0.995013,0.970624,0.998259,0.990612,0.141915,0.107906
3,B_Wrong_Persist,B,True,False,749,1229142122120933030,0.999348,0.802823,0.995733,0.937161,1.160531,0.674446
3,B_Wrong_Persist,B,True,False,750,9541688001052585346,0.999410,0.980661,0.998458,0.992599,0.132058,0.088136
3,B_Wrong_Persist,B,True,False,751,1811386089219735367,0.997733,0.999174,0.999045,0.998861,0.081313,0.065626
3,B_Wrong_Persist,B,True,False,752,8421205532567321872,0.999459,0.990019,0.999290,0.998291,0.173074,0.118353
3,B_Wrong_Persist,B,True,False,753,12953352341207681543,0.990215,0.965555,0.997087,0.990962,0.118569,0.089196
3,B_Wrong_Persist,B,True,False,754,5401555774249206345,0.994235,0.721882,0.984784,0.879858,1.195972,0.668832
3,B_Wrong_Persist,B,True,False,755,251576385355883631,1.000000,0.999831,0.999438,0.999719,0.062771,0.051274
3,B_Wrong_Persist,B,True,False,756,16445510711456154765,0.996714,0.982813,0.996878,0.991780,0.494719,0.310484
3,B_Wrong_Persist,B,True,False,757,737545759865654667,0.999970,0.941273,0.995463,0.976906,0.506297,0.299427
3,B_Wrong_Persist,B,True,False,758,6914115486222113962,0.998396,0.989673,0.999267,0.996570,0.056718,0.051030
3,B_Wrong_Persist,B,True,False,759,3066917180517466679,0.977508,0.910658,0.992473,0.981139,0.359088,0.227355
3,B_Wrong_Persist,B,True,False,760,12524562141488782760,0.996524,0.997651,0.999528,0.999786,0.038302,0.041921
3,B_Wrong_Persist,B,True,False,761,6191571285147701289,0.971160,0.916125,0.987939,0.981112,0.336169,0.211643
3,B_Wrong_Persist,B,True,False,762,16236702026360357399,0.994622,0.981973,0.995813,0.994445,0.464480,0.291085
3,B_Wrong_Persist,B,True,False,763,17367907664385603211,0.990595,0.985705,0.995996,0.997487,0.257071,0.164515
3,B_Wrong_Persist,B,True,False,764,5058622168190975409,0.999864,0.999784,0.999434,0.999722,0.074747,0.063979
3,B_Wrong_Persist,B,True,False,765,18134160834671751923,0.992582,0.989057,0.996619,0.992642,0.117512,0.089806
3,B_Wrong_Persist,B,True,False,766,15175998720438216162,0.998080,0.978875,0.998172,0.987256,0.287833,0.179373
3,B_Wrong_Persist,B,True,False,767,1186452743642670920,0.993351,0.921157,0.993117,0.955066,0.332286,0.204045
3,B_Wrong_Persist,B,True,False,768,14473782715554297424,0.998772,0.999713,0.999047,0.999472,0.081066,0.065851
3,B_Wrong_Persist,B,True,False,769,6800458163718004946,0.996945,0.981333,0.999119,0.991961,0.308084,0.192392
3,B_Wrong_Persist,B,True,False,770,9241499226115457349,0.996225,0.886487,0.992854,0.958195,0.542081,0.316405
3,B_Wrong_Persist,B,True,False,771,12369403924157253433,0.998319,0.972568,0.998434,0.987309,0.212907,0.140373
3,B_Wrong_Persist,B,True,False,772,6794832498593493351,0.973032,0.906315,0.996486,0.985735,0.251513,0.170753
3,B_Wrong_Persist,B,True,False,773,15842076791743759401,0.996161,0.944367,0.998491,0.986515,0.251891,0.162555
3,B_Wrong_Persist,B,True,False,774,3371573419769231768,0.999985,0.986653,0.996955,0.992579,0.162633,0.109117
3,B_Wrong_Persist,B,True,False,775,15713489680968428298,0.998407,0.993477,0.998377,0.997224,0.099195,0.079942
3,B_Wrong_Persist,B,True,False,776,17989054960478521390,0.999967,0.987048,0.998506,0.988028,0.149543,0.098725
3,B_Wrong_Persist,B,True,False,777,678872649285074843,0.991228,0.992805,0.996671,0.997623,0.097144,0.073203
3,B_Wrong_Persist,B,True,False,778,16113709408004258010,0.997535,0.999862,0.999383,0.998891,0.189445,0.124455
3,B_Wrong_Persist,B,True,False,779,18224805388814023850,0.999961,0.988521,0.997777,0.990234,0.124119,0.086266
3,B_Wrong_Persist,B,True,False,780,17036388280329141685,0.995657,0.944185,0.998270,0.990157,0.426911,0.266045
3,B_Wrong_Persist,B,True,False,781,4289424051757537719,0.999829,0.943929,0.995538,0.965863,0.467259,0.285046
3,B_Wrong_Persist,B,True,False,782,2118675293933451875,0.999179,0.995629,0.998418,0.992465,0.163272,0.110075
3,B_Wrong_Persist,B,True,False,783,7564528647780909930,0.999935,0.998312,0.999465,0.999579,0.087884,0.069538
3,B_Wrong_Persist,B,True,False,784,16503855118190326562,0.999525,0.933958,0.996006,0.967096,0.416190,0.254004
3,B_Wrong_Persist,B,True,False,785,6721447395494459352,0.999974,0.965533,0.996553,0.979758,0.235299,0.150739
3,B_Wrong_Persist,B,True,False,786,11391055541950075464,0.999893,0.921269,0.994299,0.964096,0.473864,0.275963
3,B_Wrong_Persist,B,True,False,787,7635330647057961037,0.983029,0.796716,0.989827,0.932518,0.721983,0.422969
3,B_Wrong_Persist,B,True,False,788,13131953696868359525,0.999474,0.999687,0.999337,0.999464,0.073381,0.062293
3,B_Wrong_Persist,B,True,False,789,11108019553027238289,0.996559,0.925546,0.993068,0.960881,0.297823,0.177057
3,B_Wrong_Persist,B,True,False,790,750472786294502619,0.993711,0.989230,0.995547,0.995380,0.118025,0.088628
3,B_Wrong_Persist,B,True,False,791,16298023438557678982,0.999449,0.983299,0.999079,0.994938,0.247910,0.157231
3,B_Wrong_Persist,B,True,False,792,12210290533897363714,0.999912,0.997432,0.997231,0.990085,0.144083,0.113726
3,B_Wrong_Persist,B,True,False,793,16392317881150421113,0.996472,0.969511,0.996813,0.973235,0.484069,0.291417
3,B_Wrong_Persist,B,True,False,794,16572425281498864266,0.992938,0.989657,0.998573,0.997836,0.177623,0.118610
3,B_Wrong_Persist,B,True,False,795,1203326438741985316,0.993366,0.999601,0.998838,0.997334,0.137763,0.097945
3,B_Wrong_Persist,B,True,False,796,8912496577834395488,0.993948,0.999823,0.998614,0.998038,0.158643,0.119630
3,B_Wrong_Persist,B,True,False,797,11280580913149219640,0.999156,0.977829,0.998882,0.985834,0.211130,0.134748
3,B_Wrong_Persist,B,True,False,798,182735941181669839,0.998840,0.985578,0.999300,0.995008,0.106021,0.079242
3,B_Wrong_Persist,B,True,False,799,8891976759200980279,0.997945,0.902404,0.997345,0.969980,0.475299,0.283203
3,B_Wrong_Persist,B,True,False,800,5584289146146286213,0.981695,0.916543,0.993644,0.967052,0.282295,0.188009
3,B_Wrong_Persist,B,True,False,801,1021347441016490989,0.999416,0.999918,0.995336,0.996751,0.204403,0.136736
3,B_Wrong_Persist,B,True,False,802,17635571356605726717,0.999976,0.991194,0.998810,0.997484,0.282501,0.185856
3,B_Wrong_Persist,B,True,False,803,8772431902192566944,0.999454,0.988718,0.999169,0.994725,0.166445,0.115202
3,B_Wrong_Persist,B,True,False,804,16057502416294267811,0.998973,0.992739,0.995726,0.986507,0.244177,0.171926
3,B_Wrong_Persist,B,True,False,805,9636554882111446597,0.994756,0.980804,0.999039,0.996977,0.124613,0.099249
3,B_Wrong_Persist,B,True,False,806,6862935105812165355,0.999523,0.957851,0.998322,0.979204,0.300274,0.176976
3,B_Wrong_Persist,B,True,False,807,342325985154699739,0.997453,0.968867,0.996091,0.987693,0.142861,0.096515
3,B_Wrong_Persist,B,True,False,808,9273326628925235287,0.999015,0.961946,0.995407,0.978529,0.183482,0.123564
3,B_Wrong_Persist,B,True,False,809,6289295922327408166,0.999691,0.999987,0.999697,0.999718,0.044102,0.044833
3,B_Wrong_Persist,B,True,False,810,3713371993629594048,0.991545,0.926088,0.991382,0.966041,0.256703,0.166268
3,B_Wrong_Persist,B,True,False,811,10339921753499337320,0.998006,0.985795,0.998220,0.985056,0.306157,0.207435
3,B_Wrong_Persist,B,True,False,812,18439106894199650595,0.998651,0.999890,0.998388,0.992938,0.217605,0.143224
3,B_Wrong_Persist,B,True,False,813,1138450875425635264,0.999805,0.985035,0.999578,0.994561,0.136309,0.100354
3,B_Wrong_Persist,B,True,False,814,11786425040143160394,0.997313,0.999012,0.997184,0.995619,0.275338,0.184035
3,B_Wrong_Persist,B,True,False,815,543782373022036106,0.999542,0.999354,0.999030,0.998477,0.139814,0.096658
3,B_Wrong_Persist,B,True,False,816,18008595344754138538,0.999855,0.948498,0.997417,0.973149,0.359443,0.222693
3,B_Wrong_Persist,B,True,False,817,6048203276723160281,0.999982,0.999985,0.999342,0.999582,0.080869,0.078952
3,B_Wrong_Persist,B,True,False,818,5475722059233866275,0.996864,0.999824,0.998671,0.994403,0.119004,0.089876
3,B_Wrong_Persist,B,True,False,819,10584190105899209030,0.987910,0.981072,0.994880,0.997137,0.356757,0.231968
3,B_Wrong_Persist,B,True,False,820,414529263024452748,0.999111,0.999884,0.997603,0.991963,0.203647,0.140453
3,B_Wrong_Persist,B,True,False,821,18193153962950553533,0.972630,0.909063,0.991226,0.977420,0.301298,0.206666
3,B_Wrong_Persist,B,True,False,822,7298847827341943925,0.981929,0.950445,0.996594,0.993923,0.305141,0.205475
3,B_Wrong_Persist,B,True,False,823,16484954189456293657,0.997934,0.996962,0.999340,0.998410,0.152869,0.102676
3,B_Wrong_Persist,B,True,False,824,11687401280657602611,0.998921,0.992335,0.998491,0.995546,0.225896,0.149510
3,B_Wrong_Persist,B,True,False,825,3557618957414560135,0.984885,0.998687,0.997930,0.998790,0.156799,0.113919
3,B_Wrong_Persist,B,True,False,826,4609505116029981994,0.999112,0.934498,0.996425,0.969906,0.306619,0.184909
3,B_Wrong_Persist,B,True,False,827,15389011498830349324,0.994523,0.827739,0.992976,0.929030,0.762982,0.444534
3,B_Wrong_Persist,B,True,False,828,2279405733538700326,0.999860,0.999705,0.998918,0.997782,0.188581,0.129845
3,B_Wrong_Persist,B,True,False,829,13336071161765746375,0.993730,0.928338,0.991926,0.967770,0.327253,0.206918
3,B_Wrong_Persist,B,True,False,830,15832955038941271342,0.997440,0.923522,0.994125,0.962877,0.328227,0.204082
3,B_Wrong_Persist,B,True,False,831,11316826063280726034,0.999314,0.999969,0.999474,0.999856,0.083556,0.068484
3,B_Wrong_Persist,B,True,False,832,10684870983944163828,0.999237,0.997467,0.999487,0.999485,0.087514,0.073975
3,B_Wrong_Persist,B,True,False,833,6857770793471867983,0.962316,0.918692,0.994546,0.982198,0.182031,0.128979
3,B_Wrong_Persist,B,True,False,834,14024134011085097649,0.996015,0.997074,0.996819,0.987726,0.309675,0.201853
3,B_Wrong_Persist,B,True,False,835,8157255716917590888,0.965274,0.737350,0.983464,0.918896,0.811119,0.474634
3,B_Wrong_Persist,B,True,False,836,10831256745266329570,0.997518,0.993073,0.997588,0.994805,0.064422,0.056617
3,B_Wrong_Persist,B,True,False,837,13310447061123519077,0.983440,0.952504,0.996972,0.991928,0.153328,0.107180
3,B_Wrong_Persist,B,True,False,838,13280823240808800088,0.996370,0.916654,0.992877,0.970677,0.441138,0.267732
3,B_Wrong_Persist,B,True,False,839,2403285896405133219,0.994441,0.993779,0.996980,0.995551,0.093307,0.074004
3,B_Wrong_Persist,B,True,False,840,2975759311390162026,0.994447,0.836372,0.996419,0.961482,0.852874,0.508147
3,B_Wrong_Persist,B,True,False,841,17146350232053901059,0.999915,0.999658,0.997250,0.996757,0.291653,0.196639
3,B_Wrong_Persist,B,True,False,842,2023074301211158143,0.968381,0.419246,0.973205,0.809321,2.772064,1.569006
3,B_Wrong_Persist,B,True,False,843,6627063192999749279,0.998162,0.858257,0.993940,0.945507,0.795071,0.473742
3,B_Wrong_Persist,B,True,False,844,13756959090968114838,0.999997,0.999549,0.999559,0.999139,0.068184,0.057215
3,B_Wrong_Persist,B,True,False,845,9736553006704396405,0.999806,0.987990,0.999506,0.991665,0.145256,0.100961
3,B_Wrong_Persist,B,True,False,846,2965298137577492252,0.993684,0.972260,0.997303,0.992886,0.173439,0.118944
3,B_Wrong_Persist,B,True,False,847,7094929720801919685,0.998728,0.991406,0.999615,0.997845,0.121601,0.090798
3,B_Wrong_Persist,B,True,False,848,10862439313426581924,0.999842,0.965571,0.994654,0.973046,0.297531,0.187679
3,B_Wrong_Persist,B,True,False,849,4633739170165477873,0.999121,0.982329,0.999380,0.995796,0.131857,0.092317
3,B_Wrong_Persist,B,True,False,850,8205032469271641155,0.995306,0.990427,0.998671,0.998145,0.157191,0.116511
3,B_Wrong_Persist,B,True,False,851,7743598626101521131,0.995918,0.960776,0.999120,0.993333,0.213297,0.138949
3,B_Wrong_Persist,B,True,False,852,6128556601448491487,0.998409,0.971740,0.996335,0.984216,0.193230,0.125922
3,B_Wrong_Persist,B,True,False,853,3454983540728614559,0.998713,0.972753,0.999593,0.992699,0.127089,0.093516
3,B_Wrong_Persist,B,True,False,854,5838881170030900771,0.999999,0.989342,0.994359,0.980655,0.287031,0.183579
3,B_Wrong_Persist,B,True,False,855,14886736561583469910,0.999337,0.988367,0.997782,0.992627,0.106565,0.082099
3,B_Wrong_Persist,B,True,False,856,2970170382126809775,0.998912,0.999817,0.999594,0.999671,0.068791,0.057549
3,B_Wrong_Persist,B,True,False,857,12003317662065997154,0.997460,0.999370,0.999485,0.999608,0.035587,0.036749
3,B_Wrong_Persist,B,True,False,858,2617434498584543378,0.998145,0.945025,0.996098,0.971235,0.340227,0.215873
3,B_Wrong_Persist,B,True,False,859,11501676969889099275,0.999982,0.977752,0.997319,0.985215,0.159947,0.107163
3,B_Wrong_Persist,B,True,False,860,15725944307568933948,0.989850,0.997587,0.996654,0.998329,0.273998,0.177153
3,B_Wrong_Persist,B,True,False,861,3855547890650139547,0.993645,0.987237,0.997049,0.997577,0.326069,0.213886
3,B_Wrong_Persist,B,True,False,862,5031271546274936829,0.999452,0.999185,0.999157,0.998374,0.097506,0.081825
3,B_Wrong_Persist,B,True,False,863,14798704858966099676,0.998027,0.966432,0.996794,0.988209,0.204295,0.145685
3,B_Wrong_Persist,B,True,False,864,17713305842053739196,0.996706,0.914828,0.994589,0.971347,0.463726,0.281785
3,B_Wrong_Persist,B,True,False,865,7188755225410599565,0.998248,0.997371,0.997931,0.991673,0.193085,0.132511
3,B_Wrong_Persist,B,True,False,866,14339258290214350852,0.999612,0.985012,0.999361,0.994412,0.219154,0.147141
3,B_Wrong_Persist,B,True,False,867,13775142566301073101,0.999971,0.998472,0.998013,0.998036,0.130645,0.099968
3,B_Wrong_Persist,B,True,False,868,13301104232608696777,0.999146,0.999925,0.998405,0.997629,0.234605,0.159017
3,B_Wrong_Persist,B,True,False,869,12576890585704880726,0.989604,0.999514,0.995693,0.978776,0.550307,0.363047
3,B_Wrong_Persist,B,True,False,870,6852510751354862923,0.999744,0.825400,0.995510,0.934179,0.966606,0.544533
3,B_Wrong_Persist,B,True,False,871,16048746352674701658,0.975547,0.977235,0.996408,0.996540,0.304684,0.203575
3,B_Wrong_Persist,B,True,False,872,12270555253117283927,0.995850,0.973186,0.997003,0.986719,0.107567,0.079990
3,B_Wrong_Persist,B,True,False,873,17332447007320084298,0.997028,0.995510,0.999414,0.999397,0.101476,0.090410
3,B_Wrong_Persist,B,True,False,874,14400899915913818191,0.986240,0.824672,0.989975,0.942093,0.565703,0.333533
3,B_Wrong_Persist,B,True,False,875,15080807436870480583,0.978538,0.793412,0.987686,0.946803,0.885544,0.536014
3,B_Wrong_Persist,B,True,False,876,6380903066984553917,0.999927,0.999335,0.999138,0.999366,0.099654,0.079140
3,B_Wrong_Persist,B,True,False,877,3042210086869556880,0.978197,0.821016,0.988633,0.947059,0.543108,0.315787
3,B_Wrong_Persist,B,True,False,878,17033557095634125836,0.999960,0.901661,0.996536,0.962470,0.761978,0.435943
3,B_Wrong_Persist,B,True,False,879,18072029704905517143,0.995427,0.812243,0.991335,0.935901,0.983295,0.571348
3,B_Wrong_Persist,B,True,False,880,1448943799003297648,0.999279,0.989712,0.998443,0.993036,0.195744,0.131118
3,B_Wrong_Persist,B,True,False,881,13053294263056568367,0.988629,0.960357,0.996455,0.990449,0.162748,0.122789
3,B_Wrong_Persist,B,True,False,882,6845576445124875443,0.997397,0.985508,0.999063,0.990096,0.223840,0.147684
3,B_Wrong_Persist,B,True,False,883,7563143495847272669,0.993236,0.977225,0.994083,0.988518,0.132439,0.096086
3,B_Wrong_Persist,B,True,False,884,7195995549902337025,0.981433,0.958050,0.992594,0.991947,0.411838,0.259334
3,B_Wrong_Persist,B,True,False,885,6184488449991443992,0.992987,0.992378,0.998051,0.989202,0.258882,0.164130
3,B_Wrong_Persist,B,True,False,886,16490993348708001972,0.970076,0.767916,0.988012,0.932956,0.677807,0.415846
3,B_Wrong_Persist,B,True,False,887,3462609721155471871,0.997829,0.996306,0.999070,0.998451,0.075214,0.062760
3,B_Wrong_Persist,B,True,False,888,16418115010531413117,0.993434,0.998803,0.998509,0.997411,0.146219,0.109171
3,B_Wrong_Persist,B,True,False,889,17841820864884045333,0.999949,0.934801,0.997536,0.971897,0.351517,0.206832
3,B_Wrong_Persist,B,True,False,890,11142933333989308040,0.998809,0.998089,0.999433,0.998994,0.098756,0.077858
3,B_Wrong_Persist,B,True,False,891,5918796541653707349,0.999029,0.913547,0.991527,0.943935,0.545674,0.329019
3,B_Wrong_Persist,B,True,False,892,2956112094852386146,0.983381,0.756569,0.986727,0.931717,1.173494,0.669707
3,B_Wrong_Persist,B,True,False,893,12060700102022050240,0.977272,0.883574,0.989502,0.972294,0.533369,0.327686
3,B_Wrong_Persist,B,True,False,894,18240903058687546102,0.999268,0.977622,0.997366,0.990048,0.151847,0.115929
3,B_Wrong_Persist,B,True,False,895,9615145833982467568,0.999519,0.950745,0.994130,0.959886,0.357332,0.220283
3,B_Wrong_Persist,B,True,False,896,18169334598858344417,0.999680,0.996077,0.997539,0.998134,0.201382,0.142207
3,B_Wrong_Persist,B,True,False,897,15091756469512123086,0.996052,0.937578,0.997004,0.983927,0.424701,0.263207
3,B_Wrong_Persist,B,True,False,898,4213722416004849880,0.997193,0.907065,0.993935,0.967705,0.522329,0.310399
3,B_Wrong_Persist,B,True,False,899,3157031695266925459,0.999683,0.963268,0.995905,0.973857,0.247444,0.161495
3,B_Wrong_Persist,B,True,False,900,16617131887981379854,0.997732,0.997037,0.998599,0.997879,0.059048,0.051166
3,B_Wrong_Persist,B,True,False,901,5789141097182929222,0.966680,0.790379,0.990162,0.945897,0.656540,0.411121
3,B_Wrong_Persist,B,True,False,902,16867715287720256372,0.998115,0.725406,0.991300,0.897622,1.400497,0.789526
3,B_Wrong_Persist,B,True,False,903,158147050898134298,0.999989,0.999110,0.999402,0.998516,0.146009,0.103087
3,B_Wrong_Persist,B,True,False,904,12042300367090984816,0.988274,0.992460,0.998314,0.998480,0.099247,0.089147
3,B_Wrong_Persist,B,True,False,905,11434856969685387553,0.998355,0.899911,0.991066,0.952625,0.480761,0.280255
3,B_Wrong_Persist,B,True,False,906,16659294613499708718,0.973011,0.936860,0.990977,0.988563,0.301553,0.194652
3,B_Wrong_Persist,B,True,False,907,8525285790585548820,0.987917,0.951553,0.997819,0.991569,0.211169,0.152540
3,B_Wrong_Persist,B,True,False,908,14866057405213142932,0.997393,0.927441,0.995402,0.976737,0.461971,0.278013
3,B_Wrong_Persist,B,True,False,909,13797704211335383214,0.998018,0.990556,0.998376,0.997721,0.156737,0.107125
3,B_Wrong_Persist,B,True,False,910,5224823261362463582,0.999095,0.874477,0.987738,0.929297,0.599129,0.348163
3,B_Wrong_Persist,B,True,False,911,18342971466904524564,0.985756,0.998118,0.993620,0.975965,0.481947,0.305045
3,B_Wrong_Persist,B,True,False,912,6766817768185786442,0.999480,0.992267,0.999617,0.997862,0.138130,0.099797
3,B_Wrong_Persist,B,True,False,913,10382106947801005296,0.996249,0.901219,0.997489,0.972777,0.417679,0.253928
3,B_Wrong_Persist,B,True,False,914,13896747041141804686,0.996391,0.992410,0.996727,0.996577,0.314552,0.202378
3,B_Wrong_Persist,B,True,False,915,1631486602915560110,0.999884,0.999030,0.999566,0.998336,0.068661,0.061104
3,B_Wrong_Persist,B,True,False,916,12956731147451578314,0.998416,0.999721,0.998379,0.999652,0.116800,0.086504
3,B_Wrong_Persist,B,True,False,917,17173086177711163759,0.995853,0.952729,0.998223,0.990754,0.323066,0.209042
3,B_Wrong_Persist,B,True,False,918,11342844104548954762,0.999859,0.973658,0.997236,0.987967,0.215938,0.147338
3,B_Wrong_Persist,B,True,False,919,12639747862120081819,0.999357,0.994113,0.999569,0.997554,0.159563,0.111722
3,B_Wrong_Persist,B,True,False,920,2206559236315245725,0.992079,0.961121,0.998425,0.994930,0.293308,0.198734
3,B_Wrong_Persist,B,True,False,921,13343421854549604277,0.989252,0.998032,0.997821,0.992015,0.260096,0.177618
3,B_Wrong_Persist,B,True,False,922,17921344385060102355,0.986803,0.954558,0.990549,0.982497,0.123697,0.088129
3,B_Wrong_Persist,B,True,False,923,2853327086335785606,0.999013,0.965471,0.998011,0.977725,0.386668,0.234289
3,B_Wrong_Persist,B,True,False,924,887831009893997219,0.999937,0.976064,0.999750,0.991670,0.172094,0.120364
3,B_Wrong_Persist,B,True,False,925,3039670815440761956,0.994934,0.999166,0.998454,0.993035,0.226507,0.156794
3,B_Wrong_Persist,B,True,False,926,2030910097990607990,0.995651,0.969634,0.997821,0.993062,0.153041,0.104132
3,B_Wrong_Persist,B,True,False,927,14460989142112958284,0.998967,0.964677,0.994688,0.972155,0.202531,0.131364
3,B_Wrong_Persist,B,True,False,928,3138744638755904874,0.999926,0.924682,0.996864,0.967557,0.453506,0.280516
3,B_Wrong_Persist,B,True,False,929,2597909981378283398,0.999816,0.990215,0.994785,0.990386,0.293809,0.198150
3,B_Wrong_Persist,B,True,False,930,8621500488059053499,0.989555,0.957554,0.992001,0.982162,0.165225,0.112534
3,B_Wrong_Persist,B,True,False,931,275345126800467706,0.999819,0.998989,0.999007,0.998804,0.089142,0.066252
3,B_Wrong_Persist,B,True,False,932,18106462720831727913,0.999869,0.857974,0.994821,0.925524,0.894912,0.527369
3,B_Wrong_Persist,B,True,False,933,12656874084565466770,0.999151,0.993068,0.997077,0.994830,0.053428,0.044202
3,B_Wrong_Persist,B,True,False,934,11492430899493051321,0.995139,0.895892,0.996518,0.968724,0.408400,0.250398
3,B_Wrong_Persist,B,True,False,935,5220289005499419280,0.996832,0.905036,0.995501,0.964749,0.477414,0.296467
3,B_Wrong_Persist,B,True,False,936,17595500962510435286,0.991228,0.826257,0.996696,0.949156,0.617047,0.359807
3,B_Wrong_Persist,B,True,False,937,10820498342846962815,0.995535,0.983493,0.998470,0.996360,0.125446,0.095740
3,B_Wrong_Persist,B,True,False,938,13786850337207301978,0.999925,0.995762,0.999060,0.997236,0.096559,0.072544
3,B_Wrong_Persist,B,True,False,939,1581299476950820078,0.999138,0.999903,0.997236,0.995963,0.244812,0.159563
3,B_Wrong_Persist,B,True,False,940,8169321351911208597,0.999381,0.893674,0.997122,0.963676,0.551564,0.318413
3,B_Wrong_Persist,B,True,False,941,1436171457917699371,0.985350,0.729648,0.983498,0.890389,1.133334,0.663180
3,B_Wrong_Persist,B,True,False,942,4551520918084978838,0.993157,0.998657,0.993196,0.991053,0.399984,0.257926
3,B_Wrong_Persist,B,True,False,943,16218251485084376638,0.995142,0.999992,0.999482,0.999378,0.082368,0.072842
3,B_Wrong_Persist,B,True,False,944,13376583800061412703,0.989228,0.881086,0.995343,0.968620,0.451038,0.286113
3,B_Wrong_Persist,B,True,False,945,15348308306978446742,0.993364,0.996289,0.999163,0.995084,0.156692,0.108427
3,B_Wrong_Persist,B,True,False,946,6515866958547640939,0.997679,0.972084,0.997690,0.993730,0.417556,0.265495
3,B_Wrong_Persist,B,True,False,947,14284648049516112009,0.994319,0.980762,0.997767,0.978059,0.364693,0.229568
3,B_Wrong_Persist,B,True,False,948,8060272865211963971,0.990040,0.925736,0.995442,0.984923,0.363027,0.231660
3,B_Wrong_Persist,B,True,False,949,7726642452528959741,0.998915,0.996653,0.999409,0.997330,0.151494,0.109425
3,B_Wrong_Persist,B,True,False,950,16946199118674639686,0.996639,0.990885,0.996317,0.993778,0.272391,0.170131
3,B_Wrong_Persist,B,True,False,951,406858714959252217,0.997525,0.987481,0.997934,0.995186,0.124273,0.089333
3,B_Wrong_Persist,B,True,False,952,7962900309875096593,0.998044,0.999551,0.998182,0.996875,0.174231,0.119534
3,B_Wrong_Persist,B,True,False,953,11589553527296772933,0.988374,0.965381,0.992171,0.958531,0.683106,0.406900
3,B_Wrong_Persist,B,True,False,954,10822417016847366954,0.990232,0.926071,0.995913,0.979716,0.235016,0.152831
3,B_Wrong_Persist,B,True,False,955,11538209493723395857,0.997325,0.987004,0.999505,0.993997,0.252660,0.157816
3,B_Wrong_Persist,B,True,False,956,11148854738279722510,0.992895,0.993880,0.997139,0.991964,0.366146,0.238074
3,B_Wrong_Persist,B,True,False,957,11850541543716212148,0.994975,0.999526,0.997973,0.996778,0.214683,0.163721
3,B_Wrong_Persist,B,True,False,958,5364072959590034999,0.984518,0.801303,0.991428,0.935587,0.704027,0.421289
3,B_Wrong_Persist,B,True,False,959,11448617734666969732,0.994515,0.988511,0.997828,0.997296,0.082559,0.064174
3,B_Wrong_Persist,B,True,False,960,17009279226005877529,0.999787,0.981401,0.996942,0.982174,0.266180,0.166879
3,B_Wrong_Persist,B,True,False,961,12369066468906412550,0.978290,0.996421,0.992471,0.983419,0.628970,0.396612
3,B_Wrong_Persist,B,True,False,962,10456887009313950630,0.991343,0.979249,0.996455,0.985331,0.186790,0.132524
3,B_Wrong_Persist,B,True,False,963,9644582866227075629,0.990851,0.984739,0.997999,0.997451,0.154400,0.114018
3,B_Wrong_Persist,B,True,False,964,5060150249229694565,0.999884,0.875275,0.995936,0.933489,0.859557,0.498138
3,B_Wrong_Persist,B,True,False,965,10733967275209476826,0.999365,0.974599,0.997030,0.985207,0.152288,0.105696
3,B_Wrong_Persist,B,True,False,966,15386839330217047396,0.996372,0.999922,0.995932,0.984622,0.305389,0.199159
3,B_Wrong_Persist,B,True,False,967,9502108433086446495,0.999930,0.984511,0.996891,0.987963,0.238517,0.169168
3,B_Wrong_Persist,B,True,False,968,4758381633457404864,0.997648,0.959715,0.997066,0.970417,0.381332,0.229978
3,B_Wrong_Persist,B,True,False,969,14027203556936985717,0.986927,0.843395,0.993436,0.959316,0.612453,0.361494
3,B_Wrong_Persist,B,True,False,970,10902070006534706944,0.963479,0.922529,0.988461,0.986660,0.424052,0.266037
3,B_Wrong_Persist,B,True,False,971,9713122991791565221,0.992394,0.968172,0.998494,0.994817,0.210026,0.149858
3,B_Wrong_Persist,B,True,False,972,46774162245187562,0.999764,0.929363,0.998024,0.973213,0.397913,0.236215
3,B_Wrong_Persist,B,True,False,973,1498130575925882149,0.997778,0.965853,0.998312,0.988721,0.170600,0.112989
3,B_Wrong_Persist,B,True,False,974,17799275884059001824,0.998500,0.987771,0.999106,0.997782,0.116222,0.086231
3,B_Wrong_Persist,B,True,False,975,13690369939045637894,0.997525,0.997282,0.999413,0.997032,0.120438,0.091193
3,B_Wrong_Persist,B,True,False,976,4665461768694756569,0.995739,0.995929,0.997621,0.987738,0.191750,0.128082
3,B_Wrong_Persist,B,True,False,977,10972529730715702214,0.999981,0.975688,0.995363,0.974181,0.284287,0.182773
3,B_Wrong_Persist,B,True,False,978,1561760695751241300,0.978082,0.768668,0.985493,0.903022,0.746163,0.438855
3,B_Wrong_Persist,B,True,False,979,9820316527600510085,0.999409,0.889415,0.994594,0.948848,0.544459,0.324171
3,B_Wrong_Persist,B,True,False,980,4612949088592290625,0.999734,0.891760,0.992721,0.933006,0.812333,0.472504
3,B_Wrong_Persist,B,True,False,981,464307487125949034,0.995524,0.978650,0.998323,0.988828,0.139899,0.099256
3,B_Wrong_Persist,B,True,False,982,8130997906500791720,0.992591,0.986069,0.996666,0.994153,0.243335,0.163020
3,B_Wrong_Persist,B,True,False,983,5354717971018849462,0.988049,0.997231,0.998992,0.994899,0.192925,0.128896
3,B_Wrong_Persist,B,True,False,984,2782413035308707205,0.993247,0.992008,0.998512,0.994700,0.230159,0.143135
3,B_Wrong_Persist,B,True,False,985,10365095834883504037,0.994387,0.840262,0.986379,0.931990,0.660463,0.376924
3,B_Wrong_Persist,B,True,False,986,8481665065272491271,0.996348,0.984412,0.998051,0.994523,0.161406,0.110230
3,B_Wrong_Persist,B,True,False,987,13598734988125189181,0.999949,0.950473,0.999570,0.987712,0.415420,0.254179
3,B_Wrong_Persist,B,True,False,988,9136721071198270630,0.990662,0.994296,0.996855,0.984350,0.500037,0.314322
3,B_Wrong_Persist,B,True,False,989,3257162571233727331,0.989788,0.957736,0.993550,0.990864,0.523873,0.323949
3,B_Wrong_Persist,B,True,False,990,15026879680793855855,0.987948,0.974028,0.995660,0.994616,0.115191,0.087054
3,B_Wrong_Persist,B,True,False,991,14694015046354741254,0.999092,0.967719,0.999350,0.992579,0.223853,0.138465
3,B_Wrong_Persist,B,True,False,992,5809995615744460456,0.999854,0.987500,0.998086,0.991414,0.171175,0.115026
3,B_Wrong_Persist,B,True,False,993,1149812819718379539,0.998947,0.999920,0.998614,0.999601,0.055595,0.049205
3,B_Wrong_Persist,B,True,False,994,5619569523609183042,0.999469,0.999710,0.998715,0.998801,0.161114,0.118115
3,B_Wrong_Persist,B,True,False,995,162880687016180213,0.995372,0.902812,0.997568,0.971137,0.416582,0.252586
3,B_Wrong_Persist,B,True,False,996,9855587573206005036,0.993339,0.988778,0.996902,0.996512,0.198425,0.138264
3,B_Wrong_Persist,B,True,False,997,1858248159280078402,0.996674,0.998347,0.998699,0.999056,0.145715,0.106084
3,B_Wrong_Persist,B,True,False,998,13567148865147404382,0.999703,0.956686,0.993776,0.973434,0.272605,0.172300
3,B_Wrong_Persist,B,True,False,999,968046418290480894,0.999743,0.999274,0.998950,0.997422,0.140022,0.104736
4,B_Normal_Reset,B,False,True,0,404463597679640574,0.965387,0.989540,0.985711,0.996722,0.977414,1.063732
4,B_Normal_Reset,B,False,True,1,16780047710202030951,0.981124,0.991329,0.984448,0.996325,1.270788,1.304876
4,B_Normal_Reset,B,False,True,2,11590942785757035236,0.997062,0.999309,0.999754,0.999795,0.089124,0.117640
4,B_Normal_Reset,B,False,True,3,12428666046632566326,0.999807,0.999377,0.999236,0.999823,0.093833,0.119185
4,B_Normal_Reset,B,False,True,4,3699131333662977509,0.987114,0.982782,0.983575,0.989386,0.587844,0.649309
4,B_Normal_Reset,B,False,True,5,8003213483402204772,0.986685,0.998790,0.994287,0.999205,0.765267,0.855244
4,B_Normal_Reset,B,False,True,6,4073387064034423150,0.995679,0.999828,0.997204,0.999549,0.258449,0.304463
4,B_Normal_Reset,B,False,True,7,6320287663686504354,0.983446,0.986368,0.989671,0.993781,0.368708,0.419932
4,B_Normal_Reset,B,False,True,8,13022804336220133117,0.996984,0.999842,0.996825,0.999105,0.242408,0.262726
4,B_Normal_Reset,B,False,True,9,300198320922271392,0.996448,0.997823,0.998000,0.999452,0.158756,0.177256
4,B_Normal_Reset,B,False,True,10,422173792727296833,0.997144,0.997726,0.997847,0.999645,0.521734,0.547520
4,B_Normal_Reset,B,False,True,11,6408819019603856942,0.999940,0.999998,0.998923,0.999803,0.191735,0.219941
4,B_Normal_Reset,B,False,True,12,10760818224572560949,0.995606,0.998416,0.993226,0.998103,0.341825,0.370108
4,B_Normal_Reset,B,False,True,13,11352010499774993921,0.999801,0.998201,0.999076,0.999578,0.192158,0.231748
4,B_Normal_Reset,B,False,True,14,7111803935923741600,0.997661,0.997726,0.995613,0.999248,0.590816,0.634164
4,B_Normal_Reset,B,False,True,15,15991319076623457487,0.992617,0.994546,0.992425,0.997198,0.360778,0.376075
4,B_Normal_Reset,B,False,True,16,1090294586205506681,0.999887,1.000000,0.999437,0.999953,0.089905,0.116201
4,B_Normal_Reset,B,False,True,17,14322276758342336831,0.999897,0.999789,0.996405,0.998904,0.214484,0.251345
4,B_Normal_Reset,B,False,True,18,8898709703453010375,0.996203,0.997462,0.999139,0.999681,0.073499,0.097754
4,B_Normal_Reset,B,False,True,19,6643636566853978765,0.993649,0.996802,0.988602,0.997480,0.793121,0.831792
4,B_Normal_Reset,B,False,True,20,7313550225357706173,0.999254,0.999242,0.999079,0.999771,0.125747,0.151254
4,B_Normal_Reset,B,False,True,21,13136563283781927755,0.989251,0.996996,0.996831,0.999452,0.248053,0.314152
4,B_Normal_Reset,B,False,True,22,11431377767975257861,0.998240,0.999910,0.998246,0.999545,0.248704,0.284194
4,B_Normal_Reset,B,False,True,23,12319209212300091205,0.999958,0.999704,0.999760,0.999959,0.090726,0.108240
4,B_Normal_Reset,B,False,True,24,14393806243919784051,0.999294,0.998285,0.995692,0.999051,0.423231,0.467544
4,B_Normal_Reset,B,False,True,25,12705449611470619304,0.996448,0.998221,0.998487,0.999376,0.115708,0.162068
4,B_Normal_Reset,B,False,True,26,9695194084229234011,0.999646,0.999654,0.998368,0.999597,0.173881,0.212399
4,B_Normal_Reset,B,False,True,27,8638049354999728245,0.998928,0.999481,0.998432,0.999507,0.081342,0.113983
4,B_Normal_Reset,B,False,True,28,13930890294394876238,0.978509,0.998151,0.993158,0.998935,0.804579,0.936446
4,B_Normal_Reset,B,False,True,29,4823296638160789349,0.999998,0.999634,0.999402,0.999780,0.098817,0.152989
4,B_Normal_Reset,B,False,True,30,12621986564489421365,0.993802,0.999336,0.997037,0.999814,0.569877,0.616877
4,B_Normal_Reset,B,False,True,31,17149839182115254064,0.999996,0.998164,0.996872,0.997589,0.077611,0.125978
4,B_Normal_Reset,B,False,True,32,6704630001998117081,0.998205,0.997867,0.999703,0.999445,0.092748,0.121992
4,B_Normal_Reset,B,False,True,33,15096595906883782899,0.996626,0.998902,0.998588,0.999460,0.208053,0.240012
4,B_Normal_Reset,B,False,True,34,3425373626378289554,0.998355,0.999997,0.998062,0.999833,0.312555,0.366316
4,B_Normal_Reset,B,False,True,35,1226359749524343504,0.999892,0.999986,0.992391,0.999865,1.586898,1.602342
4,B_Normal_Reset,B,False,True,36,4516573706070181025,0.999952,0.999961,0.999331,0.999853,0.116359,0.133683
4,B_Normal_Reset,B,False,True,37,4337966211982156434,0.999941,0.999999,0.999387,0.999816,0.064288,0.115738
4,B_Normal_Reset,B,False,True,38,7510045129009518492,0.999986,0.998958,0.997133,0.998979,0.156201,0.198169
4,B_Normal_Reset,B,False,True,39,14118387881666706703,0.999559,0.999719,0.999311,0.999744,0.120316,0.167910
4,B_Normal_Reset,B,False,True,40,14801360444373820468,0.999933,0.994020,0.992042,0.996260,0.471653,0.549421
4,B_Normal_Reset,B,False,True,41,3233553108803429520,0.992335,0.997262,0.998625,0.999231,0.111937,0.144820
4,B_Normal_Reset,B,False,True,42,16528506111018315012,0.999979,0.999296,0.998712,0.999161,0.074654,0.106565
4,B_Normal_Reset,B,False,True,43,16980036397051930721,0.999044,0.999678,0.998782,0.999468,0.142089,0.175358
4,B_Normal_Reset,B,False,True,44,12457526789468108380,0.992947,0.999999,0.994390,0.999412,0.675873,0.785326
4,B_Normal_Reset,B,False,True,45,15272168635262755328,0.999911,0.999990,0.999342,0.999852,0.071723,0.099154
4,B_Normal_Reset,B,False,True,46,5127544632334107344,0.999832,0.999869,0.998092,0.999357,0.297961,0.343176
4,B_Normal_Reset,B,False,True,47,6333027900854715343,0.999720,0.999905,0.997214,0.999685,0.417412,0.445241
4,B_Normal_Reset,B,False,True,48,7086495963253891451,0.986492,0.997650,0.998643,0.999644,0.161822,0.228747
4,B_Normal_Reset,B,False,True,49,10379988326118271571,0.985632,0.996958,0.996549,0.999433,0.278828,0.352232
4,B_Normal_Reset,B,False,True,50,6146868039169911231,0.998946,0.999754,0.999148,0.999830,0.099824,0.137482
4,B_Normal_Reset,B,False,True,51,16708722935101839443,0.999020,0.999843,0.999238,0.999645,0.074313,0.107392
4,B_Normal_Reset,B,False,True,52,10108803970263496449,0.997819,0.994997,0.996492,0.995135,0.121227,0.158736
4,B_Normal_Reset,B,False,True,53,4997481540886146206,0.989607,0.982448,0.996533,0.994873,0.156449,0.188286
4,B_Normal_Reset,B,False,True,54,17820279202063608401,0.996696,0.995972,0.995221,0.998516,0.247513,0.306657
4,B_Normal_Reset,B,False,True,55,11660514537112260536,0.999270,0.999877,0.998552,0.999865,0.152972,0.198972
4,B_Normal_Reset,B,False,True,56,6679576238007447068,0.998525,1.000000,0.999033,0.999820,0.122494,0.156702
4,B_Normal_Reset,B,False,True,57,13897333989171626366,0.999981,0.998624,0.998264,0.999386,0.464339,0.518834
4,B_Normal_Reset,B,False,True,58,8575238943122773469,0.999978,0.999620,0.993083,0.999283,0.750810,0.800613
4,B_Normal_Reset,B,False,True,59,7417142843139624264,0.998751,0.999277,0.999043,0.999408,0.088829,0.112192
4,B_Normal_Reset,B,False,True,60,16892171718327600449,0.970346,0.991441,0.985119,0.994840,0.602495,0.665677
4,B_Normal_Reset,B,False,True,61,3132360380043678037,0.999738,0.999408,0.995992,0.999917,0.875284,0.886004
4,B_Normal_Reset,B,False,True,62,7072111147764704874,0.995921,0.995015,0.990533,0.998324,1.055263,1.064484
4,B_Normal_Reset,B,False,True,63,13384317867284991694,0.977699,0.997180,0.995857,0.999174,0.400128,0.512241
4,B_Normal_Reset,B,False,True,64,5748869252380627020,0.995724,0.997752,0.990775,0.998531,0.963480,0.981997
4,B_Normal_Reset,B,False,True,65,5202379207738086986,0.998108,0.999870,0.996870,0.999767,0.472723,0.525502
4,B_Normal_Reset,B,False,True,66,11319694994800617497,0.992292,0.992471,0.995864,0.997351,0.117589,0.159388
4,B_Normal_Reset,B,False,True,67,105766457315301520,0.999894,0.999994,0.998651,0.999840,0.278977,0.318641
4,B_Normal_Reset,B,False,True,68,14101772077211567737,0.999513,0.999991,0.998158,0.999934,0.269749,0.306723
4,B_Normal_Reset,B,False,True,69,4398202604025110894,0.985375,0.998162,0.996942,0.999780,0.353591,0.453871
4,B_Normal_Reset,B,False,True,70,2310267391816147902,0.991526,0.999405,0.997133,0.999736,0.460640,0.515240
4,B_Normal_Reset,B,False,True,71,15292038418162102776,0.986819,0.992105,0.995852,0.997794,0.160087,0.209054
4,B_Normal_Reset,B,False,True,72,2444897976380467516,0.991650,0.998177,0.996265,0.999102,0.243048,0.288580
4,B_Normal_Reset,B,False,True,73,1212096844542557245,0.983049,0.996202,0.995251,0.999420,0.778583,0.859567
4,B_Normal_Reset,B,False,True,74,11140701772752077424,0.990326,0.997512,0.998283,0.999518,0.116361,0.171103
4,B_Normal_Reset,B,False,True,75,3913421377129690948,0.993551,0.999965,0.999048,0.999693,0.342323,0.425451
4,B_Normal_Reset,B,False,True,76,1099603738144015561,0.998793,0.998826,0.998616,0.999394,0.093318,0.124599
4,B_Normal_Reset,B,False,True,77,15719656647796617865,0.999594,0.999980,0.995756,0.999321,0.456689,0.493292
4,B_Normal_Reset,B,False,True,78,14400798440370900492,0.997493,0.998362,0.998466,0.999617,0.225468,0.308997
4,B_Normal_Reset,B,False,True,79,16518935912120575880,0.999113,0.998915,0.993718,0.998958,0.544878,0.616290
4,B_Normal_Reset,B,False,True,80,18333775496538092346,0.975119,0.984640,0.993265,0.993194,0.070078,0.088042
4,B_Normal_Reset,B,False,True,81,8172569959758937611,0.999184,0.999997,0.998725,0.999857,0.264532,0.285516
4,B_Normal_Reset,B,False,True,82,14815659276826982867,0.999854,0.999641,0.997724,0.999358,0.215780,0.244037
4,B_Normal_Reset,B,False,True,83,5278142056512851681,0.991694,0.997596,0.993868,0.998682,0.615973,0.656158
4,B_Normal_Reset,B,False,True,84,1488947329166018499,0.986943,0.992554,0.994417,0.997412,0.254662,0.271348
4,B_Normal_Reset,B,False,True,85,12864917276345641692,0.998484,0.999788,0.998705,0.999665,0.130312,0.171596
4,B_Normal_Reset,B,False,True,86,1032636873794319481,0.999579,0.998786,0.999693,0.999482,0.234321,0.287900
4,B_Normal_Reset,B,False,True,87,90181014175674400,0.985255,0.991888,0.994291,0.997165,0.225816,0.267575
4,B_Normal_Reset,B,False,True,88,9725560682613607479,0.999552,0.999995,0.999053,0.999685,0.100487,0.137454
4,B_Normal_Reset,B,False,True,89,13062690132207783882,0.999151,0.999173,0.996969,0.999100,0.181979,0.201195
4,B_Normal_Reset,B,False,True,90,4208247834263498987,0.999864,0.999996,0.998730,0.999729,0.144967,0.182214
4,B_Normal_Reset,B,False,True,91,17414421748144031560,0.998874,0.998650,0.999552,0.999793,0.132775,0.197223
4,B_Normal_Reset,B,False,True,92,5847311620137751338,0.985064,0.999453,0.994083,0.999693,1.026605,1.110902
4,B_Normal_Reset,B,False,True,93,404552365574737194,0.999710,0.999756,0.998727,0.999773,0.228438,0.271403
4,B_Normal_Reset,B,False,True,94,1725843048550863477,0.998891,0.999976,0.997632,0.999954,0.493224,0.517964
4,B_Normal_Reset,B,False,True,95,12318879513385523678,0.995938,0.998733,0.998246,0.999370,0.101709,0.124386
4,B_Normal_Reset,B,False,True,96,4979764160941451623,0.999850,0.999968,0.999766,0.999563,0.099675,0.123698
4,B_Normal_Reset,B,False,True,97,1994352329286790808,0.997657,0.999675,0.995812,0.999697,0.395410,0.458998
4,B_Normal_Reset,B,False,True,98,3764244615865837539,1.000000,0.999573,0.999447,0.999896,0.103057,0.136128
4,B_Normal_Reset,B,False,True,99,5106007845959010975,1.000000,0.999824,0.997789,0.999533,0.207752,0.219488
4,B_Normal_Reset,B,False,True,100,14470083204848674767,0.994032,0.994620,0.998494,0.998303,0.155942,0.188847
4,B_Normal_Reset,B,False,True,101,10038705938139188091,0.999334,0.999657,0.996664,0.999543,0.422760,0.452447
4,B_Normal_Reset,B,False,True,102,866276143532343460,0.993433,0.994338,0.998868,0.998248,0.135045,0.179330
4,B_Normal_Reset,B,False,True,103,514650946110789275,0.993384,0.999273,0.998176,0.999674,0.173565,0.222217
4,B_Normal_Reset,B,False,True,104,8445823374936420837,0.992068,0.995664,0.998131,0.999163,0.253340,0.285815
4,B_Normal_Reset,B,False,True,105,17359854847016940037,0.997820,0.999737,0.998601,0.999846,0.275941,0.298855
4,B_Normal_Reset,B,False,True,106,7643698126261695402,0.996016,0.997810,0.997368,0.999422,0.230254,0.271291
4,B_Normal_Reset,B,False,True,107,4421078002141756113,0.999645,0.999986,0.998784,0.999332,0.125115,0.177283
4,B_Normal_Reset,B,False,True,108,11413958242097274526,0.991998,0.996113,0.998653,0.999409,0.052602,0.080906
4,B_Normal_Reset,B,False,True,109,12552613052038052385,0.996241,0.999242,0.998053,0.999709,0.173428,0.244185
4,B_Normal_Reset,B,False,True,110,13388973641385152183,0.999147,0.999959,0.999426,0.999871,0.086282,0.135982
4,B_Normal_Reset,B,False,True,111,1792891878402250879,0.976568,0.988090,0.990165,0.996680,0.473575,0.537993
4,B_Normal_Reset,B,False,True,112,8107842862640325300,0.996640,0.998531,0.996094,0.998881,0.222826,0.272837
4,B_Normal_Reset,B,False,True,113,13768785090911248868,0.999197,0.999270,0.998791,0.999506,0.125468,0.155401
4,B_Normal_Reset,B,False,True,114,15750825329511260577,0.990363,0.998617,0.992916,0.999346,0.642812,0.740310
4,B_Normal_Reset,B,False,True,115,15630681994571429943,0.992188,0.994298,0.999127,0.998741,0.175405,0.218490
4,B_Normal_Reset,B,False,True,116,11349062467928411414,0.987020,0.994108,0.993209,0.999072,0.683073,0.739528
4,B_Normal_Reset,B,False,True,117,11923823217729517929,0.999703,0.998451,0.998686,0.998249,0.170762,0.201075
4,B_Normal_Reset,B,False,True,118,16885214138965576949,0.996307,0.998607,0.997949,0.999632,0.281401,0.325760
4,B_Normal_Reset,B,False,True,119,1967294672084039840,0.992875,0.996066,0.988483,0.996197,0.632780,0.654748
4,B_Normal_Reset,B,False,True,120,4782422211681238305,0.998738,0.999089,0.993124,0.996909,0.294446,0.347066
4,B_Normal_Reset,B,False,True,121,17522465204044815587,0.998442,0.996203,0.998422,0.999397,0.155605,0.207062
4,B_Normal_Reset,B,False,True,122,1065766056850316591,0.991795,0.996731,0.989315,0.995393,0.589449,0.626389
4,B_Normal_Reset,B,False,True,123,13363115156955603338,0.987130,0.992427,0.991642,0.993206,0.110582,0.147042
4,B_Normal_Reset,B,False,True,124,1335962885974761685,0.998989,0.999998,0.998899,0.999087,0.075759,0.112449
4,B_Normal_Reset,B,False,True,125,6912308932188794223,0.997941,0.998939,0.992963,0.998592,0.636272,0.663666
4,B_Normal_Reset,B,False,True,126,4690279835681497448,0.994912,0.991043,0.998328,0.997002,0.140965,0.176234
4,B_Normal_Reset,B,False,True,127,17299457372995622953,0.999833,0.999500,0.999189,0.999630,0.056887,0.074786
4,B_Normal_Reset,B,False,True,128,8356436560474058746,0.998245,0.997454,0.999040,0.999185,0.138807,0.162986
4,B_Normal_Reset,B,False,True,129,13859216306593419645,0.986501,0.997542,0.990398,0.999190,1.280846,1.321677
4,B_Normal_Reset,B,False,True,130,7655614851808040036,0.977160,0.994380,0.991765,0.998584,0.631903,0.684414
4,B_Normal_Reset,B,False,True,131,12061656066142631882,0.999413,0.999834,0.993688,0.999386,0.629875,0.681077
4,B_Normal_Reset,B,False,True,132,18295148213511348271,0.994047,0.991209,0.997580,0.997478,0.038016,0.064358
4,B_Normal_Reset,B,False,True,133,3278244906128620325,0.999937,0.999554,0.999672,0.999550,0.113938,0.145408
4,B_Normal_Reset,B,False,True,134,9226908195870954362,0.999166,0.999887,0.998264,0.999862,0.154539,0.195884
4,B_Normal_Reset,B,False,True,135,1763713869229318698,0.995463,0.996472,0.996215,0.997253,0.211976,0.265105
4,B_Normal_Reset,B,False,True,136,10865403565358909005,0.999281,0.999609,0.996777,0.999941,0.553796,0.576126
4,B_Normal_Reset,B,False,True,137,1574981912965941112,0.970211,0.975476,0.993620,0.992975,0.113656,0.150702
4,B_Normal_Reset,B,False,True,138,4184113483177866217,0.994048,0.992314,0.998346,0.996160,0.106497,0.135531
4,B_Normal_Reset,B,False,True,139,4053619518393475953,0.987780,0.993870,0.997251,0.999164,0.211674,0.257098
4,B_Normal_Reset,B,False,True,140,7398351919821040829,0.999967,0.999843,0.999841,0.999339,0.158088,0.174470
4,B_Normal_Reset,B,False,True,141,14061821970018621574,0.998528,0.998898,0.999589,0.998693,0.212116,0.290976
4,B_Normal_Reset,B,False,True,142,6809057651367149733,0.987243,0.995750,0.995262,0.997537,0.174579,0.211332
4,B_Normal_Reset,B,False,True,143,9850446215718836193,0.993828,0.997777,0.998791,0.999376,0.112743,0.130912
4,B_Normal_Reset,B,False,True,144,10833430430897274716,0.995553,0.998457,0.998882,0.999267,0.085991,0.104922
4,B_Normal_Reset,B,False,True,145,8186110629602586883,0.999824,0.999749,0.999276,0.999825,0.184876,0.214362
4,B_Normal_Reset,B,False,True,146,17849955455276265421,0.991501,0.995760,0.997615,0.998398,0.073709,0.104196
4,B_Normal_Reset,B,False,True,147,2408027422703446469,0.994359,0.998707,0.995784,0.999525,0.809651,0.844368
4,B_Normal_Reset,B,False,True,148,12202137919489030750,0.984830,0.991804,0.988837,0.995726,0.462046,0.508125
4,B_Normal_Reset,B,False,True,149,18097577583988838380,0.994048,0.994213,0.999194,0.998577,0.403903,0.418204
4,B_Normal_Reset,B,False,True,150,18081619258490064732,0.999519,0.999885,0.998990,0.999421,0.106129,0.141895
4,B_Normal_Reset,B,False,True,151,5620521712043745807,0.973915,0.984150,0.991945,0.995137,0.135606,0.165181
4,B_Normal_Reset,B,False,True,152,4852950550335343426,0.998145,0.998044,0.998308,0.998926,0.140909,0.158858
4,B_Normal_Reset,B,False,True,153,15611854904912080992,0.983059,0.994558,0.995715,0.999026,0.355336,0.413779
4,B_Normal_Reset,B,False,True,154,15713281428797739651,0.997031,0.997384,0.997397,0.996662,0.154037,0.209699
4,B_Normal_Reset,B,False,True,155,13317441840166667681,0.987226,0.998712,0.993289,0.998770,0.628516,0.705511
4,B_Normal_Reset,B,False,True,156,6342671367191379733,0.980827,0.997386,0.997013,0.999707,0.440041,0.527524
4,B_Normal_Reset,B,False,True,157,10269855110023573284,0.999820,0.999778,0.998004,0.999693,0.192769,0.252354
4,B_Normal_Reset,B,False,True,158,14818189407184545900,0.998285,0.991232,0.997315,0.996847,0.205754,0.248162
4,B_Normal_Reset,B,False,True,159,15018938590168134962,0.992311,0.987603,0.996384,0.995299,0.051988,0.079735
4,B_Normal_Reset,B,False,True,160,8019910563276601049,0.999382,0.999003,0.998102,0.997990,0.093742,0.131999
4,B_Normal_Reset,B,False,True,161,15342811154092948293,0.985026,0.996526,0.995711,0.998396,0.212607,0.277370
4,B_Normal_Reset,B,False,True,162,4566772597649133264,0.985819,0.985230,0.995890,0.995876,0.117782,0.141343
4,B_Normal_Reset,B,False,True,163,16853011728218534080,0.979926,0.997744,0.991448,0.998803,1.025705,1.152096
4,B_Normal_Reset,B,False,True,164,17368230420991740842,0.999850,0.999934,0.999066,0.999605,0.091570,0.117277
4,B_Normal_Reset,B,False,True,165,14326367791119606200,0.995180,0.997838,0.993972,0.997592,0.247902,0.288263
4,B_Normal_Reset,B,False,True,166,16529216877747796264,0.999825,0.999808,0.997163,0.999755,0.278868,0.298785
4,B_Normal_Reset,B,False,True,167,17097381245371326328,0.996299,0.996990,0.999039,0.999388,0.088666,0.111902
4,B_Normal_Reset,B,False,True,168,15734838899334711540,0.999053,0.999790,0.996594,0.998291,0.102264,0.138268
4,B_Normal_Reset,B,False,True,169,18099614665529500022,0.999801,0.999188,0.999112,0.999485,0.137611,0.177163
4,B_Normal_Reset,B,False,True,170,15067096762050851192,0.998474,0.999659,0.997503,0.999619,0.309144,0.351339
4,B_Normal_Reset,B,False,True,171,12468089977803714014,0.999686,0.999962,0.997829,0.999680,0.642644,0.674360
4,B_Normal_Reset,B,False,True,172,3999300476905330077,0.999062,0.997317,0.993650,0.999706,1.127101,1.159217
4,B_Normal_Reset,B,False,True,173,6140092701749344914,0.997461,0.996609,0.988682,0.995010,0.457934,0.493222
4,B_Normal_Reset,B,False,True,174,15713293524714541849,0.984929,0.987993,0.996751,0.995378,0.149622,0.162846
4,B_Normal_Reset,B,False,True,175,8434889752469862167,0.964908,0.981984,0.983489,0.993163,0.777755,0.840045
4,B_Normal_Reset,B,False,True,176,9583272314546323422,0.999100,0.999991,0.996569,0.999462,0.364104,0.409751
4,B_Normal_Reset,B,False,True,177,6980546056490271630,0.974849,0.998917,0.994054,0.999166,0.584655,0.732960
4,B_Normal_Reset,B,False,True,178,5315149685654091090,0.998489,0.996548,0.997658,0.999050,0.134229,0.166012
4,B_Normal_Reset,B,False,True,179,15040532593575461267,0.998522,0.999612,0.998737,0.999729,0.244347,0.272245
4,B_Normal_Reset,B,False,True,180,5840441331046072201,0.998956,0.998373,0.998734,0.999354,0.074855,0.093906
4,B_Normal_Reset,B,False,True,181,6722453600120987631,0.991098,0.997911,0.997384,0.999726,0.346023,0.391491
4,B_Normal_Reset,B,False,True,182,7896676175973349888,0.982661,0.994166,0.995043,0.998656,0.261116,0.307032
4,B_Normal_Reset,B,False,True,183,7582828613291261160,0.971967,0.984854,0.990696,0.995751,0.410513,0.450313
4,B_Normal_Reset,B,False,True,184,2235191521363793429,0.994605,0.998148,0.998779,0.998825,0.103180,0.130161
4,B_Normal_Reset,B,False,True,185,5533013205604027547,0.994987,0.997072,0.995737,0.998418,0.235603,0.266621
4,B_Normal_Reset,B,False,True,186,2985119502369257685,0.992177,0.993068,0.994039,0.997481,0.106990,0.124739
4,B_Normal_Reset,B,False,True,187,406621751293138930,0.998803,0.999891,0.998147,0.999732,0.259746,0.289968
4,B_Normal_Reset,B,False,True,188,14872861919718782333,0.999551,0.997073,0.999459,0.998920,0.207661,0.278461
4,B_Normal_Reset,B,False,True,189,3048918122075222475,0.994522,0.989255,0.997245,0.996737,0.160266,0.210205
4,B_Normal_Reset,B,False,True,190,13408467559261155769,0.994440,0.998459,0.998114,0.999309,0.130571,0.179422
4,B_Normal_Reset,B,False,True,191,17495411585607302490,0.999944,0.999868,0.999248,0.999851,0.148744,0.172210
4,B_Normal_Reset,B,False,True,192,10507713253915279618,0.981279,0.994596,0.985296,0.996347,1.040884,1.112796
4,B_Normal_Reset,B,False,True,193,3344592605011148140,0.999998,0.997374,0.994135,0.997607,0.441148,0.474918
4,B_Normal_Reset,B,False,True,194,6234589260871894340,0.980099,0.990249,0.993103,0.995950,0.191131,0.229688
4,B_Normal_Reset,B,False,True,195,7724054075737188561,0.999240,0.999853,0.998942,0.999884,0.250998,0.295183
4,B_Normal_Reset,B,False,True,196,9368567182181827988,0.999890,0.999294,0.998462,0.998267,0.095288,0.128699
4,B_Normal_Reset,B,False,True,197,10377098201422763382,0.999770,0.999725,0.999454,0.999852,0.100165,0.126609
4,B_Normal_Reset,B,False,True,198,12770522679326108725,0.999501,0.999998,0.997031,0.999785,0.487452,0.512438
4,B_Normal_Reset,B,False,True,199,2040805698401498464,0.992631,0.999083,0.997288,0.999452,0.250422,0.297890
4,B_Normal_Reset,B,False,True,200,8597698125702402945,0.999999,0.999775,0.999318,0.999789,0.282691,0.302019
4,B_Normal_Reset,B,False,True,201,6759360328991193881,0.999102,0.999588,0.993011,0.998527,0.574263,0.585410
4,B_Normal_Reset,B,False,True,202,15244790247732875934,0.999760,1.000000,0.999634,0.999745,0.105918,0.136391
4,B_Normal_Reset,B,False,True,203,9577290244482950917,0.993892,0.996063,0.992807,0.998027,0.490829,0.517860
4,B_Normal_Reset,B,False,True,204,16543767352306137224,0.999760,0.999036,0.999108,0.999053,0.188171,0.249717
4,B_Normal_Reset,B,False,True,205,15072179820625283240,0.995985,0.999689,0.996563,0.999270,0.237684,0.276692
4,B_Normal_Reset,B,False,True,206,1106277267179566366,0.978797,0.993253,0.997548,0.998780,0.138418,0.211856
4,B_Normal_Reset,B,False,True,207,18337814306284881227,0.986474,0.997604,0.997871,0.999684,0.144814,0.222309
4,B_Normal_Reset,B,False,True,208,2947448592123931977,0.999120,0.999887,0.996127,0.999455,0.474694,0.529806
4,B_Normal_Reset,B,False,True,209,1421593716330115431,0.995890,0.999207,0.998957,0.999766,0.130238,0.156169
4,B_Normal_Reset,B,False,True,210,10860359868880819767,0.999925,0.999909,0.999082,0.999655,0.339018,0.360476
4,B_Normal_Reset,B,False,True,211,6924609294329206474,0.986752,0.997373,0.990631,0.998241,0.783725,0.840221
4,B_Normal_Reset,B,False,True,212,8418062245758753271,0.999537,0.998781,0.983731,0.996995,1.233588,1.232563
4,B_Normal_Reset,B,False,True,213,1918213316505432773,0.998443,0.999937,0.997570,0.999413,0.283058,0.311558
4,B_Normal_Reset,B,False,True,214,16975143594457281409,0.998469,0.998593,0.993211,0.998052,0.249088,0.286186
4,B_Normal_Reset,B,False,True,215,3624310246679011478,0.999738,0.999397,0.994631,0.999379,0.662112,0.685254
4,B_Normal_Reset,B,False,True,216,4759982230981794813,0.994009,0.999512,0.998370,0.999841,0.403827,0.469418
4,B_Normal_Reset,B,False,True,217,1969381883606545296,0.981978,0.999415,0.996504,0.999757,0.480975,0.598915
4,B_Normal_Reset,B,False,True,218,707706418970177577,0.999005,0.999955,0.991754,0.998836,0.654567,0.729448
4,B_Normal_Reset,B,False,True,219,10151047540643533163,0.999677,0.999679,0.997802,0.999512,0.409941,0.441654
4,B_Normal_Reset,B,False,True,220,13053238846281566207,0.991792,0.999699,0.997357,0.999934,0.518698,0.592845
4,B_Normal_Reset,B,False,True,221,11041676765086418854,0.994943,0.999965,0.999478,0.999512,0.186661,0.232825
4,B_Normal_Reset,B,False,True,222,16647388210473446866,0.997975,0.999929,0.990794,0.997653,0.624271,0.656444
4,B_Normal_Reset,B,False,True,223,12853353979030511598,0.999084,0.999717,0.998564,0.999095,0.211047,0.261150
4,B_Normal_Reset,B,False,True,224,1360707939897162552,0.999679,0.999995,0.998846,0.999727,0.140332,0.175112
4,B_Normal_Reset,B,False,True,225,9207462939137659272,0.999925,0.999897,0.997811,0.999910,0.433177,0.490275
4,B_Normal_Reset,B,False,True,226,13395703494529463291,0.999088,0.999990,0.998016,0.999615,0.241414,0.264837
4,B_Normal_Reset,B,False,True,227,10701497056932127203,1.000000,0.997502,0.999273,0.997838,0.241040,0.270974
4,B_Normal_Reset,B,False,True,228,401225073529251957,0.986430,0.997010,0.996772,0.999092,0.316065,0.364169
4,B_Normal_Reset,B,False,True,229,1819482494583160724,0.998921,0.999056,0.998364,0.999282,0.159428,0.217989
4,B_Normal_Reset,B,False,True,230,16334993190872168878,0.999638,0.999443,0.999612,0.999844,0.083735,0.110685
4,B_Normal_Reset,B,False,True,231,15955601966057700178,0.997343,0.999307,0.999185,0.999897,0.141868,0.170890
4,B_Normal_Reset,B,False,True,232,12665513783986676994,0.993593,0.998992,0.988171,0.998487,1.166581,1.267415
4,B_Normal_Reset,B,False,True,233,6765873729348449694,0.996256,1.000000,0.998889,0.999792,0.130373,0.189048
4,B_Normal_Reset,B,False,True,234,15508993202122135122,0.997947,0.999516,0.995664,0.999431,0.496483,0.553903
4,B_Normal_Reset,B,False,True,235,1404359146176793914,0.999978,0.999693,0.999557,0.999909,0.125099,0.151390
4,B_Normal_Reset,B,False,True,236,6839047044008260969,0.997265,0.998613,0.998107,0.999091,0.101712,0.122771
4,B_Normal_Reset,B,False,True,237,13395754129098565920,0.997480,0.999153,0.999389,0.999578,0.284200,0.292414
4,B_Normal_Reset,B,False,True,238,8839469736772146553,0.998662,0.999339,0.998483,0.999820,0.223893,0.290645
4,B_Normal_Reset,B,False,True,239,17829428496786815127,0.999378,0.999779,0.998114,0.999477,0.183721,0.246107
4,B_Normal_Reset,B,False,True,240,12693262453616955910,0.993656,0.989710,0.996265,0.994785,0.520427,0.582452
4,B_Normal_Reset,B,False,True,241,13064123563199757280,0.996220,0.998457,0.995316,0.998602,0.282837,0.302993
4,B_Normal_Reset,B,False,True,242,14844513497594672450,0.996847,0.999882,0.997759,0.999841,0.321225,0.357580
4,B_Normal_Reset,B,False,True,243,13260041389682101288,0.999679,0.997173,0.998647,0.998841,0.256092,0.343218
4,B_Normal_Reset,B,False,True,244,3253609345284638456,0.995504,0.999004,0.994335,0.999447,0.642459,0.685267
4,B_Normal_Reset,B,False,True,245,7036729508870967472,0.992555,0.999293,0.997934,0.999696,0.399661,0.458964
4,B_Normal_Reset,B,False,True,246,5918541330178737684,0.984141,0.994886,0.994531,0.999099,0.394976,0.442576
4,B_Normal_Reset,B,False,True,247,10586745741371728245,0.994379,0.993992,0.996821,0.995902,0.185353,0.231142
4,B_Normal_Reset,B,False,True,248,7005428632574922156,0.988525,0.999306,0.994949,0.999239,0.435357,0.525688
4,B_Normal_Reset,B,False,True,249,8015543032802061097,0.999481,0.999625,0.996952,0.998570,0.128168,0.151579
4,B_Normal_Reset,B,False,True,250,11306721568460771717,0.994710,0.998129,0.994361,0.999583,0.627355,0.669839
4,B_Normal_Reset,B,False,True,251,16389280998504343864,0.998129,0.996890,0.998423,0.998750,0.061003,0.087100
4,B_Normal_Reset,B,False,True,252,12464161446449433739,0.980113,0.992271,0.996349,0.997766,0.150650,0.205533
4,B_Normal_Reset,B,False,True,253,1141554353602034068,0.990048,0.992161,0.995896,0.997447,0.102739,0.135426
4,B_Normal_Reset,B,False,True,254,13461288081096320881,0.994664,0.996562,0.997394,0.998451,0.142797,0.201332
4,B_Normal_Reset,B,False,True,255,2328782140049534488,0.999090,0.999700,0.995395,0.999782,0.874438,0.934802
4,B_Normal_Reset,B,False,True,256,465823385820825926,0.996655,0.999553,0.997225,0.999773,0.490925,0.514514
4,B_Normal_Reset,B,False,True,257,7280407891031740476,0.997215,0.998546,0.996771,0.999242,0.301753,0.335955
4,B_Normal_Reset,B,False,True,258,16592941758012213209,0.988794,0.997697,0.995396,0.998563,0.312666,0.394084
4,B_Normal_Reset,B,False,True,259,18043794211591334414,0.995420,0.999975,0.998090,0.999898,0.315208,0.368884
4,B_Normal_Reset,B,False,True,260,5864281667321444356,0.994287,0.997952,0.998494,0.999107,0.150977,0.185261
4,B_Normal_Reset,B,False,True,261,9616246492858119292,0.998765,0.997078,0.999505,0.999683,0.071868,0.103693
4,B_Normal_Reset,B,False,True,262,9281828192122884126,0.936361,0.982326,0.972436,0.992174,1.830617,1.991130
4,B_Normal_Reset,B,False,True,263,7013175131763397372,0.998272,0.995966,0.997110,0.997945,0.173212,0.206527
4,B_Normal_Reset,B,False,True,264,5910116869559653473,0.978274,0.993689,0.995725,0.999152,0.448838,0.528042
4,B_Normal_Reset,B,False,True,265,16360621245433178140,0.972372,0.992512,0.991308,0.997438,0.382855,0.448153
4,B_Normal_Reset,B,False,True,266,5163893557514969493,0.999911,0.999834,0.998396,0.999722,0.236906,0.267659
4,B_Normal_Reset,B,False,True,267,9788061889092533574,0.996978,0.998858,0.999361,0.999762,0.097754,0.121861
4,B_Normal_Reset,B,False,True,268,3076782255693467699,0.997635,0.999988,0.999571,0.999806,0.205391,0.246802
4,B_Normal_Reset,B,False,True,269,5695104248446452575,0.999010,0.998310,0.998679,0.999758,0.328294,0.369279
4,B_Normal_Reset,B,False,True,270,15432425855460111615,0.990651,0.993306,0.996139,0.998125,0.160585,0.211287
4,B_Normal_Reset,B,False,True,271,11123608716649910119,0.996213,0.999559,0.999061,0.999768,0.098605,0.147624
4,B_Normal_Reset,B,False,True,272,10334825357291956374,0.992905,0.998491,0.998228,0.999666,0.202270,0.260462
4,B_Normal_Reset,B,False,True,273,9939772144635610025,0.999833,1.000000,0.999764,0.999309,0.227241,0.252696
4,B_Normal_Reset,B,False,True,274,3252595076409070376,0.997991,0.999695,0.997195,0.999459,0.207293,0.238969
4,B_Normal_Reset,B,False,True,275,2250674051932683759,0.998696,0.999078,0.999703,0.999577,0.088078,0.116589
4,B_Normal_Reset,B,False,True,276,3741393596895511029,0.984161,0.996442,0.996449,0.999334,0.283639,0.340348
4,B_Normal_Reset,B,False,True,277,9739356306378979415,0.999146,0.999285,0.998398,0.999335,0.386684,0.494596
4,B_Normal_Reset,B,False,True,278,7405155565869279624,0.994527,0.994529,0.999454,0.998784,0.227978,0.255404
4,B_Normal_Reset,B,False,True,279,991858898443559993,0.997733,0.998506,0.998148,0.999669,0.238103,0.289127
4,B_Normal_Reset,B,False,True,280,18347332930255427249,0.999612,0.999471,0.997470,0.999445,0.713557,0.776323
4,B_Normal_Reset,B,False,True,281,1845045105113811375,0.999134,0.997663,0.999679,0.998412,0.239727,0.257197
4,B_Normal_Reset,B,False,True,282,7756396089205634937,0.987649,0.992271,0.994266,0.997217,0.255337,0.320604
4,B_Normal_Reset,B,False,True,283,1260468789901948725,0.999110,0.999742,0.998779,0.999807,0.109815,0.163730
4,B_Normal_Reset,B,False,True,284,18377947595432872650,0.994857,0.999565,0.998797,0.999680,0.155805,0.196873
4,B_Normal_Reset,B,False,True,285,15166272268621093720,0.982182,0.986283,0.986885,0.995996,0.896409,0.931084
4,B_Normal_Reset,B,False,True,286,17206455190115381073,0.999010,0.999692,0.999039,0.999683,0.124340,0.186009
4,B_Normal_Reset,B,False,True,287,6715602428755905001,0.995098,0.998507,0.998673,0.999656,0.191137,0.225905
4,B_Normal_Reset,B,False,True,288,2565093414024116112,0.999606,0.997694,0.999064,0.999062,0.108249,0.149612
4,B_Normal_Reset,B,False,True,289,10957002961271116671,0.998913,0.999965,0.994202,0.998723,0.311950,0.357313
4,B_Normal_Reset,B,False,True,290,4827430706798269429,0.999959,0.998890,0.999163,0.999239,0.094310,0.121889
4,B_Normal_Reset,B,False,True,291,11686907779641807606,0.998973,0.999493,0.998728,0.999933,0.214663,0.237948
4,B_Normal_Reset,B,False,True,292,12888834911605457885,0.984062,0.993707,0.984161,0.996585,1.110406,1.137588
4,B_Normal_Reset,B,False,True,293,8460888716837314559,0.999344,0.998950,0.995140,0.999362,0.568068,0.582826
4,B_Normal_Reset,B,False,True,294,5779846400309560244,0.999506,0.999891,0.999866,0.999789,0.075437,0.095364
4,B_Normal_Reset,B,False,True,295,10640423675188985679,0.999844,0.998169,0.999064,0.999316,0.083750,0.126588
4,B_Normal_Reset,B,False,True,296,5087791422612763316,0.987358,0.995954,0.992137,0.997266,0.301268,0.359274
4,B_Normal_Reset,B,False,True,297,13201919506822950041,0.994916,0.998265,0.998058,0.999229,0.133898,0.162331
4,B_Normal_Reset,B,False,True,298,6157243820579630659,0.979006,0.983459,0.990001,0.993090,0.179660,0.222067
4,B_Normal_Reset,B,False,True,299,8494523870425558107,0.997473,0.999760,0.995693,0.999452,0.616463,0.678080
4,B_Normal_Reset,B,False,True,300,10268902637271264634,0.999999,0.999753,0.997047,0.999739,0.400893,0.420777
4,B_Normal_Reset,B,False,True,301,7154116722588156804,0.999892,0.999519,0.997898,0.999807,0.425008,0.457424
4,B_Normal_Reset,B,False,True,302,348702900686150042,0.999935,0.998739,0.998079,0.999406,0.148595,0.210153
4,B_Normal_Reset,B,False,True,303,12600500735540115622,0.996224,0.998236,0.998070,0.999049,0.118041,0.157611
4,B_Normal_Reset,B,False,True,304,7761660984185121881,0.999214,0.999257,0.998756,0.999106,0.090736,0.122055
4,B_Normal_Reset,B,False,True,305,16696747927381924216,0.994299,0.997826,0.990106,0.996537,0.388576,0.435500
4,B_Normal_Reset,B,False,True,306,3811026733828571038,0.981520,0.990291,0.998480,0.998669,0.181730,0.193620
4,B_Normal_Reset,B,False,True,307,2641965036159152861,0.998771,0.999480,0.994690,0.999728,0.530174,0.587409
4,B_Normal_Reset,B,False,True,308,10928147712558691726,0.999506,0.997774,0.990216,0.998221,0.973621,0.998676
4,B_Normal_Reset,B,False,True,309,15503677801810099699,0.995337,0.999511,0.995681,0.999278,0.353407,0.374596
4,B_Normal_Reset,B,False,True,310,13005396790396692484,0.996230,0.999318,0.998667,0.999718,0.205693,0.247035
4,B_Normal_Reset,B,False,True,311,5919532120676168293,0.999716,0.999877,0.997931,0.999820,0.240650,0.299362
4,B_Normal_Reset,B,False,True,312,5422110652806683873,0.998351,0.999119,0.997899,0.999563,0.543390,0.568118
4,B_Normal_Reset,B,False,True,313,11685545552724136675,0.985779,0.999884,0.994664,0.999941,0.998918,1.094009
4,B_Normal_Reset,B,False,True,314,2540129991986103289,0.999871,0.999410,0.993668,0.999200,0.753497,0.825879
4,B_Normal_Reset,B,False,True,315,9048650510377113270,0.999806,0.999411,0.993929,0.997854,0.505090,0.577062
4,B_Normal_Reset,B,False,True,316,2723235701192834193,0.992513,0.999778,0.995619,0.999716,0.785223,0.862784
4,B_Normal_Reset,B,False,True,317,16660984731039702110,0.999034,0.999731,0.997026,0.999605,0.341639,0.389352
4,B_Normal_Reset,B,False,True,318,667808816279462017,0.993137,0.997830,0.996027,0.998996,0.536693,0.575256
4,B_Normal_Reset,B,False,True,319,17258040825694488196,0.999235,0.998328,0.999124,0.999634,0.112989,0.162629
4,B_Normal_Reset,B,False,True,320,5634996464673249690,0.996953,0.997181,0.999096,0.999441,0.055162,0.078280
4,B_Normal_Reset,B,False,True,321,5099427709259065587,0.990114,0.994948,0.997678,0.998528,0.173150,0.215658
4,B_Normal_Reset,B,False,True,322,8724719561568934023,0.997695,0.999853,0.998290,0.999738,0.260210,0.288300
4,B_Normal_Reset,B,False,True,323,11532971051439629487,0.978248,0.987998,0.987364,0.993880,0.761145,0.812134
4,B_Normal_Reset,B,False,True,324,11409960760680547837,0.997781,0.999512,0.996941,0.999835,0.594774,0.662396
4,B_Normal_Reset,B,False,True,325,484232285736287653,0.990706,0.999063,0.998608,0.999728,0.137944,0.207615
4,B_Normal_Reset,B,False,True,326,14275753090062931279,0.999632,0.998332,0.998865,0.999543,0.113922,0.150804
4,B_Normal_Reset,B,False,True,327,13619528786238061856,0.999964,0.997237,0.999267,0.998734,0.258060,0.311570
4,B_Normal_Reset,B,False,True,328,9059223877661524966,0.995859,0.995812,0.999367,0.999611,0.068684,0.094212
4,B_Normal_Reset,B,False,True,329,18237971871171931483,0.995950,0.999916,0.998639,0.999920,0.214314,0.273136
4,B_Normal_Reset,B,False,True,330,13867378856699976532,0.999784,0.999469,0.999301,0.999673,0.229007,0.263053
4,B_Normal_Reset,B,False,True,331,15226952178805342427,0.999856,0.999887,0.996180,0.999544,0.503166,0.539093
4,B_Normal_Reset,B,False,True,332,16505961030091750917,0.998538,0.999842,0.999158,0.999898,0.132193,0.170708
4,B_Normal_Reset,B,False,True,333,6329461314096056545,1.000000,0.998509,0.998812,0.999026,0.145722,0.202754
4,B_Normal_Reset,B,False,True,334,2009891323681239370,0.999462,0.999866,0.999142,0.999827,0.182616,0.206700
4,B_Normal_Reset,B,False,True,335,2971321085440618683,0.999780,0.999785,0.997872,0.999709,0.308998,0.332589
4,B_Normal_Reset,B,False,True,336,17193383102296639135,0.995305,0.995986,0.998023,0.997677,0.157791,0.166073
4,B_Normal_Reset,B,False,True,337,5395344487330947548,0.992429,0.998787,0.995593,0.999363,0.480309,0.522797
4,B_Normal_Reset,B,False,True,338,110500913030537016,0.990489,0.996741,0.998264,0.999393,0.191936,0.243847
4,B_Normal_Reset,B,False,True,339,14556614833585199551,0.999561,0.999909,0.998947,0.999349,0.603860,0.642590
4,B_Normal_Reset,B,False,True,340,3927510804686621912,0.996064,0.994203,0.994032,0.997810,0.295545,0.330484
4,B_Normal_Reset,B,False,True,341,355295093491362308,0.969221,0.983642,0.986396,0.995329,0.705262,0.755198
4,B_Normal_Reset,B,False,True,342,15839035748494130095,0.998557,0.999902,0.998853,0.999896,0.183265,0.231638
4,B_Normal_Reset,B,False,True,343,3620088802448816556,0.992967,0.998127,0.997089,0.999345,0.225191,0.286332
4,B_Normal_Reset,B,False,True,344,2943424512191111745,0.986686,0.990024,0.996293,0.998343,0.238179,0.271955
4,B_Normal_Reset,B,False,True,345,14112962344305504927,0.999795,0.999849,0.999261,0.999275,0.106898,0.153815
4,B_Normal_Reset,B,False,True,346,8922728738198297254,0.999892,0.999567,0.997155,0.999880,0.546453,0.571814
4,B_Normal_Reset,B,False,True,347,4215692151883099517,0.973985,0.995868,0.995666,0.999355,0.414088,0.528110
4,B_Normal_Reset,B,False,True,348,18054891521111471757,0.999973,0.999226,0.998757,0.999567,0.138063,0.166283
4,B_Normal_Reset,B,False,True,349,13618641045513472290,0.999814,0.994121,0.999219,0.998225,0.430426,0.474959
4,B_Normal_Reset,B,False,True,350,4755193967383823284,0.991030,0.998134,0.994410,0.999186,0.455078,0.499521
4,B_Normal_Reset,B,False,True,351,482669851474969502,0.997891,0.999454,0.997982,0.999682,0.270529,0.317163
4,B_Normal_Reset,B,False,True,352,7555525637115821698,0.998666,0.999742,0.997964,0.999859,0.296447,0.359082
4,B_Normal_Reset,B,False,True,353,13025376902961338162,0.976944,0.990473,0.991559,0.998486,0.802801,0.840537
4,B_Normal_Reset,B,False,True,354,4670307041871703545,0.997332,0.998980,0.999558,0.999630,0.044718,0.080956
4,B_Normal_Reset,B,False,True,355,12501775287333464904,0.998577,0.999665,0.997306,0.999854,0.435899,0.459197
4,B_Normal_Reset,B,False,True,356,14964792319786619978,0.994430,0.999964,0.996938,0.999719,0.735300,0.824267
4,B_Normal_Reset,B,False,True,357,3988450394499647489,0.998764,1.000000,0.998719,0.999826,0.201457,0.220801
4,B_Normal_Reset,B,False,True,358,13657657363444690293,0.997968,0.997770,0.990978,0.997926,0.723429,0.741465
4,B_Normal_Reset,B,False,True,359,1522987250709687882,0.989695,0.994939,0.998131,0.998786,0.075723,0.118958
4,B_Normal_Reset,B,False,True,360,12509111510775450312,0.999591,0.999239,0.995617,0.998976,0.336760,0.377117
4,B_Normal_Reset,B,False,True,361,15641369695245656421,0.988372,0.993754,0.990462,0.997155,0.550886,0.574205
4,B_Normal_Reset,B,False,True,362,18272576524528439880,0.995590,0.999451,0.998179,0.999360,0.168361,0.198982
4,B_Normal_Reset,B,False,True,363,17638004364800789645,0.999999,0.999866,0.994362,0.999740,0.953096,0.973801
4,B_Normal_Reset,B,False,True,364,4675686881478188485,0.997912,0.999284,0.999092,0.999743,0.113773,0.149610
4,B_Normal_Reset,B,False,True,365,15270051704785119507,0.993934,0.995115,0.993226,0.999279,0.749198,0.780651
4,B_Normal_Reset,B,False,True,366,3674201186998226129,0.999807,0.999719,0.999240,0.999754,0.241452,0.280684
4,B_Normal_Reset,B,False,True,367,5389209747958868590,0.991534,0.998907,0.996509,0.999872,0.528105,0.606066
4,B_Normal_Reset,B,False,True,368,5923528325607404820,0.999992,0.999902,0.996987,0.999884,0.535436,0.569031
4,B_Normal_Reset,B,False,True,369,7810405202552981960,0.995997,0.999083,0.999224,0.999715,0.120535,0.152271
4,B_Normal_Reset,B,False,True,370,13361072067763818462,0.997107,0.998928,0.996803,0.998144,0.308037,0.483376
4,B_Normal_Reset,B,False,True,371,11101799191700205647,0.999415,0.998260,0.998435,0.999182,0.134580,0.196652
4,B_Normal_Reset,B,False,True,372,771302419400781070,0.997861,0.999995,0.998805,0.999714,0.136952,0.199835
4,B_Normal_Reset,B,False,True,373,17286051002456294727,0.998629,0.999906,0.995144,0.999253,0.454608,0.530290
4,B_Normal_Reset,B,False,True,374,9145826629972522252,0.996333,0.996687,0.999094,0.998428,0.827392,0.857972
4,B_Normal_Reset,B,False,True,375,3401639694365432050,0.997952,0.999979,0.998624,0.999819,0.193882,0.261503
4,B_Normal_Reset,B,False,True,376,14451122011367409550,0.998633,0.998926,0.999506,0.999459,0.142029,0.187109
4,B_Normal_Reset,B,False,True,377,10215436772984314648,0.993831,0.996980,0.995113,0.998538,0.176913,0.226668
4,B_Normal_Reset,B,False,True,378,14333877036318095526,0.993267,0.996869,0.998206,0.999356,0.150093,0.206641
4,B_Normal_Reset,B,False,True,379,147855966971668046,0.996910,0.999237,0.986427,0.998965,1.666883,1.696111
4,B_Normal_Reset,B,False,True,380,1167548998366210880,0.994163,0.995241,0.996333,0.998057,0.174061,0.194075
4,B_Normal_Reset,B,False,True,381,7387542820228760303,0.991758,0.988425,0.997116,0.995798,0.066744,0.084877
4,B_Normal_Reset,B,False,True,382,11000210453600840562,0.998446,0.999624,0.993983,0.998974,0.760803,0.799133
4,B_Normal_Reset,B,False,True,383,4114358153411471547,0.980662,0.996147,0.993910,0.999252,0.480748,0.553470
4,B_Normal_Reset,B,False,True,384,9685472269005867639,0.998723,0.999338,0.998443,0.998841,0.228413,0.253209
4,B_Normal_Reset,B,False,True,385,3196572657798383646,0.989486,0.996970,0.987252,0.997929,1.352777,1.402248
4,B_Normal_Reset,B,False,True,386,6920830073660373852,0.985528,0.998546,0.996874,0.999242,0.341460,0.411039
4,B_Normal_Reset,B,False,True,387,760882519062939726,0.999944,0.999933,0.997732,0.998567,0.112444,0.141006
4,B_Normal_Reset,B,False,True,388,12882209773731849844,0.998748,0.999999,0.997860,0.999414,0.205953,0.242573
4,B_Normal_Reset,B,False,True,389,5146330643736191533,0.991604,0.996452,0.996063,0.998796,0.255134,0.292265
4,B_Normal_Reset,B,False,True,390,11100352957027197065,0.996555,0.999640,0.998053,0.999841,0.372590,0.427474
4,B_Normal_Reset,B,False,True,391,4218393981243673690,0.993116,0.998003,0.997469,0.999674,0.298402,0.343115
4,B_Normal_Reset,B,False,True,392,2640980810422073861,0.995444,0.997690,0.996774,0.998979,0.190263,0.220986
4,B_Normal_Reset,B,False,True,393,11809211159993754704,0.999661,0.999942,0.999067,0.999834,0.150776,0.186255
4,B_Normal_Reset,B,False,True,394,8609684373774746306,0.970941,0.993764,0.987571,0.998593,1.378397,1.462143
4,B_Normal_Reset,B,False,True,395,15774295048824837855,0.979017,0.989747,0.994578,0.997316,0.206380,0.258066
4,B_Normal_Reset,B,False,True,396,7180896328163642927,0.999743,0.999482,0.999560,0.999761,0.083815,0.113626
4,B_Normal_Reset,B,False,True,397,9223929736664944972,1.000000,0.999571,0.995143,0.998864,0.344853,0.395337
4,B_Normal_Reset,B,False,True,398,6662389586227225029,0.999543,0.999994,0.996468,0.999791,0.457623,0.513464
4,B_Normal_Reset,B,False,True,399,7279822158783185612,0.999169,0.998281,0.993505,0.998923,0.725724,0.803273
4,B_Normal_Reset,B,False,True,400,14473925788143703571,0.999533,0.999997,0.996870,0.999404,0.193781,0.219011
4,B_Normal_Reset,B,False,True,401,12759831552250721822,0.999663,0.998819,0.998065,0.998802,0.185995,0.222531
4,B_Normal_Reset,B,False,True,402,12718551063702956091,0.971221,0.993448,0.992864,0.997897,0.465691,0.550419
4,B_Normal_Reset,B,False,True,403,17362679908956854416,0.996718,0.997338,0.998682,0.998811,0.292132,0.340731
4,B_Normal_Reset,B,False,True,404,10558337806845279160,0.999747,0.999726,0.999313,0.999500,0.141316,0.169960
4,B_Normal_Reset,B,False,True,405,14147433282450940188,0.993358,0.998801,0.999221,0.999678,0.079035,0.117613
4,B_Normal_Reset,B,False,True,406,10585709245846637275,0.998308,0.999915,0.992596,0.999518,0.846576,0.898339
4,B_Normal_Reset,B,False,True,407,1330037159026884042,0.999906,0.999375,0.998224,0.999865,0.277435,0.315428
4,B_Normal_Reset,B,False,True,408,9095166289472366546,0.998380,0.997630,0.999531,0.999448,0.063430,0.085984
4,B_Normal_Reset,B,False,True,409,9673780615900925220,0.999970,0.997949,0.999169,0.997808,0.219537,0.257341
4,B_Normal_Reset,B,False,True,410,11945465855578221599,0.986483,0.991198,0.987135,0.994535,0.525210,0.557576
4,B_Normal_Reset,B,False,True,411,14901548135623724655,0.998042,0.999938,0.999700,0.999557,0.101236,0.118704
4,B_Normal_Reset,B,False,True,412,13735358961173935715,0.988223,0.992054,0.994779,0.997439,0.247263,0.286685
4,B_Normal_Reset,B,False,True,413,10872606218741436302,0.994066,0.996201,0.995406,0.998026,0.307698,0.344484
4,B_Normal_Reset,B,False,True,414,5226599718607889743,0.977558,0.996380,0.994886,0.998592,0.505486,0.595680
4,B_Normal_Reset,B,False,True,415,10445612587732087447,0.997366,0.994001,0.991372,0.995222,0.494353,0.565619
4,B_Normal_Reset,B,False,True,416,5280202581303189802,0.999939,0.998282,0.997971,0.999395,0.208722,0.256412
4,B_Normal_Reset,B,False,True,417,5903521675899011783,0.985429,0.997563,0.994748,0.998863,0.761917,0.868585
4,B_Normal_Reset,B,False,True,418,13381292489238355568,0.999888,0.999653,0.999236,0.999327,0.095641,0.142078
4,B_Normal_Reset,B,False,True,419,521399106779792620,0.998660,0.999073,0.999707,0.998817,0.184798,0.208889
4,B_Normal_Reset,B,False,True,420,7263454221772265634,0.994465,0.998822,0.994891,0.998371,0.339667,0.414824
4,B_Normal_Reset,B,False,True,421,14805413279461227400,0.999461,0.999858,0.999884,0.999933,0.027169,0.055547
4,B_Normal_Reset,B,False,True,422,383906884391430390,0.999849,0.999708,0.998355,0.999486,0.120193,0.152711
4,B_Normal_Reset,B,False,True,423,403551740576498518,0.992949,0.992458,0.981231,0.993615,0.953199,0.954182
4,B_Normal_Reset,B,False,True,424,2221987531252742219,0.999594,0.999992,0.990592,0.999755,1.558733,1.560242
4,B_Normal_Reset,B,False,True,425,7149884058834042112,0.999832,0.999760,0.997599,0.998791,0.213356,0.244887
4,B_Normal_Reset,B,False,True,426,10305849176686867646,0.999986,0.999997,0.999508,0.999829,0.155130,0.174865
4,B_Normal_Reset,B,False,True,427,12122276012677136960,0.999975,0.999745,0.999630,0.999622,0.237834,0.256103
4,B_Normal_Reset,B,False,True,428,15224922083507626205,0.983792,0.995392,0.993030,0.997433,0.268538,0.303434
4,B_Normal_Reset,B,False,True,429,9870187588390635439,0.994234,0.995322,0.998653,0.999400,0.092446,0.120902
4,B_Normal_Reset,B,False,True,430,2898947405534718854,0.999782,0.999950,0.998058,0.999799,0.189059,0.219839
4,B_Normal_Reset,B,False,True,431,4907194628342827808,0.999991,0.999062,0.997177,0.998212,0.155069,0.214555
4,B_Normal_Reset,B,False,True,432,10919987236181451868,0.999522,0.999913,0.991634,0.999185,1.214447,1.228872
4,B_Normal_Reset,B,False,True,433,2265773617053649364,0.981299,0.992201,0.995745,0.997741,0.129063,0.190123
4,B_Normal_Reset,B,False,True,434,8237389989743132993,0.997898,0.998149,0.998910,0.999256,0.193728,0.216445
4,B_Normal_Reset,B,False,True,435,16975313142737833765,0.990064,0.999536,0.995190,0.998466,0.285327,0.361949
4,B_Normal_Reset,B,False,True,436,11954366773646924966,0.980945,0.998683,0.996796,0.999288,0.281076,0.398117
4,B_Normal_Reset,B,False,True,437,1494720197595147191,0.998996,0.999985,0.998119,0.998890,0.359187,0.430806
4,B_Normal_Reset,B,False,True,438,15646451840107693550,0.993792,0.999969,0.996485,0.999567,0.488687,0.563721
4,B_Normal_Reset,B,False,True,439,3964804373259508822,0.999512,0.999999,0.998767,0.999731,0.184707,0.217160
4,B_Normal_Reset,B,False,True,440,2977139424082808304,0.975731,0.994474,0.993118,0.998531,0.408137,0.496908
4,B_Normal_Reset,B,False,True,441,15775008674675338212,0.999337,0.999574,0.999201,0.999505,0.195884,0.235773
4,B_Normal_Reset,B,False,True,442,292743298535807759,0.996540,0.999073,0.995509,0.999631,0.775686,0.803954
4,B_Normal_Reset,B,False,True,443,6257186497862431692,0.990648,0.999165,0.993450,0.999172,0.814434,0.880186
4,B_Normal_Reset,B,False,True,444,14798310584847669954,0.997219,0.997963,0.998912,0.999584,0.093923,0.131925
4,B_Normal_Reset,B,False,True,445,13427743356024739086,0.961182,0.992834,0.984830,0.997199,1.266162,1.392872
4,B_Normal_Reset,B,False,True,446,456108271268776041,0.996794,0.998742,0.999087,0.999466,0.169989,0.199209
4,B_Normal_Reset,B,False,True,447,1483302835457416281,0.999545,0.999999,0.999459,0.999890,0.074580,0.115956
4,B_Normal_Reset,B,False,True,448,1496996936810118706,0.999524,0.996377,0.998637,0.997071,0.135998,0.181034
4,B_Normal_Reset,B,False,True,449,264911038836970478,0.997747,0.999112,0.998339,0.999549,0.138368,0.164591
4,B_Normal_Reset,B,False,True,450,2213868057288655052,0.999965,0.999888,0.999602,0.999927,0.085064,0.107258
4,B_Normal_Reset,B,False,True,451,5676420639621395993,0.998924,0.999816,0.998668,0.999664,0.126080,0.191517
4,B_Normal_Reset,B,False,True,452,347734455151712517,0.999995,0.999991,0.998684,0.999915,0.168699,0.205853
4,B_Normal_Reset,B,False,True,453,9536091061931750663,0.994352,0.996998,0.998052,0.999159,0.147225,0.177429
4,B_Normal_Reset,B,False,True,454,15313107255272390245,0.993241,0.991661,0.998952,0.997779,0.257962,0.290393
4,B_Normal_Reset,B,False,True,455,11592100190010158103,0.995674,0.999342,0.995621,0.999443,0.409693,0.462858
4,B_Normal_Reset,B,False,True,456,9187688739543109041,0.998400,0.999333,0.999183,0.999743,0.105889,0.136122
4,B_Normal_Reset,B,False,True,457,7319282501666343712,0.998264,0.995643,0.995853,0.995855,0.104977,0.129859
4,B_Normal_Reset,B,False,True,458,7115726837011628407,0.999970,0.999919,0.998221,0.999749,0.302314,0.337493
4,B_Normal_Reset,B,False,True,459,13309981123024171312,0.998172,0.998599,0.985485,0.997905,1.203403,1.222725
4,B_Normal_Reset,B,False,True,460,13507344318770883168,0.983745,0.980947,0.994574,0.993080,0.163083,0.187055
4,B_Normal_Reset,B,False,True,461,8555061863943777006,0.997579,0.998945,0.996199,0.999516,0.357123,0.421314
4,B_Normal_Reset,B,False,True,462,12131989214169471985,0.999244,0.999999,0.999460,0.999815,0.156443,0.177850
4,B_Normal_Reset,B,False,True,463,17603233655973556718,0.999862,0.999618,0.998785,0.998989,0.081363,0.110364
4,B_Normal_Reset,B,False,True,464,4077672671045008465,0.993324,0.997602,0.996258,0.997637,0.115302,0.148452
4,B_Normal_Reset,B,False,True,465,12294235996684277232,0.998829,0.997565,0.998854,0.999666,0.254906,0.347603
4,B_Normal_Reset,B,False,True,466,2887252300284078697,0.999344,0.999821,0.996667,0.999650,0.286338,0.335858
4,B_Normal_Reset,B,False,True,467,6535833029144356442,0.994315,0.992873,0.993688,0.996866,0.175723,0.183678
4,B_Normal_Reset,B,False,True,468,17887825840752352867,0.999002,0.999758,0.999013,0.999159,0.261678,0.320217
4,B_Normal_Reset,B,False,True,469,15124031029653161705,0.998643,0.999101,0.995930,0.999379,0.357471,0.399882
4,B_Normal_Reset,B,False,True,470,12136549336897064987,0.993775,0.995789,0.998852,0.999186,0.101266,0.143486
4,B_Normal_Reset,B,False,True,471,9923038336785333793,0.999996,1.000000,0.996883,0.999231,0.202366,0.229234
4,B_Normal_Reset,B,False,True,472,9707359929807640848,0.985258,0.999298,0.998177,0.999835,0.226177,0.349666
4,B_Normal_Reset,B,False,True,473,3438549073097095939,0.990881,0.991252,0.993495,0.996914,1.560437,1.590024
4,B_Normal_Reset,B,False,True,474,15978610349140385727,0.999313,0.998356,0.999031,0.999220,0.099279,0.133053
4,B_Normal_Reset,B,False,True,475,11806130645815266363,0.999371,0.999682,0.994211,0.998520,0.330549,0.366303
4,B_Normal_Reset,B,False,True,476,6759232454094063428,0.997080,0.998588,0.999023,0.999766,0.226299,0.267456
4,B_Normal_Reset,B,False,True,477,271726229368695133,0.999989,0.999612,0.999504,0.999830,0.177465,0.187601
4,B_Normal_Reset,B,False,True,478,6106149522854459026,0.985004,0.999314,0.997759,0.999759,0.213542,0.301042
4,B_Normal_Reset,B,False,True,479,2475759838524978415,0.998727,0.999933,0.998822,0.999512,0.117374,0.149601
4,B_Normal_Reset,B,False,True,480,17957800894717945400,0.999995,0.999831,0.999074,0.999647,0.091181,0.117400
4,B_Normal_Reset,B,False,True,481,17401220352912735009,0.999994,0.999691,0.999457,0.999689,0.223101,0.244321
4,B_Normal_Reset,B,False,True,482,12607672292271839496,0.984384,0.996107,0.997698,0.999232,0.153924,0.223272
4,B_Normal_Reset,B,False,True,483,1872944498210773301,0.999884,0.999990,0.999435,0.999900,0.130524,0.146731
4,B_Normal_Reset,B,False,True,484,16616046658580249912,0.999122,0.999767,0.998413,0.999732,0.216105,0.248112
4,B_Normal_Reset,B,False,True,485,4585205350410528294,0.998081,0.996696,0.999211,0.998347,0.132849,0.150850
4,B_Normal_Reset,B,False,True,486,5451957179634111445,0.965077,0.986425,0.991396,0.995336,0.176888,0.239018
4,B_Normal_Reset,B,False,True,487,8776813462076137764,0.971088,0.985820,0.986588,0.995449,0.454709,0.492206
4,B_Normal_Reset,B,False,True,488,12367292256188848277,0.995386,0.994008,0.998603,0.997529,0.121828,0.155569
4,B_Normal_Reset,B,False,True,489,256960286494900102,0.997125,0.999903,0.998707,0.999338,0.121086,0.163179
4,B_Normal_Reset,B,False,True,490,2631351571439370108,0.997081,0.996289,0.998268,0.999252,0.124500,0.159721
4,B_Normal_Reset,B,False,True,491,17288798144707749225,0.999551,0.999035,0.999788,0.999599,0.111967,0.157706
4,B_Normal_Reset,B,False,True,492,10047884726920904821,0.998125,0.998135,0.992455,0.998701,0.927677,0.928396
4,B_Normal_Reset,B,False,True,493,12999166319462278191,0.999981,0.999895,0.999332,0.999833,0.103280,0.135867
4,B_Normal_Reset,B,False,True,494,993595291150598627,0.999548,0.999264,0.998359,0.999245,0.074262,0.094829
4,B_Normal_Reset,B,False,True,495,16382741912621750599,0.999665,0.999986,0.999296,0.999888,0.149304,0.186321
4,B_Normal_Reset,B,False,True,496,8822383295296814967,0.998363,0.997886,0.997818,0.999277,0.161217,0.207542
4,B_Normal_Reset,B,False,True,497,11026437255584259325,0.999941,0.998946,0.994485,0.997892,0.421617,0.473830
4,B_Normal_Reset,B,False,True,498,2816243761059277210,0.994611,0.997362,0.986308,0.997691,1.454006,1.477842
4,B_Normal_Reset,B,False,True,499,3672652725783142504,0.999156,0.999978,0.998452,0.999754,0.134728,0.173986
4,B_Normal_Reset,B,False,True,500,7453935379079634963,0.987840,0.992498,0.988670,0.995560,0.547221,0.568011
4,B_Normal_Reset,B,False,True,501,6665729053895938176,0.999999,0.999991,0.994094,0.999050,0.579095,0.608670
4,B_Normal_Reset,B,False,True,502,7289228115327254612,0.998397,0.998672,0.992349,0.999216,0.661624,0.703984
4,B_Normal_Reset,B,False,True,503,6452901098815432025,0.992824,0.997041,0.998263,0.998690,0.288082,0.315867
4,B_Normal_Reset,B,False,True,504,3474397515666470998,0.995267,0.999693,0.998121,0.999564,0.210947,0.247007
4,B_Normal_Reset,B,False,True,505,13833515672352153005,0.996398,0.999991,0.997995,0.999920,0.263511,0.315395
4,B_Normal_Reset,B,False,True,506,16256444848997999507,0.984578,0.989971,0.993328,0.998023,0.535291,0.557346
4,B_Normal_Reset,B,False,True,507,438642598951344849,0.988642,0.994205,0.996985,0.997791,0.114150,0.135609
4,B_Normal_Reset,B,False,True,508,10227786534359134626,0.998593,0.998551,0.981300,0.992849,0.848059,0.891746
4,B_Normal_Reset,B,False,True,509,7062060942999477534,0.990509,0.995822,0.997605,0.998452,0.124323,0.162370
4,B_Normal_Reset,B,False,True,510,11047909941807736974,0.997319,0.998941,0.997361,0.999798,0.451397,0.500720
4,B_Normal_Reset,B,False,True,511,6088772287997509968,0.997490,0.998384,0.999627,0.999652,0.162678,0.187672
4,B_Normal_Reset,B,False,True,512,17497270724247210977,0.993068,0.997123,0.998383,0.999291,0.110962,0.134569
4,B_Normal_Reset,B,False,True,513,5156064370934777779,0.999941,0.997959,0.995878,0.999073,0.345869,0.402387
4,B_Normal_Reset,B,False,True,514,4977311749687948286,0.989596,0.998479,0.998580,0.999740,0.191405,0.261470
4,B_Normal_Reset,B,False,True,515,12885084196127542758,0.998055,0.999623,0.996695,0.999447,0.216602,0.247477
4,B_Normal_Reset,B,False,True,516,3835670633938218903,0.999307,0.998308,0.989441,0.997825,0.877659,0.919861
4,B_Normal_Reset,B,False,True,517,4097346206762420373,0.971966,0.998737,0.994805,0.999610,0.879540,1.062811
4,B_Normal_Reset,B,False,True,518,17522173808873174372,0.996356,0.999667,0.996545,0.999137,0.262731,0.345804
4,B_Normal_Reset,B,False,True,519,11928999994455355449,0.997051,0.998331,0.993795,0.999104,0.524917,0.556609
4,B_Normal_Reset,B,False,True,520,10300489534835611780,0.997788,0.997984,0.999251,0.999136,0.131624,0.170657
4,B_Normal_Reset,B,False,True,521,6777612278451114137,0.996923,0.999721,0.997299,0.999696,0.358420,0.423885
4,B_Normal_Reset,B,False,True,522,13557094957571444485,0.991154,0.993882,0.997829,0.998575,0.180304,0.202905
4,B_Normal_Reset,B,False,True,523,9378205860577204020,0.999315,0.999800,0.998344,0.999265,0.071131,0.090691
4,B_Normal_Reset,B,False,True,524,1926479795926044285,0.999915,0.998787,0.998849,0.999078,0.143886,0.187139
4,B_Normal_Reset,B,False,True,525,3191151624069684756,0.998567,0.999973,0.998872,0.999562,0.157756,0.212643
4,B_Normal_Reset,B,False,True,526,2940554896110185628,0.959734,0.973747,0.989835,0.992144,0.197959,0.243844
4,B_Normal_Reset,B,False,True,527,18251823215371752384,0.997049,0.995174,0.997975,0.998719,0.198161,0.232449
4,B_Normal_Reset,B,False,True,528,13386745393497906177,0.996210,0.999962,0.997816,0.999219,0.170233,0.222531
4,B_Normal_Reset,B,False,True,529,18126316436064149694,0.999869,0.999999,0.998652,0.999845,0.154924,0.196271
4,B_Normal_Reset,B,False,True,530,3465291116152903954,0.998708,0.999095,0.997645,0.999054,0.160345,0.198417
4,B_Normal_Reset,B,False,True,531,13546636883824404447,0.999791,0.998347,0.999303,0.999125,0.525282,0.555570
4,B_Normal_Reset,B,False,True,532,8468177054489425895,0.998448,0.999997,0.987564,0.999014,1.390228,1.403154
4,B_Normal_Reset,B,False,True,533,5414622235759690348,0.993825,0.998801,0.997493,0.999608,0.216675,0.278389
4,B_Normal_Reset,B,False,True,534,10915752051203825228,0.998253,0.999933,0.996951,0.999795,0.569066,0.599262
4,B_Normal_Reset,B,False,True,535,18444054944239431857,0.992033,0.996733,0.997280,0.998598,0.164273,0.212520
4,B_Normal_Reset,B,False,True,536,8749396544230449529,0.999821,0.999986,0.998902,0.999676,0.125848,0.164430
4,B_Normal_Reset,B,False,True,537,17872085532692819469,0.987455,0.997477,0.996430,0.999529,0.438223,0.523515
4,B_Normal_Reset,B,False,True,538,18376993869412491481,0.999928,0.998235,0.995829,0.997777,0.206988,0.248943
4,B_Normal_Reset,B,False,True,539,6684528741981915326,0.992320,0.996182,0.999224,0.998929,0.176012,0.201435
4,B_Normal_Reset,B,False,True,540,8328307235219318255,0.996081,0.994688,0.997425,0.997672,0.131635,0.164537
4,B_Normal_Reset,B,False,True,541,3485535884919158321,0.995031,0.999991,0.999273,0.999803,0.125095,0.179274
4,B_Normal_Reset,B,False,True,542,7964358434212651101,0.999353,0.997580,0.998208,0.999398,0.205431,0.234255
4,B_Normal_Reset,B,False,True,543,10577082782531071310,0.998474,0.995427,0.992327,0.994637,0.201962,0.242654
4,B_Normal_Reset,B,False,True,544,4575456623398505779,0.999005,0.994263,0.988322,0.997272,0.882296,0.948976
4,B_Normal_Reset,B,False,True,545,9625799739784314265,0.991354,0.994075,0.990494,0.997743,0.982445,1.008276
4,B_Normal_Reset,B,False,True,546,581184361819972945,0.979616,0.987242,0.992692,0.995846,0.245127,0.253204
4,B_Normal_Reset,B,False,True,547,12133073861700888112,0.998266,0.999701,0.996132,0.999647,0.366620,0.408986
4,B_Normal_Reset,B,False,True,548,12681033476175893852,0.999665,0.999547,0.999408,0.999676,0.129726,0.177474
4,B_Normal_Reset,B,False,True,549,15495471323882769847,0.997092,0.999228,0.999076,0.999758,0.117962,0.157214
4,B_Normal_Reset,B,False,True,550,6890635665347161745,0.999956,0.999764,0.999640,0.999753,0.082806,0.120550
4,B_Normal_Reset,B,False,True,551,2328054207638689768,0.965891,0.996277,0.991946,0.999398,0.770302,0.902702
4,B_Normal_Reset,B,False,True,552,5831427651877701168,0.992062,0.997662,0.996174,0.998625,0.133350,0.169057
4,B_Normal_Reset,B,False,True,553,9201117669743614330,0.984952,0.996790,0.996909,0.999684,0.353981,0.413868
4,B_Normal_Reset,B,False,True,554,11012953308792045068,0.997874,0.999067,0.996162,0.999287,0.816598,0.901927
4,B_Normal_Reset,B,False,True,555,1644962019774675371,0.988904,0.998962,0.998272,0.999171,0.201366,0.297757
4,B_Normal_Reset,B,False,True,556,17447978072300204279,0.990551,0.999995,0.995048,0.999259,0.416692,0.533696
4,B_Normal_Reset,B,False,True,557,2253403570029532159,0.982153,0.995364,0.991900,0.997873,0.479985,0.546247
4,B_Normal_Reset,B,False,True,558,16694981141797668345,0.999990,0.999892,0.998813,0.999622,0.093927,0.112786
4,B_Normal_Reset,B,False,True,559,17381585568662753460,0.999823,0.999999,0.996340,0.999852,0.373537,0.412064
4,B_Normal_Reset,B,False,True,560,17380454326898985355,0.999913,0.999979,0.999105,0.999645,0.140262,0.144471
4,B_Normal_Reset,B,False,True,561,3165065565371330469,0.997420,0.999860,0.996895,0.999755,0.525340,0.576939
4,B_Normal_Reset,B,False,True,562,4474458872915526816,0.982158,0.997996,0.996156,0.999450,0.486191,0.573320
4,B_Normal_Reset,B,False,True,563,17303801617587193944,0.961614,0.977999,0.988646,0.994196,0.304397,0.375125
4,B_Normal_Reset,B,False,True,564,4519038443332210533,0.999793,0.998400,0.999012,0.999351,0.110158,0.167109
4,B_Normal_Reset,B,False,True,565,11934171247625959855,0.984698,0.991615,0.996074,0.996823,0.092518,0.118799
4,B_Normal_Reset,B,False,True,566,3430920731799949717,0.999553,0.999903,0.997711,0.999578,0.319187,0.356189
4,B_Normal_Reset,B,False,True,567,14060756682767589621,0.998226,0.999999,0.999365,0.999841,0.146358,0.197192
4,B_Normal_Reset,B,False,True,568,6664645938888453073,0.999718,0.999997,0.999030,0.999911,0.216354,0.248837
4,B_Normal_Reset,B,False,True,569,9196934225163203941,0.999951,0.999960,0.998472,0.999849,0.172936,0.197096
4,B_Normal_Reset,B,False,True,570,14371446508133045172,0.999998,0.999402,0.997034,0.998936,0.226615,0.286286
4,B_Normal_Reset,B,False,True,571,12442001350507535526,0.999526,1.000000,0.999469,0.999726,0.079846,0.094224
4,B_Normal_Reset,B,False,True,572,1362944997935068651,0.997103,0.994413,0.995120,0.997470,0.103960,0.159041
4,B_Normal_Reset,B,False,True,573,18070419136951796095,0.997510,0.999809,0.998872,0.999661,0.235307,0.276078
4,B_Normal_Reset,B,False,True,574,6324583360741798367,0.988715,0.999038,0.998025,0.999762,0.234334,0.307524
4,B_Normal_Reset,B,False,True,575,17136380547495703510,0.988261,0.999925,0.998260,0.998455,0.884744,1.050620
4,B_Normal_Reset,B,False,True,576,9401777242487715290,0.999910,0.999990,0.997278,0.999928,0.467093,0.488599
4,B_Normal_Reset,B,False,True,577,11766852509413496508,0.996423,0.996469,0.996062,0.997513,0.501423,0.551724
4,B_Normal_Reset,B,False,True,578,13062857761588684499,0.999990,0.997573,0.993843,0.997872,0.442300,0.500667
4,B_Normal_Reset,B,False,True,579,16776264467854882311,0.999971,0.999406,0.998895,0.998876,0.106767,0.140019
4,B_Normal_Reset,B,False,True,580,12671534267829339623,0.988824,0.999703,0.997339,0.999819,0.324790,0.413754
4,B_Normal_Reset,B,False,True,581,12884039387351830931,0.999135,0.999880,0.998883,0.999678,0.149720,0.206062
4,B_Normal_Reset,B,False,True,582,15674957606075060608,0.980445,0.990319,0.993397,0.996345,0.157460,0.199438
4,B_Normal_Reset,B,False,True,583,18296338791403864536,0.999613,0.997650,0.999426,0.999619,0.104688,0.156156
4,B_Normal_Reset,B,False,True,584,13508020348431010794,0.998429,0.999242,0.998853,0.999491,0.300714,0.398804
4,B_Normal_Reset,B,False,True,585,4157444339647954956,0.998709,0.997009,0.996910,0.997362,0.135525,0.158212
4,B_Normal_Reset,B,False,True,586,1318263560309467107,0.998267,0.999646,0.998642,0.999574,0.570487,0.597236
4,B_Normal_Reset,B,False,True,587,11489786644813119448,0.989135,0.994009,0.995155,0.997774,0.290874,0.357595
4,B_Normal_Reset,B,False,True,588,754314340843111840,0.991747,0.997677,0.988302,0.998984,1.380368,1.402217
4,B_Normal_Reset,B,False,True,589,14267396214398235228,0.997407,0.998136,0.998240,0.998570,0.110991,0.138559
4,B_Normal_Reset,B,False,True,590,710261967003321986,0.994342,0.996419,0.997360,0.998029,0.053816,0.086544
4,B_Normal_Reset,B,False,True,591,18072777342938224847,0.989454,0.994386,0.992343,0.998455,0.698585,0.722415
4,B_Normal_Reset,B,False,True,592,13636981819875710652,0.998955,0.999815,0.999604,0.999902,0.073933,0.118026
4,B_Normal_Reset,B,False,True,593,73401438703925622,0.999411,0.997257,0.995512,0.997618,0.321639,0.390914
4,B_Normal_Reset,B,False,True,594,2540529951354886931,0.980756,0.991071,0.992229,0.996161,0.264919,0.321203
4,B_Normal_Reset,B,False,True,595,4034371085503611440,0.997097,0.992434,0.992048,0.995235,0.231881,0.266463
4,B_Normal_Reset,B,False,True,596,16539258268529919362,0.996959,0.996477,0.991458,0.998584,0.784600,0.807012
4,B_Normal_Reset,B,False,True,597,8399201293430408009,0.994543,0.994200,0.996723,0.995838,0.146174,0.168212
4,B_Normal_Reset,B,False,True,598,9349982179470055306,0.989497,0.995567,0.995363,0.999446,0.419048,0.490660
4,B_Normal_Reset,B,False,True,599,3033973745517949973,0.994178,0.996831,0.998747,0.999123,0.184983,0.202843
4,B_Normal_Reset,B,False,True,600,13801145870850269209,0.995714,0.999020,0.997083,0.999448,0.233745,0.263842
4,B_Normal_Reset,B,False,True,601,5600386634913794315,0.999728,0.998311,0.998284,0.998916,0.133685,0.182813
4,B_Normal_Reset,B,False,True,602,11312592773880733311,0.999977,0.999923,0.999391,0.999730,0.058350,0.086916
4,B_Normal_Reset,B,False,True,603,11147238823858885251,0.999359,0.998102,0.997808,0.999807,0.500162,0.537802
4,B_Normal_Reset,B,False,True,604,8798653164044202217,0.996104,0.992845,0.998261,0.998300,0.133469,0.179507
4,B_Normal_Reset,B,False,True,605,17492494288605755160,0.999980,0.999859,0.998490,0.999509,0.121806,0.137491
4,B_Normal_Reset,B,False,True,606,1713598537973792750,0.970075,0.989436,0.990145,0.997493,0.632853,0.701673
4,B_Normal_Reset,B,False,True,607,5956246367822418055,0.990064,0.999971,0.998010,0.999466,0.486624,0.556321
4,B_Normal_Reset,B,False,True,608,8054615616476042009,0.997056,0.999763,0.992777,0.999939,1.086250,1.154905
4,B_Normal_Reset,B,False,True,609,6862370891075639598,0.999830,0.999775,0.998938,0.999765,0.110762,0.146521
4,B_Normal_Reset,B,False,True,610,16727248047654303716,0.999299,0.999473,0.992548,0.995897,0.233295,0.266111
4,B_Normal_Reset,B,False,True,611,13786173865430158635,0.999415,0.998507,0.994960,0.999468,0.793992,0.800621
4,B_Normal_Reset,B,False,True,612,3796612769720964776,0.996620,0.999318,0.998946,0.999753,0.204087,0.257843
4,B_Normal_Reset,B,False,True,613,11458247325779488399,1.000000,0.999999,0.997926,0.999642,0.274899,0.308934
4,B_Normal_Reset,B,False,True,614,16159396590972006170,0.998270,0.999979,0.996635,0.999872,0.537823,0.585745
4,B_Normal_Reset,B,False,True,615,7432197195043605947,0.999856,0.999984,0.998391,0.999460,0.115794,0.153497
4,B_Normal_Reset,B,False,True,616,8874064061934564496,0.981839,0.989817,0.990655,0.994303,0.314296,0.356715
4,B_Normal_Reset,B,False,True,617,5671735136932609666,0.995258,0.995317,0.996399,0.997476,0.110238,0.153719
4,B_Normal_Reset,B,False,True,618,3121370126607569920,0.999533,0.998950,0.995209,0.998582,0.236817,0.281051
4,B_Normal_Reset,B,False,True,619,6058393015700383342,0.999464,0.999286,0.998019,0.999170,0.173948,0.225821
4,B_Normal_Reset,B,False,True,620,8136032224250822368,0.998485,0.999997,0.999159,0.999743,0.181181,0.226594
4,B_Normal_Reset,B,False,True,621,4452338593686688714,0.987983,0.992828,0.994807,0.995407,0.109551,0.143159
4,B_Normal_Reset,B,False,True,622,9390277841715094507,0.989483,0.988399,0.986761,0.996009,0.715392,0.780284
4,B_Normal_Reset,B,False,True,623,13609557914577575673,0.914994,0.986566,0.982282,0.997721,1.879868,2.192779
4,B_Normal_Reset,B,False,True,624,17795013564354850536,0.999993,0.999569,0.993607,0.998513,0.468069,0.505735
4,B_Normal_Reset,B,False,True,625,14070497985039312693,0.999672,0.998941,0.998565,0.999562,0.169627,0.209429
4,B_Normal_Reset,B,False,True,626,5516529049330716371,0.998833,0.999067,0.999330,0.999738,0.101907,0.137660
4,B_Normal_Reset,B,False,True,627,5072450300889699155,0.993675,0.997479,0.997816,0.999321,0.140661,0.193027
4,B_Normal_Reset,B,False,True,628,7351132641262746609,0.963738,0.975131,0.982446,0.991988,0.541063,0.587785
4,B_Normal_Reset,B,False,True,629,6015280712858295106,0.985890,0.993401,0.989800,0.997247,0.642338,0.692109
4,B_Normal_Reset,B,False,True,630,6904144962344222832,0.993990,0.998834,0.994882,0.999291,0.445031,0.486833
4,B_Normal_Reset,B,False,True,631,3130298815052674898,0.994063,0.994693,0.998333,0.998310,0.081048,0.097221
4,B_Normal_Reset,B,False,True,632,1875225780739988868,0.978651,0.990333,0.989407,0.996359,0.656109,0.704568
4,B_Normal_Reset,B,False,True,633,5209845116554960873,0.991124,0.992813,0.997676,0.997243,0.104699,0.144130
4,B_Normal_Reset,B,False,True,634,10225451178984034682,0.986118,0.992775,0.988147,0.995900,0.486612,0.544082
4,B_Normal_Reset,B,False,True,635,4793624816582979362,0.990767,0.996986,0.998125,0.999264,0.300934,0.346273
4,B_Normal_Reset,B,False,True,636,1237777816064320174,0.996973,0.998961,0.998393,0.999720,0.186422,0.218749
4,B_Normal_Reset,B,False,True,637,5170411588328951822,0.999992,0.999887,0.998690,0.999803,0.147972,0.163504
4,B_Normal_Reset,B,False,True,638,1927564042599310855,0.994073,0.996405,0.994475,0.998959,0.391738,0.417339
4,B_Normal_Reset,B,False,True,639,16920330944084958381,0.999999,0.999455,0.998975,0.999621,0.167667,0.202538
4,B_Normal_Reset,B,False,True,640,8833786988349928135,0.980135,0.999536,0.995243,0.999078,0.808650,1.008122
4,B_Normal_Reset,B,False,True,641,9629548752371697932,0.997333,0.999855,0.995466,0.999895,0.737559,0.790660
4,B_Normal_Reset,B,False,True,642,13124068866582708920,0.996171,0.998122,0.997835,0.998963,0.360032,0.373704
4,B_Normal_Reset,B,False,True,643,9009673557491966736,0.996803,0.998737,0.998534,0.999673,0.115667,0.158872
4,B_Normal_Reset,B,False,True,644,16902829922176100173,0.999383,0.999999,0.998789,0.999627,0.079731,0.114832
4,B_Normal_Reset,B,False,True,645,1275465417983149920,0.999115,0.995486,0.995875,0.996533,0.165723,0.176523
4,B_Normal_Reset,B,False,True,646,9721684548029972145,0.999875,0.999852,0.999426,0.999794,0.058793,0.092138
4,B_Normal_Reset,B,False,True,647,1643112549560007903,0.999371,0.999890,0.999338,0.999675,0.148184,0.188999
4,B_Normal_Reset,B,False,True,648,1177742434219718488,0.974897,0.993146,0.997362,0.999128,0.538105,0.590989
4,B_Normal_Reset,B,False,True,649,9624211161914345723,0.971912,0.985497,0.990423,0.996703,0.541316,0.592292
4,B_Normal_Reset,B,False,True,650,1656353895019673894,0.999963,0.999462,0.995206,0.999895,0.943877,0.953397
4,B_Normal_Reset,B,False,True,651,1092249438304765113,0.988319,0.996444,0.995210,0.999012,0.429016,0.495138
4,B_Normal_Reset,B,False,True,652,9571273421515110770,0.999832,0.999628,0.999652,0.999930,0.146596,0.181264
4,B_Normal_Reset,B,False,True,653,1674955443735662665,0.995437,0.999072,0.999517,0.999775,0.085352,0.118408
4,B_Normal_Reset,B,False,True,654,1726897388948188338,0.999999,0.998321,0.998714,0.998896,0.862343,0.890289
4,B_Normal_Reset,B,False,True,655,1524430206134823331,0.997359,0.997526,0.998707,0.999263,0.069193,0.085929
4,B_Normal_Reset,B,False,True,656,2327284608733004248,0.986524,0.999574,0.998413,0.999748,0.333503,0.462094
4,B_Normal_Reset,B,False,True,657,18393559563187149756,0.983776,0.993187,0.986636,0.997477,1.388932,1.429770
4,B_Normal_Reset,B,False,True,658,14649573902722231323,0.990371,0.993365,0.999124,0.998210,0.095587,0.134567
4,B_Normal_Reset,B,False,True,659,9092116433073079023,0.999988,0.999946,0.995078,0.998644,0.334321,0.363189
4,B_Normal_Reset,B,False,True,660,11515018506471335189,0.999556,0.999722,0.999753,0.999804,0.095171,0.132357
4,B_Normal_Reset,B,False,True,661,4729642632330754514,0.998051,0.999986,0.993530,0.998249,0.375037,0.410533
4,B_Normal_Reset,B,False,True,662,11734310642423392219,0.950646,0.983233,0.989324,0.996167,0.472652,0.563356
4,B_Normal_Reset,B,False,True,663,15600704780767534216,0.977359,0.993328,0.983801,0.995756,1.161408,1.249709
4,B_Normal_Reset,B,False,True,664,10247120327896211712,0.999588,0.999923,0.999442,0.999881,0.143586,0.185338
4,B_Normal_Reset,B,False,True,665,12927342824527474784,0.999994,0.999686,0.999625,0.999216,0.094425,0.116805
4,B_Normal_Reset,B,False,True,666,14253986849708514857,0.998057,0.998787,0.998088,0.999739,0.301174,0.310816
4,B_Normal_Reset,B,False,True,667,10067641835496002898,0.989768,0.996703,0.998487,0.999449,0.143981,0.189439
4,B_Normal_Reset,B,False,True,668,11858601029503596235,0.995674,0.999823,0.994166,0.999541,0.882457,0.927140
4,B_Normal_Reset,B,False,True,669,8193428905429002285,0.999681,0.997798,0.998034,0.998896,0.184277,0.233271
4,B_Normal_Reset,B,False,True,670,1005374626833023845,0.995410,0.995848,0.993669,0.997194,0.377476,0.394713
4,B_Normal_Reset,B,False,True,671,5695625719288287582,0.999961,0.999737,0.997795,0.999669,0.160304,0.218631
4,B_Normal_Reset,B,False,True,672,2838289562747089478,0.996991,0.998038,0.996816,0.998993,0.251981,0.279809
4,B_Normal_Reset,B,False,True,673,9200122045351414831,0.989296,0.986008,0.992870,0.995581,0.131998,0.163606
4,B_Normal_Reset,B,False,True,674,14914896206622375878,0.994247,0.997380,0.994592,0.997714,0.393294,0.451288
4,B_Normal_Reset,B,False,True,675,9441409801148097190,0.998213,0.999953,0.998350,0.999611,0.580215,0.627353
4,B_Normal_Reset,B,False,True,676,2350586202383356263,0.997756,0.999841,0.999019,0.999396,0.104006,0.153914
4,B_Normal_Reset,B,False,True,677,775399233465461731,0.999999,0.996975,0.999159,0.999261,0.287965,0.330575
4,B_Normal_Reset,B,False,True,678,5376119351011372191,0.998940,0.993766,0.997505,0.997109,0.126336,0.180866
4,B_Normal_Reset,B,False,True,679,3084003558463070394,0.998923,0.999899,0.999481,0.999884,0.117479,0.152568
4,B_Normal_Reset,B,False,True,680,11008196081990436630,0.984253,0.984639,0.996109,0.993737,0.120903,0.149736
4,B_Normal_Reset,B,False,True,681,3019776153957379499,0.997398,0.999836,0.995920,0.999867,0.922922,0.987422
4,B_Normal_Reset,B,False,True,682,7135741636658669410,0.998670,0.999926,0.998549,0.999373,0.116655,0.142226
4,B_Normal_Reset,B,False,True,683,4355808873980715651,0.991743,0.998572,0.994729,0.998585,0.263979,0.337893
4,B_Normal_Reset,B,False,True,684,15168234600887299565,0.980941,0.982570,0.990991,0.992774,0.135822,0.155294
4,B_Normal_Reset,B,False,True,685,10917204487507520841,0.986134,0.999259,0.997921,0.999264,0.213183,0.287743
4,B_Normal_Reset,B,False,True,686,14229828024741463640,0.993397,0.999943,0.998551,0.999426,0.256494,0.334931
4,B_Normal_Reset,B,False,True,687,13238776940803668247,0.995088,0.996733,0.998375,0.998730,0.475302,0.520620
4,B_Normal_Reset,B,False,True,688,274434694547564029,0.983690,0.989028,0.975790,0.993254,1.482367,1.488041
4,B_Normal_Reset,B,False,True,689,7337434223715440722,0.999570,0.999999,0.998793,0.999762,0.185870,0.198129
4,B_Normal_Reset,B,False,True,690,16560647799161801493,0.998399,0.999802,0.998767,0.999774,0.132445,0.177060
4,B_Normal_Reset,B,False,True,691,4142691677335526279,0.988482,0.997610,0.996628,0.999520,0.363992,0.411825
4,B_Normal_Reset,B,False,True,692,15916891289687996756,0.999999,0.999991,0.995648,0.999828,0.902661,0.926150
4,B_Normal_Reset,B,False,True,693,12640884657497514927,0.996116,0.988098,0.997590,0.995166,0.180608,0.218009
4,B_Normal_Reset,B,False,True,694,6153009137195884607,0.994600,0.999941,0.997165,0.999444,0.251018,0.287722
4,B_Normal_Reset,B,False,True,695,3906512355969061958,0.995849,0.998091,0.996536,0.999605,0.338872,0.369265
4,B_Normal_Reset,B,False,True,696,12704592921659764575,0.998393,0.999458,0.998478,0.999721,0.153446,0.189737
4,B_Normal_Reset,B,False,True,697,17104149686393382359,0.987768,0.993329,0.998590,0.998550,0.362600,0.394836
4,B_Normal_Reset,B,False,True,698,3592646502668425238,0.999984,0.999856,0.999624,0.999901,0.068773,0.107301
4,B_Normal_Reset,B,False,True,699,3812652919962149234,0.979289,0.997891,0.993144,0.998973,0.680245,0.796812
4,B_Normal_Reset,B,False,True,700,376899296286860921,0.996881,0.999234,0.996693,0.999395,0.323292,0.380057
4,B_Normal_Reset,B,False,True,701,5899369143115351930,0.999965,0.999860,0.997690,0.999226,0.177778,0.220391
4,B_Normal_Reset,B,False,True,702,13894555697785865530,0.978077,0.986386,0.974091,0.991053,1.154964,1.165697
4,B_Normal_Reset,B,False,True,703,10032360579970928949,0.993638,0.998364,0.993709,0.999263,0.679983,0.725443
4,B_Normal_Reset,B,False,True,704,512347542655504808,0.999990,0.999990,0.998790,0.999814,0.097738,0.119526
4,B_Normal_Reset,B,False,True,705,16002249125936987080,0.994049,0.996865,0.991072,0.997722,0.568363,0.593142
4,B_Normal_Reset,B,False,True,706,12810463095232312756,0.999415,0.999300,0.996111,0.998788,0.279384,0.302159
4,B_Normal_Reset,B,False,True,707,12986180506577221977,0.983438,0.993040,0.992690,0.997461,0.380053,0.430035
4,B_Normal_Reset,B,False,True,708,419471637166678997,0.996079,0.995794,0.995993,0.998965,0.398355,0.432059
4,B_Normal_Reset,B,False,True,709,2004056747651409545,0.992564,0.996849,0.998411,0.999416,0.151783,0.197287
4,B_Normal_Reset,B,False,True,710,13126059033728628169,0.997939,0.999156,0.994779,0.998752,0.388599,0.413084
4,B_Normal_Reset,B,False,True,711,15989041079062211103,0.992153,0.994731,0.998089,0.999089,0.275834,0.307111
4,B_Normal_Reset,B,False,True,712,9930874343934327244,0.985001,0.991773,0.988961,0.995965,0.580027,0.643339
4,B_Normal_Reset,B,False,True,713,5725895124624090927,0.995906,0.995883,0.996813,0.999181,0.262530,0.292145
4,B_Normal_Reset,B,False,True,714,3212720666874037181,0.999960,0.999797,0.998262,0.999651,0.117540,0.150319
4,B_Normal_Reset,B,False,True,715,8562347268298163571,0.998285,0.999621,0.997843,0.999659,0.234401,0.289916
4,B_Normal_Reset,B,False,True,716,12189849613508532008,0.996384,0.998686,0.996873,0.999614,0.394798,0.422272
4,B_Normal_Reset,B,False,True,717,2354693808565808428,0.993212,0.994446,0.988732,0.994383,0.224354,0.242896
4,B_Normal_Reset,B,False,True,718,18401749307665988966,0.984656,0.996554,0.993534,0.999416,0.725217,0.799810
4,B_Normal_Reset,B,False,True,719,130144250076018255,0.986242,0.994042,0.989633,0.997192,0.531511,0.577956
4,B_Normal_Reset,B,False,True,720,12620026994018723214,0.999085,0.995121,0.996501,0.996401,0.137582,0.178956
4,B_Normal_Reset,B,False,True,721,1757586354805229140,0.999999,0.999975,0.998276,0.999860,0.164052,0.205547
4,B_Normal_Reset,B,False,True,722,5623695106456159400,0.995757,0.999215,0.998934,0.999422,0.185859,0.237289
4,B_Normal_Reset,B,False,True,723,2937818772387893844,0.997197,0.997098,0.996204,0.996903,0.084847,0.112054
4,B_Normal_Reset,B,False,True,724,8573499205786407918,0.975971,0.993259,0.982602,0.995609,1.083852,1.143155
4,B_Normal_Reset,B,False,True,725,1855658974336420624,0.973127,0.990903,0.991652,0.997068,0.221965,0.297678
4,B_Normal_Reset,B,False,True,726,4192291275536140163,0.993851,0.999476,0.998898,0.999670,0.164283,0.224450
4,B_Normal_Reset,B,False,True,727,4770813805925157779,0.992533,0.999911,0.998126,0.999210,0.487612,0.558086
4,B_Normal_Reset,B,False,True,728,8697732461914986318,0.986676,0.995081,0.996773,0.997293,0.197625,0.239097
4,B_Normal_Reset,B,False,True,729,8215489683988901907,0.981888,0.990560,0.980985,0.996634,1.567914,1.581919
4,B_Normal_Reset,B,False,True,730,8214335475928087407,0.999768,0.999081,0.999587,0.998685,0.435061,0.472180
4,B_Normal_Reset,B,False,True,731,5159028747255565403,0.994944,0.995519,0.997326,0.998273,0.172076,0.218236
4,B_Normal_Reset,B,False,True,732,17208352241048965091,0.992767,0.995942,0.995660,0.998549,0.272792,0.317637
4,B_Normal_Reset,B,False,True,733,13823116621766734809,0.995024,0.996984,0.997684,0.999059,0.139839,0.156760
4,B_Normal_Reset,B,False,True,734,8625177660052262372,0.997845,0.995966,0.996315,0.997382,0.198577,0.223048
4,B_Normal_Reset,B,False,True,735,4609840916558387354,0.998716,0.997110,0.998767,0.998751,0.087894,0.116939
4,B_Normal_Reset,B,False,True,736,4374754703910172528,0.993079,0.998747,0.997190,0.999728,0.309451,0.362128
4,B_Normal_Reset,B,False,True,737,18375509838463453899,0.999697,0.999471,0.999192,0.999557,0.120942,0.171034
4,B_Normal_Reset,B,False,True,738,17353468189751087891,1.000000,0.999999,0.997011,0.999699,0.301099,0.337811
4,B_Normal_Reset,B,False,True,739,14636998131768156285,0.984239,0.995668,0.996288,0.998190,0.198503,0.255856
4,B_Normal_Reset,B,False,True,740,15937579283498170064,0.999950,0.999996,0.998429,0.999616,0.332642,0.366778
4,B_Normal_Reset,B,False,True,741,5036507011382738388,0.995292,0.997097,0.995478,0.997442,0.110113,0.146542
4,B_Normal_Reset,B,False,True,742,4370328963673420749,0.982964,0.995276,0.994313,0.998858,0.520009,0.602415
4,B_Normal_Reset,B,False,True,743,7569536752275471505,0.996763,0.997572,0.994113,0.998825,0.577700,0.588006
4,B_Normal_Reset,B,False,True,744,9822197365680723381,0.999295,0.995548,0.997451,0.995286,0.258743,0.309816
4,B_Normal_Reset,B,False,True,745,10830957543380578740,0.989401,0.998648,0.995199,0.999749,0.903648,0.961733
4,B_Normal_Reset,B,False,True,746,15937891579113505240,0.997868,0.999983,0.995032,0.999533,0.563823,0.591567
4,B_Normal_Reset,B,False,True,747,11952303255043295682,0.988629,0.997755,0.994989,0.998937,0.625164,0.715281
4,B_Normal_Reset,B,False,True,748,16720878069601670616,0.996727,0.999895,0.999022,0.999792,0.121333,0.156918
4,B_Normal_Reset,B,False,True,749,11648865490665017944,0.999738,0.999968,0.998084,0.999698,0.262725,0.288982
4,B_Normal_Reset,B,False,True,750,10608794194786502408,0.998133,0.999847,0.997354,0.999872,0.424052,0.453862
4,B_Normal_Reset,B,False,True,751,6315161290759790131,0.995071,0.999230,0.995627,0.999616,0.460199,0.506652
4,B_Normal_Reset,B,False,True,752,3065912490968127991,0.972146,0.993766,0.986800,0.997108,0.807578,0.908410
4,B_Normal_Reset,B,False,True,753,4123665784822214907,0.993476,0.999152,0.997776,0.999570,0.301217,0.370614
4,B_Normal_Reset,B,False,True,754,2354534155776752458,0.996652,0.998449,0.997921,0.999504,0.322470,0.363391
4,B_Normal_Reset,B,False,True,755,12889095168330509920,0.992547,0.992712,0.990226,0.992245,0.089339,0.123421
4,B_Normal_Reset,B,False,True,756,2242359646822564928,0.978785,0.998872,0.993773,0.999461,0.742413,0.880375
4,B_Normal_Reset,B,False,True,757,2762081345240530548,0.970986,0.986580,0.982125,0.993809,0.941670,0.982917
4,B_Normal_Reset,B,False,True,758,2503426557800436912,0.982002,0.992104,0.989078,0.997146,0.612322,0.638244
4,B_Normal_Reset,B,False,True,759,7348946517314104124,0.996002,0.999845,0.998626,0.999899,0.169323,0.207233
4,B_Normal_Reset,B,False,True,760,7942847557417896756,0.995543,0.999024,0.989365,0.999239,1.197443,1.231341
4,B_Normal_Reset,B,False,True,761,13178776127320299539,0.998284,0.992063,0.992662,0.995638,0.331503,0.380383
4,B_Normal_Reset,B,False,True,762,14070149891455917562,0.994639,0.996516,0.995465,0.997587,0.225494,0.259704
4,B_Normal_Reset,B,False,True,763,16464638526120697709,0.998026,0.999803,0.995572,0.997942,0.334399,0.387646
4,B_Normal_Reset,B,False,True,764,16424078513601336568,0.997568,0.998631,0.996699,0.998691,0.233652,0.311056
4,B_Normal_Reset,B,False,True,765,1059477966959748076,0.999967,0.999989,0.999309,0.999857,0.096604,0.111077
4,B_Normal_Reset,B,False,True,766,15364812103950060296,0.996400,0.999988,0.998181,0.999772,0.698719,0.761737
4,B_Normal_Reset,B,False,True,767,4626219239030150687,0.986655,0.993398,0.994326,0.996615,0.134481,0.150518
4,B_Normal_Reset,B,False,True,768,14757032508912119625,0.992759,0.999622,0.996851,0.999833,0.751845,0.837247
4,B_Normal_Reset,B,False,True,769,11451951735327510219,0.991904,0.996633,0.990610,0.998677,0.883990,0.916187
4,B_Normal_Reset,B,False,True,770,11002408945893824102,0.999542,0.999970,0.999258,0.999638,0.123078,0.157882
4,B_Normal_Reset,B,False,True,771,13949525990671829213,0.995453,0.999937,0.997657,0.999744,0.408304,0.467255
4,B_Normal_Reset,B,False,True,772,1183501932747269143,0.993907,0.993958,0.998442,0.997867,0.071378,0.080218
4,B_Normal_Reset,B,False,True,773,15891315641011093621,0.991643,0.996254,0.997995,0.999429,0.123255,0.161686
4,B_Normal_Reset,B,False,True,774,8288207732618336832,0.996159,0.999757,0.996516,0.999748,0.460592,0.495393
4,B_Normal_Reset,B,False,True,775,9649845929820652208,0.999926,0.999613,0.999676,0.998779,0.300306,0.320192
4,B_Normal_Reset,B,False,True,776,8985197506459385999,0.996495,0.998047,0.991440,0.998243,0.677817,0.708206
4,B_Normal_Reset,B,False,True,777,12192173741390475638,0.999401,0.999594,0.998325,0.999604,0.210037,0.243097
4,B_Normal_Reset,B,False,True,778,12314707032630966733,0.999535,0.999667,0.998528,0.999707,0.144699,0.157175
4,B_Normal_Reset,B,False,True,779,13060825262903360568,0.995195,0.998691,0.997238,0.999578,0.295043,0.339052
4,B_Normal_Reset,B,False,True,780,15468306990436879296,0.991818,0.999405,0.993788,0.999040,0.686389,0.750549
4,B_Normal_Reset,B,False,True,781,1750122779209036819,0.998873,0.999843,0.999153,0.999836,0.336318,0.376513
4,B_Normal_Reset,B,False,True,782,11088631393800806575,0.999939,0.999598,0.998913,0.999140,0.060841,0.073042
4,B_Normal_Reset,B,False,True,783,16030333178514941258,0.960216,0.989897,0.984672,0.997157,1.091807,1.155962
4,B_Normal_Reset,B,False,True,784,3999393449515284189,0.995689,0.999971,0.998325,0.999083,0.161436,0.252252
4,B_Normal_Reset,B,False,True,785,15204352381416529196,0.996388,0.995900,0.994810,0.997645,0.161641,0.211901
4,B_Normal_Reset,B,False,True,786,8295116283546100091,0.999679,0.996647,0.998090,0.998670,0.294006,0.400115
4,B_Normal_Reset,B,False,True,787,10519384388348154006,0.999983,1.000000,0.998941,0.999875,0.218145,0.246969
4,B_Normal_Reset,B,False,True,788,14611123372601325962,0.999838,0.999704,0.999124,0.999496,0.090176,0.113989
4,B_Normal_Reset,B,False,True,789,981727714038400203,0.999866,0.999888,0.999413,0.999904,0.085946,0.105703
4,B_Normal_Reset,B,False,True,790,10959509309448462386,0.977693,0.993120,0.995453,0.997831,0.223872,0.273477
4,B_Normal_Reset,B,False,True,791,16593614595395216159,0.993188,0.998784,0.998394,0.999666,0.260603,0.319999
4,B_Normal_Reset,B,False,True,792,5339348010216334230,0.998277,0.999021,0.999283,0.999630,0.108634,0.126156
4,B_Normal_Reset,B,False,True,793,11722277938305128482,0.960164,0.989876,0.990608,0.998385,0.936387,1.067642
4,B_Normal_Reset,B,False,True,794,12413027923469166697,0.999986,0.999655,0.998958,0.999618,0.244648,0.303376
4,B_Normal_Reset,B,False,True,795,10519337815894484808,0.999396,0.999911,0.997918,0.999280,0.135572,0.153994
4,B_Normal_Reset,B,False,True,796,9750910465944035854,0.994059,0.998269,0.993387,0.999218,0.949871,0.973838
4,B_Normal_Reset,B,False,True,797,6740644159884608851,0.995110,0.999099,0.998827,0.999045,0.079766,0.108948
4,B_Normal_Reset,B,False,True,798,13439971125825201362,0.996029,0.999223,0.997553,0.999276,0.174086,0.210920
4,B_Normal_Reset,B,False,True,799,8066006380075038187,0.999973,0.999828,0.999341,0.999838,0.100191,0.142582
4,B_Normal_Reset,B,False,True,800,5065058662790591313,0.998970,0.998960,0.994066,0.999550,0.567817,0.658515
4,B_Normal_Reset,B,False,True,801,3113956060449544852,0.999997,0.999506,0.998674,0.999289,0.245465,0.282704
4,B_Normal_Reset,B,False,True,802,4516216448267420378,0.994172,0.998201,0.999167,0.999556,0.119304,0.143900
4,B_Normal_Reset,B,False,True,803,112258525554915136,0.999888,0.999101,0.998221,0.999660,0.209459,0.244219
4,B_Normal_Reset,B,False,True,804,16542633326832143220,0.992437,0.994829,0.998385,0.999087,0.066313,0.086200
4,B_Normal_Reset,B,False,True,805,2204259106280795327,0.991811,0.991621,0.994696,0.997003,0.285939,0.308184
4,B_Normal_Reset,B,False,True,806,3610688128834710708,0.974728,0.991656,0.993212,0.997720,0.380239,0.447689
4,B_Normal_Reset,B,False,True,807,14281043698550246815,0.995606,0.995781,0.990657,0.997301,0.634740,0.657224
4,B_Normal_Reset,B,False,True,808,3905066896682853911,0.989126,0.998054,0.989543,0.999264,1.526235,1.594778
4,B_Normal_Reset,B,False,True,809,9357840926210058065,0.994161,0.999184,0.998380,0.999864,0.276990,0.319637
4,B_Normal_Reset,B,False,True,810,887609910318470672,0.994756,0.996598,0.996645,0.997626,0.136102,0.173839
4,B_Normal_Reset,B,False,True,811,576969431230051911,0.995987,0.998427,0.999310,0.999790,0.064812,0.098451
4,B_Normal_Reset,B,False,True,812,16403644423278067562,0.998910,0.998975,0.997407,0.999269,0.135611,0.164875
4,B_Normal_Reset,B,False,True,813,15816978854269242839,0.999744,0.999996,0.994633,0.999203,0.534606,0.572151
4,B_Normal_Reset,B,False,True,814,16680880592375589345,0.999975,0.999957,0.998432,0.999933,0.231941,0.287127
4,B_Normal_Reset,B,False,True,815,15259495857755263673,0.995645,0.997356,0.997029,0.997329,0.058704,0.094867
4,B_Normal_Reset,B,False,True,816,17547758742414261721,0.980586,0.989414,0.996468,0.996615,0.129724,0.163860
4,B_Normal_Reset,B,False,True,817,180937657943580414,0.998275,0.999983,0.997263,0.999519,0.422272,0.494259
4,B_Normal_Reset,B,False,True,818,10418989168455292014,0.998161,0.999907,0.999390,0.999046,0.111032,0.151849
4,B_Normal_Reset,B,False,True,819,22220773675164706,0.994786,0.992203,0.996012,0.996262,0.088638,0.109483
4,B_Normal_Reset,B,False,True,820,9472903114786522275,0.994743,0.995522,0.994846,0.996123,0.146311,0.162876
4,B_Normal_Reset,B,False,True,821,14529683501322687284,0.994040,0.997469,0.984850,0.998447,1.507855,1.527522
4,B_Normal_Reset,B,False,True,822,16327897053068398219,0.999192,0.999987,0.998974,0.999786,0.164109,0.193688
4,B_Normal_Reset,B,False,True,823,18183154823507146136,0.990552,0.996191,0.996694,0.999428,0.439830,0.517856
4,B_Normal_Reset,B,False,True,824,3647540115530194322,0.994836,0.992430,0.997403,0.996637,0.122168,0.153131
4,B_Normal_Reset,B,False,True,825,12063065254011385283,0.994513,0.994398,0.995546,0.997259,0.188752,0.226822
4,B_Normal_Reset,B,False,True,826,15836680405283967468,0.997774,0.999957,0.992631,0.998623,0.550479,0.606961
4,B_Normal_Reset,B,False,True,827,18094179097087354686,0.965245,0.998613,0.990337,0.999798,2.310470,2.556463
4,B_Normal_Reset,B,False,True,828,8366512793714353999,0.992843,0.994222,0.995296,0.996579,0.160683,0.196252
4,B_Normal_Reset,B,False,True,829,508581744927886520,0.993488,0.999124,0.995707,0.999585,0.624329,0.670003
4,B_Normal_Reset,B,False,True,830,16447600050091079951,0.999573,0.999271,0.995259,0.999255,0.403916,0.464021
4,B_Normal_Reset,B,False,True,831,15605652756154002147,0.994386,0.998281,0.997539,0.999399,0.212630,0.280892
4,B_Normal_Reset,B,False,True,832,6212844931657537107,0.983346,0.989591,0.987947,0.994293,0.484886,0.532812
4,B_Normal_Reset,B,False,True,833,2500408479685501235,0.999989,0.999762,0.997924,0.999891,0.366193,0.393948
4,B_Normal_Reset,B,False,True,834,10052899768128059657,0.999922,0.999861,0.999226,0.999734,0.188278,0.217196
4,B_Normal_Reset,B,False,True,835,6754485181805421672,0.983878,0.997823,0.998736,0.999731,0.172222,0.259454
4,B_Normal_Reset,B,False,True,836,17942310825950658829,0.999490,0.999872,0.998673,0.999896,0.164868,0.223951
4,B_Normal_Reset,B,False,True,837,16075823206675756155,0.999597,0.999903,0.998397,0.999795,0.149453,0.205311
4,B_Normal_Reset,B,False,True,838,9387044199317907162,0.994629,0.999878,0.996061,0.999387,0.361504,0.455929
4,B_Normal_Reset,B,False,True,839,15412622398116446994,0.999986,0.999875,0.998596,0.999893,0.189880,0.217146
4,B_Normal_Reset,B,False,True,840,15793167136922619699,0.995865,0.998208,0.994931,0.998932,0.593778,0.640038
4,B_Normal_Reset,B,False,True,841,14669052008181823494,0.999811,0.999512,0.999327,0.999170,0.064035,0.085037
4,B_Normal_Reset,B,False,True,842,8589143398975721769,0.996585,0.998434,0.998586,0.999667,0.167041,0.205807
4,B_Normal_Reset,B,False,True,843,13644438748627135901,0.999225,0.999976,0.998156,0.999409,0.141560,0.182578
4,B_Normal_Reset,B,False,True,844,11836582176184252217,0.991295,0.999165,0.998903,0.999875,0.148294,0.220689
4,B_Normal_Reset,B,False,True,845,2526232477124216255,0.996068,0.999540,0.990299,0.999157,1.351802,1.395408
4,B_Normal_Reset,B,False,True,846,6654694586286941985,0.992557,0.994563,0.991672,0.997170,0.617332,0.642869
4,B_Normal_Reset,B,False,True,847,11627747415175431794,0.999532,0.999993,0.997730,0.999462,0.299778,0.321231
4,B_Normal_Reset,B,False,True,848,3432788992616386164,0.983535,0.996131,0.989791,0.996305,0.419984,0.497355
4,B_Normal_Reset,B,False,True,849,9056115633312587773,0.991453,0.996609,0.998347,0.999118,0.110919,0.132510
4,B_Normal_Reset,B,False,True,850,8527562973507195785,0.973224,0.986535,0.976754,0.995955,1.846465,1.867720
4,B_Normal_Reset,B,False,True,851,9743312864150306830,0.999998,0.999529,0.999332,0.999778,0.167019,0.206493
4,B_Normal_Reset,B,False,True,852,1891503923700371134,0.999937,0.999999,0.998355,0.999319,0.125358,0.159231
4,B_Normal_Reset,B,False,True,853,15085091304632098914,0.985378,0.995762,0.997342,0.999508,0.385700,0.440825
4,B_Normal_Reset,B,False,True,854,5305780308543790524,0.999671,0.999909,0.999440,0.999904,0.067708,0.086725
4,B_Normal_Reset,B,False,True,855,943501443579606613,0.999682,0.999999,0.998350,0.999830,0.252966,0.280253
4,B_Normal_Reset,B,False,True,856,17566568677010351139,0.996921,0.999668,0.994133,0.999609,0.837807,0.867866
4,B_Normal_Reset,B,False,True,857,7419970130199495724,0.999202,0.998532,0.999249,0.998845,0.151815,0.171069
4,B_Normal_Reset,B,False,True,858,17535877978700957173,0.998481,0.999864,0.997443,0.999669,0.258003,0.316314
4,B_Normal_Reset,B,False,True,859,14096381312216778081,0.999998,0.999590,0.995515,0.999265,0.292752,0.335662
4,B_Normal_Reset,B,False,True,860,4644831227890283383,0.985208,0.995185,0.997566,0.998684,0.124484,0.195199
4,B_Normal_Reset,B,False,True,861,3484478371343457635,0.996347,0.997813,0.997116,0.999143,0.192482,0.218137
4,B_Normal_Reset,B,False,True,862,13686476356147918213,0.989617,0.991451,0.994003,0.997927,0.515044,0.540872
4,B_Normal_Reset,B,False,True,863,16134508081251461873,0.999432,0.997455,0.999417,0.999345,0.082829,0.131159
4,B_Normal_Reset,B,False,True,864,6067585961971374066,0.998673,0.997846,0.999268,0.999272,0.318319,0.350819
4,B_Normal_Reset,B,False,True,865,3615215446603357408,0.993713,0.998393,0.998089,0.999546,0.151865,0.193522
4,B_Normal_Reset,B,False,True,866,591655366025601126,0.990659,0.997553,0.997338,0.999363,0.320824,0.349909
4,B_Normal_Reset,B,False,True,867,15912271757419717944,0.998674,0.999742,0.999244,0.999624,0.151595,0.180880
4,B_Normal_Reset,B,False,True,868,5719034760473795918,0.999919,0.999941,0.996543,0.999951,0.706994,0.723281
4,B_Normal_Reset,B,False,True,869,4360873491088071791,0.992764,0.999779,0.995142,0.999756,0.588341,0.665377
4,B_Normal_Reset,B,False,True,870,10296857343916690556,0.972939,0.991422,0.985492,0.995919,1.088872,1.166306
4,B_Normal_Reset,B,False,True,871,2036005280975994568,0.991257,0.999522,0.998015,0.999534,0.162972,0.207628
4,B_Normal_Reset,B,False,True,872,13871264825293258903,0.992246,0.998834,0.994120,0.999774,0.886907,0.936510
4,B_Normal_Reset,B,False,True,873,12006032250349060393,0.999997,0.998361,0.998804,0.999252,0.144570,0.192115
4,B_Normal_Reset,B,False,True,874,10782755079977449789,0.990160,0.999018,0.994651,0.999485,0.673082,0.730647
4,B_Normal_Reset,B,False,True,875,2110253574315940531,0.999782,0.997748,0.998674,0.998203,0.188773,0.226585
4,B_Normal_Reset,B,False,True,876,3573049353976090471,0.993737,0.998292,0.996803,0.999489,0.275445,0.308401
4,B_Normal_Reset,B,False,True,877,1459807948473374094,0.998242,0.998370,0.985173,0.996176,0.675466,0.707419
4,B_Normal_Reset,B,False,True,878,15340073078648424568,0.998372,0.996832,0.998593,0.999221,0.118552,0.152523
4,B_Normal_Reset,B,False,True,879,2419402599837900508,0.999266,0.999999,0.999169,0.999835,0.170642,0.214576
4,B_Normal_Reset,B,False,True,880,5899575073770782205,1.000000,0.999811,0.999329,0.999882,0.199512,0.241209
4,B_Normal_Reset,B,False,True,881,12705863930713447823,0.997950,0.997328,0.998190,0.997195,0.041935,0.064153
4,B_Normal_Reset,B,False,True,882,2673163947010110487,0.999418,0.999976,0.998900,0.999064,0.084951,0.102418
4,B_Normal_Reset,B,False,True,883,7081643834205468310,0.999614,0.999937,0.995891,0.999659,0.532786,0.558897
4,B_Normal_Reset,B,False,True,884,7641487370218091160,0.999963,0.999939,0.999514,0.999883,0.084199,0.119577
4,B_Normal_Reset,B,False,True,885,14353707642213109989,0.980456,0.998036,0.995434,0.999571,0.682466,0.792820
4,B_Normal_Reset,B,False,True,886,5690085017347675970,0.999519,0.999772,0.999158,0.999847,0.197477,0.212665
4,B_Normal_Reset,B,False,True,887,13411214017419250527,0.999228,0.999350,0.997290,0.999831,0.602343,0.625615
4,B_Normal_Reset,B,False,True,888,11098644669049294705,0.998985,0.999890,0.999111,0.998827,0.236541,0.300076
4,B_Normal_Reset,B,False,True,889,11551046975494013955,0.988546,0.988940,0.990112,0.995526,0.421948,0.456380
4,B_Normal_Reset,B,False,True,890,10307980215801189381,0.999543,0.999271,0.998878,0.999486,0.140272,0.198665
4,B_Normal_Reset,B,False,True,891,5834111832580331544,0.987835,0.997394,0.997579,0.998880,0.220513,0.296713
4,B_Normal_Reset,B,False,True,892,16530067884717749856,0.987680,0.996684,0.995856,0.999428,0.527371,0.583609
4,B_Normal_Reset,B,False,True,893,5419420095389259317,0.993852,0.999582,0.998671,0.999699,0.118965,0.170651
4,B_Normal_Reset,B,False,True,894,5031443454876042656,0.997586,0.999744,0.998848,0.999756,0.201010,0.227449
4,B_Normal_Reset,B,False,True,895,4340047402328042923,0.988124,0.995290,0.984395,0.997968,1.592601,1.611019
4,B_Normal_Reset,B,False,True,896,4022974590438388449,0.980295,0.991025,0.996654,0.998227,0.105175,0.143389
4,B_Normal_Reset,B,False,True,897,16419708580492302964,0.997230,0.999471,0.993997,0.999089,0.658131,0.678008
4,B_Normal_Reset,B,False,True,898,700892184826824817,0.998038,0.999919,0.998920,0.999595,0.146791,0.185247
4,B_Normal_Reset,B,False,True,899,4107759583542804991,0.993496,0.995751,0.998137,0.999344,0.204877,0.226542
4,B_Normal_Reset,B,False,True,900,3580955372278622301,0.992455,0.996941,0.997044,0.999442,0.372302,0.401970
4,B_Normal_Reset,B,False,True,901,6212927610448489651,0.993939,0.995637,0.991968,0.997497,0.249438,0.285988
4,B_Normal_Reset,B,False,True,902,2576074731327396568,0.999043,0.993243,0.990610,0.994536,0.350762,0.391923
4,B_Normal_Reset,B,False,True,903,1886207683303745138,0.999082,0.998919,0.996902,0.999307,0.354206,0.382139
4,B_Normal_Reset,B,False,True,904,4541535259389825062,0.999997,0.999334,0.999605,0.999633,0.062783,0.087395
4,B_Normal_Reset,B,False,True,905,8793662633593622891,0.999883,0.999289,0.998276,0.999543,0.310725,0.376667
4,B_Normal_Reset,B,False,True,906,17452710610479040569,0.998991,0.996615,0.999317,0.999320,0.226553,0.271381
4,B_Normal_Reset,B,False,True,907,15406065450202674493,0.999884,0.999666,0.999403,0.999033,0.412055,0.438220
4,B_Normal_Reset,B,False,True,908,16189211675372568993,0.999041,0.999687,0.996927,0.999789,0.370421,0.425366
4,B_Normal_Reset,B,False,True,909,2258967838816309304,0.986051,0.987943,0.997432,0.996912,0.292884,0.341102
4,B_Normal_Reset,B,False,True,910,1526240310891338242,0.997503,0.995226,0.993315,0.997178,0.244375,0.288723
4,B_Normal_Reset,B,False,True,911,8834362611847929756,0.993566,0.998113,0.998596,0.999381,0.108363,0.153762
4,B_Normal_Reset,B,False,True,912,14401501989900132283,0.992406,0.996984,0.996760,0.999449,0.337330,0.364900
4,B_Normal_Reset,B,False,True,913,15345014718344683348,0.996321,0.999479,0.996274,0.998851,0.234128,0.270727
4,B_Normal_Reset,B,False,True,914,16800200182016975103,0.999592,0.999995,0.995819,0.999653,0.536149,0.583597
4,B_Normal_Reset,B,False,True,915,5869991293894903976,0.999693,0.999492,0.998901,0.999889,0.129891,0.155540
4,B_Normal_Reset,B,False,True,916,12622760478937917887,0.989166,0.990291,0.996642,0.996898,0.073368,0.085081
4,B_Normal_Reset,B,False,True,917,6341987760236239266,0.999738,0.999561,0.995891,0.999748,0.643458,0.689083
4,B_Normal_Reset,B,False,True,918,15403966465129101173,0.999367,0.997746,0.981378,0.995682,1.136375,1.203659
4,B_Normal_Reset,B,False,True,919,8125388008319321098,0.999856,0.999302,0.995564,0.999493,0.410419,0.450505
4,B_Normal_Reset,B,False,True,920,9195105159528215994,0.976705,0.987371,0.995422,0.996300,0.268596,0.320279
4,B_Normal_Reset,B,False,True,921,13595003820726180335,0.999901,0.999783,0.999132,0.999477,0.060840,0.101941
4,B_Normal_Reset,B,False,True,922,10689391157848787756,0.999823,0.999707,0.999346,0.999717,0.187290,0.214509
4,B_Normal_Reset,B,False,True,923,11779566385113901018,0.970945,0.995642,0.987909,0.998257,0.948859,1.061508
4,B_Normal_Reset,B,False,True,924,11544808902953266622,0.999840,0.999938,0.999103,0.999809,0.389296,0.447780
4,B_Normal_Reset,B,False,True,925,16918620638878468218,0.987101,0.997747,0.996485,0.999378,0.264043,0.340350
4,B_Normal_Reset,B,False,True,926,7865061727423195467,0.999841,0.999956,0.999385,0.999842,0.103071,0.132383
4,B_Normal_Reset,B,False,True,927,3022768181631178602,0.992300,0.990958,0.992702,0.996016,0.157966,0.180321
4,B_Normal_Reset,B,False,True,928,5696019615512997402,0.990980,0.998231,0.994647,0.999124,0.411706,0.477867
4,B_Normal_Reset,B,False,True,929,5280051200140979645,0.999998,0.999991,0.998072,0.999466,0.200954,0.245760
4,B_Normal_Reset,B,False,True,930,9004401348826117746,0.995337,0.997908,0.998823,0.998692,0.057950,0.101120
4,B_Normal_Reset,B,False,True,931,17055370580778961717,0.978129,0.997177,0.994205,0.999553,0.688181,0.796973
4,B_Normal_Reset,B,False,True,932,2686641744948245466,0.997965,0.999616,0.998722,0.999605,0.178363,0.239243
4,B_Normal_Reset,B,False,True,933,6915262127577236749,0.999286,0.999948,0.999154,0.999840,0.110455,0.130520
4,B_Normal_Reset,B,False,True,934,17743162431447463286,0.998019,0.999490,0.999146,0.999727,0.083556,0.133195
4,B_Normal_Reset,B,False,True,935,8941995014713491522,0.987575,0.995727,0.992546,0.997272,0.741564,0.833032
4,B_Normal_Reset,B,False,True,936,10825896754759771073,0.996174,0.997340,0.999109,0.998700,0.157639,0.172473
4,B_Normal_Reset,B,False,True,937,16687135659223966683,0.993681,0.997435,0.995698,0.998396,0.211645,0.233352
4,B_Normal_Reset,B,False,True,938,5402304667316025776,0.995080,0.993914,0.995402,0.998204,0.233003,0.270012
4,B_Normal_Reset,B,False,True,939,9285363102329346797,0.975300,0.990397,0.990851,0.997180,0.587839,0.672324
4,B_Normal_Reset,B,False,True,940,11512965161421992579,0.996199,0.999653,0.998967,0.999891,0.161114,0.224346
4,B_Normal_Reset,B,False,True,941,3536480903651797654,0.995535,0.998496,0.986745,0.995147,0.678819,0.725053
4,B_Normal_Reset,B,False,True,942,9696819764461419261,0.999705,0.999897,0.999177,0.999616,0.319339,0.354261
4,B_Normal_Reset,B,False,True,943,6890079763819251887,0.999436,0.999542,0.997801,0.999613,0.333698,0.371199
4,B_Normal_Reset,B,False,True,944,6048953939797661728,0.998156,0.999861,0.996651,0.999584,0.340884,0.389628
4,B_Normal_Reset,B,False,True,945,16664731345776688618,0.998069,0.999951,0.993378,0.999883,0.988259,1.039684
4,B_Normal_Reset,B,False,True,946,11340138058509343706,0.999484,0.999898,0.997521,0.999480,0.242151,0.273803
4,B_Normal_Reset,B,False,True,947,1350955782545854991,0.999183,0.999778,0.999581,0.999759,0.142009,0.176019
4,B_Normal_Reset,B,False,True,948,1678608439893323393,0.999197,0.999552,0.998060,0.999751,0.165252,0.192914
4,B_Normal_Reset,B,False,True,949,3589687366202122933,0.989548,0.999242,0.996542,0.999695,1.013867,1.083751
4,B_Normal_Reset,B,False,True,950,10252473271318129956,0.997237,0.995636,0.993052,0.997230,0.413465,0.433280
4,B_Normal_Reset,B,False,True,951,603335850082313875,0.999951,0.999585,0.998053,0.999891,0.362627,0.384625
4,B_Normal_Reset,B,False,True,952,12306628815361301642,0.934428,0.980997,0.988716,0.993883,0.294885,0.463399
4,B_Normal_Reset,B,False,True,953,12976554719207688373,0.997442,0.999995,0.999331,0.999741,0.178272,0.242876
4,B_Normal_Reset,B,False,True,954,7873282725751874358,0.990563,0.997060,0.991403,0.997393,0.342474,0.370187
4,B_Normal_Reset,B,False,True,955,3353653172388434038,0.999297,0.999705,0.998824,0.999272,0.165335,0.206354
4,B_Normal_Reset,B,False,True,956,6258532429344159819,0.998104,0.999614,0.999440,0.999479,0.120244,0.144091
4,B_Normal_Reset,B,False,True,957,11767253186755188311,0.999454,0.999994,0.998943,0.999533,0.148918,0.187057
4,B_Normal_Reset,B,False,True,958,92120282331746651,0.996146,0.999962,0.998437,0.999821,0.172043,0.216914
4,B_Normal_Reset,B,False,True,959,11077194737641165492,0.999068,0.998850,0.994824,0.998712,0.376059,0.388605
4,B_Normal_Reset,B,False,True,960,10862783806695807266,0.997456,0.994812,0.997972,0.998707,0.156896,0.204177
4,B_Normal_Reset,B,False,True,961,16582419002636399796,0.998714,0.998349,0.995166,0.998958,0.390240,0.434397
4,B_Normal_Reset,B,False,True,962,8278546736955324146,0.988209,0.998940,0.996929,0.999498,0.209525,0.286666
4,B_Normal_Reset,B,False,True,963,15518969061093649054,0.993461,0.997519,0.998484,0.999187,0.147156,0.177632
4,B_Normal_Reset,B,False,True,964,5780318123882587174,0.994006,0.994900,0.987747,0.995004,0.530985,0.573515
4,B_Normal_Reset,B,False,True,965,12371918372870035719,0.997537,0.996858,0.999345,0.998867,0.114172,0.150961
4,B_Normal_Reset,B,False,True,966,1400837874284350664,0.992103,0.999881,0.999035,0.999925,0.227078,0.289912
4,B_Normal_Reset,B,False,True,967,17234956854239911403,0.999355,0.998918,0.998685,0.998646,0.293136,0.355960
4,B_Normal_Reset,B,False,True,968,10200205240835653972,0.996362,0.998752,0.998974,0.999705,0.107444,0.137543
4,B_Normal_Reset,B,False,True,969,5206487516807938537,0.999620,0.999986,0.998333,0.999584,0.138363,0.180203
4,B_Normal_Reset,B,False,True,970,13036513636350844119,0.988897,0.999103,0.997126,0.999714,0.791514,0.885608
4,B_Normal_Reset,B,False,True,971,9940933951222971656,0.999853,0.999526,0.999159,0.999860,0.175554,0.200282
4,B_Normal_Reset,B,False,True,972,8082577920986610434,0.994790,0.994925,0.997609,0.997911,0.068975,0.092457
4,B_Normal_Reset,B,False,True,973,1161142553039385868,0.999893,0.999835,0.999597,0.999545,0.134564,0.168190
4,B_Normal_Reset,B,False,True,974,13982375001770586966,0.999936,0.999814,0.998310,0.999638,0.234201,0.258946
4,B_Normal_Reset,B,False,True,975,4613825770663829341,0.994656,0.996301,0.995878,0.998333,0.173461,0.194016
4,B_Normal_Reset,B,False,True,976,10480735555438543855,0.995405,1.000000,0.999110,0.999927,0.250223,0.300968
4,B_Normal_Reset,B,False,True,977,15058212599170888679,0.997430,0.998059,0.997826,0.998897,0.174279,0.202083
4,B_Normal_Reset,B,False,True,978,17628031122843910693,0.999218,0.999612,0.996515,0.999794,0.513047,0.552088
4,B_Normal_Reset,B,False,True,979,14468147468742398818,0.995327,0.997396,0.997356,0.999605,0.423259,0.442912
4,B_Normal_Reset,B,False,True,980,17273002536005980699,0.990619,0.994665,0.995440,0.996876,0.087147,0.113308
4,B_Normal_Reset,B,False,True,981,6866563114745945471,0.986010,0.994243,0.997055,0.998999,0.300898,0.314472
4,B_Normal_Reset,B,False,True,982,322848849412211240,0.997353,0.999475,0.999423,0.999854,0.083403,0.108490
4,B_Normal_Reset,B,False,True,983,13940493905644599098,0.999822,0.999816,0.998753,0.999451,0.172977,0.210423
4,B_Normal_Reset,B,False,True,984,11378797479076784505,0.984347,0.995162,0.996586,0.998941,0.216457,0.259999
4,B_Normal_Reset,B,False,True,985,2412718683103502684,0.999156,0.999941,0.998372,0.999564,0.236884,0.271387
4,B_Normal_Reset,B,False,True,986,10313117728876476034,0.999881,0.998695,0.998817,0.999178,0.273591,0.332133
4,B_Normal_Reset,B,False,True,987,10835316401629258582,0.999997,0.999980,0.996854,0.999918,0.442104,0.476405
4,B_Normal_Reset,B,False,True,988,16344534660814625478,0.999741,0.999981,0.998987,0.999870,0.108479,0.151455
4,B_Normal_Reset,B,False,True,989,299500044055468867,0.998749,0.999245,0.997718,0.999045,0.164943,0.201912
4,B_Normal_Reset,B,False,True,990,17625976838451045747,0.999999,0.999684,0.999377,0.999146,0.065446,0.093047
4,B_Normal_Reset,B,False,True,991,14946435649449989007,0.999024,0.999288,0.993788,0.998099,0.306051,0.317213
4,B_Normal_Reset,B,False,True,992,9505179244080151665,0.999147,0.999926,0.999498,0.999852,0.116181,0.159203
4,B_Normal_Reset,B,False,True,993,1905208625045899792,0.985001,0.987257,0.991660,0.994848,0.210909,0.271528
4,B_Normal_Reset,B,False,True,994,14445678606936890301,0.984731,0.998087,0.995649,0.999568,0.895711,0.966012
4,B_Normal_Reset,B,False,True,995,17398775948544293675,0.973975,0.993635,0.993914,0.998944,0.436373,0.513526
4,B_Normal_Reset,B,False,True,996,9450198897244168373,0.999898,0.999442,0.995254,0.999439,0.558768,0.598665
4,B_Normal_Reset,B,False,True,997,5564770914406950323,0.998704,0.999420,0.997282,0.999738,0.556912,0.582569
4,B_Normal_Reset,B,False,True,998,12056268781918848255,0.994602,0.993787,0.992109,0.996379,0.247281,0.275250
4,B_Normal_Reset,B,False,True,999,2568180910384515621,0.999575,0.998998,0.997031,0.999322,0.165631,0.207382
5,C_Normal_Reset,C,False,True,0,15343054180821014477,0.997764,0.999157,0.998291,0.999433,0.101648,0.136876
5,C_Normal_Reset,C,False,True,1,4827846144564819874,0.999924,0.999602,0.999395,0.999844,0.115178,0.146642
5,C_Normal_Reset,C,False,True,2,9867437092826821988,0.998546,0.999598,0.998533,0.999782,0.221155,0.247699
5,C_Normal_Reset,C,False,True,3,6663004604370992459,0.999863,0.999914,0.999650,0.999923,0.110421,0.125840
5,C_Normal_Reset,C,False,True,4,12771443668687577357,0.997829,0.999118,0.999707,0.999836,0.029140,0.043708
5,C_Normal_Reset,C,False,True,5,17277744949299277966,0.997622,0.997582,0.999606,0.999663,0.081197,0.116297
5,C_Normal_Reset,C,False,True,6,2207329392710513835,0.997883,0.996910,0.996675,0.999090,0.446631,0.496728
5,C_Normal_Reset,C,False,True,7,1540815687628632087,0.999938,0.998582,0.999097,0.999635,0.139617,0.171564
5,C_Normal_Reset,C,False,True,8,15607520833496170069,0.998733,0.999041,0.999305,0.999478,0.048404,0.063887
5,C_Normal_Reset,C,False,True,9,9412495705089517719,0.997989,0.998097,0.992484,0.998140,0.508732,0.535340
5,C_Normal_Reset,C,False,True,10,17496311837939498312,0.999860,0.999853,0.998574,0.999232,0.083298,0.115066
5,C_Normal_Reset,C,False,True,11,13281968459728902338,0.999997,0.999179,0.997312,0.998735,0.155110,0.201454
5,C_Normal_Reset,C,False,True,12,16256664257640605147,0.997128,0.998623,0.999419,0.999847,0.097389,0.114311
5,C_Normal_Reset,C,False,True,13,10299822667088904073,0.996367,0.998217,0.996944,0.998797,0.158967,0.198224
5,C_Normal_Reset,C,False,True,14,6190113383814382052,0.995645,0.998647,0.998340,0.999698,0.193249,0.223823
5,C_Normal_Reset,C,False,True,15,1680822251114360464,0.999384,0.999245,0.998551,0.998871,0.132935,0.154186
5,C_Normal_Reset,C,False,True,16,18167839799181024466,0.999201,0.999571,0.997240,0.999636,0.404695,0.439301
5,C_Normal_Reset,C,False,True,17,4732760331659900977,0.999984,0.999706,0.999017,0.999941,0.164259,0.209966
5,C_Normal_Reset,C,False,True,18,8171546876356109664,0.999998,0.999989,0.994872,0.998839,0.319241,0.363159
5,C_Normal_Reset,C,False,True,19,6945796734367254592,0.999875,0.999918,0.998602,0.998899,0.080931,0.095186
5,C_Normal_Reset,C,False,True,20,240832336097111376,0.991493,0.995213,0.997659,0.997635,0.120637,0.134880
5,C_Normal_Reset,C,False,True,21,18033799830104641666,0.987539,0.991311,0.997860,0.998459,0.067384,0.084963
5,C_Normal_Reset,C,False,True,22,5094924926590374430,0.999997,0.999050,0.999486,0.999722,0.155732,0.223845
5,C_Normal_Reset,C,False,True,23,3093992299541891665,0.999989,0.999930,0.998773,0.999229,0.102719,0.108548
5,C_Normal_Reset,C,False,True,24,15203818702428374345,0.996371,0.999077,0.998660,0.999607,0.130651,0.164632
5,C_Normal_Reset,C,False,True,25,11742859618319606355,0.999465,0.999812,0.998398,0.999683,0.135582,0.160108
5,C_Normal_Reset,C,False,True,26,8157315098755308146,0.999068,0.997495,0.999066,0.999166,0.104786,0.110910
5,C_Normal_Reset,C,False,True,27,973812324104638914,1.000000,0.999956,0.994121,0.998046,0.214804,0.242503
5,C_Normal_Reset,C,False,True,28,6301452669012553607,0.999137,0.998621,0.997930,0.999186,0.149595,0.196214
5,C_Normal_Reset,C,False,True,29,5702031176393767724,0.997704,0.999708,0.991732,0.998435,0.541364,0.566709
5,C_Normal_Reset,C,False,True,30,13553039764709401320,0.999969,0.999291,0.997317,0.999694,0.360951,0.395084
5,C_Normal_Reset,C,False,True,31,13317485285176216013,0.999985,0.999743,0.998990,0.999611,0.225658,0.244818
5,C_Normal_Reset,C,False,True,32,1300772932895298767,0.992555,0.992172,0.990035,0.993459,0.261793,0.300705
5,C_Normal_Reset,C,False,True,33,4330393274759743876,0.999523,0.996895,0.998883,0.999771,0.280733,0.297911
5,C_Normal_Reset,C,False,True,34,9314265630877089131,0.999995,0.999980,0.998525,0.999776,0.157750,0.201977
5,C_Normal_Reset,C,False,True,35,2652345573912168915,0.993080,0.996687,0.998494,0.999266,0.126762,0.157882
5,C_Normal_Reset,C,False,True,36,3837157512648497889,0.999517,0.999387,0.998530,0.999715,0.212002,0.235401
5,C_Normal_Reset,C,False,True,37,7928553768554236215,0.999809,0.999888,0.999182,0.999816,0.078564,0.098386
5,C_Normal_Reset,C,False,True,38,10531981520673227870,0.997817,0.998311,0.999052,0.999495,0.058806,0.082659
5,C_Normal_Reset,C,False,True,39,17812828397019961187,0.999993,1.000000,0.997715,0.999728,0.227121,0.265234
5,C_Normal_Reset,C,False,True,40,3281830649927206212,0.999579,0.999980,0.994074,0.999311,0.478178,0.541214
5,C_Normal_Reset,C,False,True,41,5247040424451245725,0.999665,0.999911,0.999392,0.999083,0.247190,0.269375
5,C_Normal_Reset,C,False,True,42,15891024647605662899,0.999993,0.999522,0.997762,0.999211,0.372804,0.416408
5,C_Normal_Reset,C,False,True,43,9152444285191828386,0.999774,0.999884,0.999255,0.999827,0.100553,0.140512
5,C_Normal_Reset,C,False,True,44,5381256146739604247,0.998731,0.999811,0.998739,0.999897,0.168380,0.212056
5,C_Normal_Reset,C,False,True,45,2807258960122572789,0.996237,0.994550,0.990939,0.996784,0.403533,0.414069
5,C_Normal_Reset,C,False,True,46,8444581160620260636,0.998161,0.998529,0.999491,0.999724,0.110311,0.135277
5,C_Normal_Reset,C,False,True,47,16364170837981161285,0.996840,0.999427,0.997981,0.999406,0.136249,0.182143
5,C_Normal_Reset,C,False,True,48,17846739380826771474,0.991021,0.992215,0.995254,0.994858,0.120761,0.145967
5,C_Normal_Reset,C,False,True,49,11721899291952755096,0.995845,0.996875,0.997780,0.998327,0.073073,0.095357
5,C_Normal_Reset,C,False,True,50,18243229397056211732,0.999950,0.999915,0.997992,0.999679,0.194779,0.238628
5,C_Normal_Reset,C,False,True,51,14594664659164023468,0.999738,0.999951,0.999606,0.999906,0.063840,0.087868
5,C_Normal_Reset,C,False,True,52,16677272759778207111,0.994485,0.992443,0.991689,0.997140,0.480417,0.523414
5,C_Normal_Reset,C,False,True,53,7297874785672889241,0.999973,0.999976,0.998694,0.999752,0.112976,0.140069
5,C_Normal_Reset,C,False,True,54,1664283121703611481,0.999968,0.999731,0.999255,0.999389,0.068796,0.092735
5,C_Normal_Reset,C,False,True,55,14906702086733680779,0.999528,0.999341,0.998414,0.999828,0.178759,0.222308
5,C_Normal_Reset,C,False,True,56,1840165038922160352,0.999983,0.999528,0.997859,0.999497,0.192080,0.222435
5,C_Normal_Reset,C,False,True,57,16716009868776676824,0.999719,0.999942,0.998322,0.999616,0.122522,0.158256
5,C_Normal_Reset,C,False,True,58,16076650813434112371,0.999962,0.999661,0.997774,0.999720,0.192672,0.227967
5,C_Normal_Reset,C,False,True,59,13861060980006643441,0.999983,0.999961,0.999598,0.999896,0.120918,0.134273
5,C_Normal_Reset,C,False,True,60,15707826842178063684,0.998324,0.999680,0.998817,0.999220,0.252225,0.291174
5,C_Normal_Reset,C,False,True,61,16992602447024794223,0.999721,0.999978,0.998970,0.999736,0.090209,0.108243
5,C_Normal_Reset,C,False,True,62,12828069514050553454,0.997234,0.996844,0.992442,0.996677,0.290817,0.314072
5,C_Normal_Reset,C,False,True,63,5973448451955759925,0.999337,0.998708,0.999223,0.999392,0.064357,0.093195
5,C_Normal_Reset,C,False,True,64,7054883301959632640,0.998731,0.999485,0.997342,0.999822,0.274358,0.318392
5,C_Normal_Reset,C,False,True,65,9899828919057595814,0.999885,1.000000,0.998492,0.999834,0.228099,0.262078
5,C_Normal_Reset,C,False,True,66,5067320256494332992,0.995228,0.994821,0.995039,0.998089,0.217541,0.245828
5,C_Normal_Reset,C,False,True,67,12993207747011328103,0.999705,0.999548,0.999642,0.999601,0.090984,0.103594
5,C_Normal_Reset,C,False,True,68,12241853106295952415,0.999593,0.999241,0.998458,0.999452,0.097635,0.118343
5,C_Normal_Reset,C,False,True,69,12272190787350272794,0.998711,0.998744,0.997365,0.998736,0.083631,0.101531
5,C_Normal_Reset,C,False,True,70,8639228951698017377,0.998780,0.999150,0.995536,0.999718,0.553102,0.632084
5,C_Normal_Reset,C,False,True,71,14764813512710632701,0.997116,0.990938,0.995081,0.996171,0.221238,0.261225
5,C_Normal_Reset,C,False,True,72,543245488811161921,0.995362,0.995187,0.996189,0.994544,0.199760,0.221809
5,C_Normal_Reset,C,False,True,73,10532255130748778512,0.999872,0.999998,0.999589,0.999832,0.095761,0.130155
5,C_Normal_Reset,C,False,True,74,3667729879668726255,0.995623,0.997462,0.994988,0.998635,0.696730,0.733780
5,C_Normal_Reset,C,False,True,75,13810749687376752420,0.999975,0.999856,0.998830,0.999687,0.139587,0.171267
5,C_Normal_Reset,C,False,True,76,14993905002545727928,0.999529,0.999169,0.999399,0.999729,0.114566,0.129627
5,C_Normal_Reset,C,False,True,77,18017474453644642694,0.990183,0.990616,0.995506,0.996851,0.092227,0.110833
5,C_Normal_Reset,C,False,True,78,3946878108151266886,0.995050,0.998931,0.998550,0.999503,0.147723,0.188262
5,C_Normal_Reset,C,False,True,79,12779872431210754609,0.999312,0.996160,0.998419,0.998883,0.145311,0.197314
5,C_Normal_Reset,C,False,True,80,17719631377726731728,0.999504,0.999210,0.994958,0.999254,0.527345,0.587080
5,C_Normal_Reset,C,False,True,81,18342458750983349287,0.999934,0.999331,0.997983,0.998993,0.120302,0.142920
5,C_Normal_Reset,C,False,True,82,12012313759285165273,0.998507,0.998976,0.998050,0.998775,0.070931,0.085562
5,C_Normal_Reset,C,False,True,83,6731085996282907541,0.997957,0.999326,0.998170,0.997950,0.403910,0.440879
5,C_Normal_Reset,C,False,True,84,5748206625951727391,0.999913,0.999971,0.999339,0.999908,0.098019,0.122939
5,C_Normal_Reset,C,False,True,85,16784110441879230813,0.995523,0.995646,0.996444,0.997505,0.098787,0.130699
5,C_Normal_Reset,C,False,True,86,9820500643016099734,0.988042,0.992320,0.992933,0.996791,0.231789,0.257501
5,C_Normal_Reset,C,False,True,87,12737706929502442058,0.999490,0.999943,0.999539,0.999874,0.116782,0.139550
5,C_Normal_Reset,C,False,True,88,3818425619963000750,0.999755,0.999710,0.998890,0.999767,0.132354,0.187883
5,C_Normal_Reset,C,False,True,89,17183387454017901361,0.993046,0.997227,0.997509,0.999207,0.248232,0.269951
5,C_Normal_Reset,C,False,True,90,4780142947157393577,0.997199,0.999079,0.997779,0.999640,0.451979,0.485489
5,C_Normal_Reset,C,False,True,91,5312493374961354638,0.997717,0.998186,0.997444,0.998819,0.205540,0.217110
5,C_Normal_Reset,C,False,True,92,10913105200419330055,0.994596,0.996628,0.998683,0.998639,0.057794,0.084301
5,C_Normal_Reset,C,False,True,93,14705504112121550664,0.999652,1.000000,0.999657,0.999891,0.065769,0.087273
5,C_Normal_Reset,C,False,True,94,3152683147437014524,0.999786,0.999862,0.998724,0.999699,0.119014,0.128186
5,C_Normal_Reset,C,False,True,95,5070300017244311301,0.996066,0.997154,0.998470,0.998448,0.106594,0.126870
5,C_Normal_Reset,C,False,True,96,5441865128335955550,0.996902,0.997983,0.998394,0.998993,0.055204,0.081553
5,C_Normal_Reset,C,False,True,97,14152217224987141603,0.999872,0.999675,0.999675,0.999931,0.066475,0.086257
5,C_Normal_Reset,C,False,True,98,4321415252554454380,0.999692,0.999620,0.997882,0.999783,0.248431,0.319748
5,C_Normal_Reset,C,False,True,99,4354662076329771744,0.989748,0.991570,0.997130,0.997835,0.257269,0.267248
5,C_Normal_Reset,C,False,True,100,18107501997405467115,0.998420,0.997325,0.996673,0.999516,0.345228,0.376709
5,C_Normal_Reset,C,False,True,101,15020567109251633978,0.998971,0.999602,0.997914,0.999434,0.383271,0.425259
5,C_Normal_Reset,C,False,True,102,5511053348942745911,0.999019,0.998229,0.997122,0.998890,0.225023,0.240488
5,C_Normal_Reset,C,False,True,103,5239774998777071401,0.999376,0.998449,0.999823,0.999708,0.038598,0.060561
5,C_Normal_Reset,C,False,True,104,2879796073560844485,0.999762,0.999478,0.999606,0.999700,0.111040,0.130076
5,C_Normal_Reset,C,False,True,105,1462890520614159369,0.998354,0.999665,0.998290,0.999746,0.134059,0.174079
5,C_Normal_Reset,C,False,True,106,1950227890175580625,0.999442,0.998899,0.997111,0.998480,0.160579,0.195320
5,C_Normal_Reset,C,False,True,107,5189427899054823520,0.999924,0.999996,0.999604,0.999803,0.062743,0.103287
5,C_Normal_Reset,C,False,True,108,10880597405884617327,0.995997,0.995445,0.996642,0.998641,0.293429,0.314103
5,C_Normal_Reset,C,False,True,109,17634755681099799467,0.997685,0.994004,0.998159,0.998827,0.173870,0.194185
5,C_Normal_Reset,C,False,True,110,4891342592476116997,0.994310,0.995096,0.998603,0.998562,0.112396,0.139215
5,C_Normal_Reset,C,False,True,111,15040874341960865207,0.999913,0.999839,0.999724,0.999826,0.053410,0.084362
5,C_Normal_Reset,C,False,True,112,249832307841131753,0.996114,0.996408,0.998047,0.999263,0.189225,0.203815
5,C_Normal_Reset,C,False,True,113,11338893844580720897,0.999994,0.999474,0.999641,0.999580,0.133137,0.167213
5,C_Normal_Reset,C,False,True,114,5021309296157911336,0.997792,0.997027,0.998317,0.997485,0.082828,0.107326
5,C_Normal_Reset,C,False,True,115,16823129488074736875,0.999917,0.999566,0.998208,0.999410,0.151867,0.183423
5,C_Normal_Reset,C,False,True,116,14513870105780134590,0.999946,0.999865,0.998695,0.999443,0.223615,0.276271
5,C_Normal_Reset,C,False,True,117,10214138923598773220,0.999710,0.999460,0.999507,0.999459,0.058708,0.070949
5,C_Normal_Reset,C,False,True,118,646874277697268475,0.995920,0.997023,0.998697,0.998890,0.386618,0.393917
5,C_Normal_Reset,C,False,True,119,6931143759656905908,0.993812,0.991648,0.998037,0.997784,0.059852,0.078428
5,C_Normal_Reset,C,False,True,120,15510655694086735627,0.999823,0.999994,0.998122,0.999732,0.176336,0.202079
5,C_Normal_Reset,C,False,True,121,3941352654094160453,0.999982,0.999406,0.998717,0.999643,0.110017,0.146122
5,C_Normal_Reset,C,False,True,122,9740532828852480228,0.999048,0.999709,0.998145,0.999874,0.393762,0.421448
5,C_Normal_Reset,C,False,True,123,906343885375860709,0.998908,0.996080,0.997564,0.997807,0.168102,0.201601
5,C_Normal_Reset,C,False,True,124,9907685255512885430,0.999797,0.998254,0.996078,0.997499,0.121559,0.138220
5,C_Normal_Reset,C,False,True,125,187111222735686505,0.999937,0.999999,0.996720,0.999498,0.280130,0.313283
5,C_Normal_Reset,C,False,True,126,3588264806904958,0.983309,0.990104,0.997099,0.996950,0.145806,0.170854
5,C_Normal_Reset,C,False,True,127,483025605097522524,0.997220,0.999589,0.993135,0.998406,0.545361,0.623336
5,C_Normal_Reset,C,False,True,128,16414599581206272513,0.999790,0.999114,0.998837,0.999827,0.151826,0.178471
5,C_Normal_Reset,C,False,True,129,1057645652234034465,0.997729,0.997094,0.999057,0.999375,0.109530,0.139629
5,C_Normal_Reset,C,False,True,130,14557176970248477492,0.999982,0.999934,0.996509,0.999740,0.309364,0.363929
5,C_Normal_Reset,C,False,True,131,3290950112505338503,0.987248,0.982415,0.983411,0.992291,0.545992,0.587063
5,C_Normal_Reset,C,False,True,132,156123962763065909,0.988703,0.989648,0.992497,0.995105,0.166979,0.211432
5,C_Normal_Reset,C,False,True,133,801725083797817994,0.996895,0.998437,0.998819,0.998494,0.255232,0.283120
5,C_Normal_Reset,C,False,True,134,600923400914630326,0.995388,0.996582,0.997579,0.999231,0.155918,0.196548
5,C_Normal_Reset,C,False,True,135,10274129716073906350,0.992305,0.996397,0.997623,0.999157,0.210757,0.229767
5,C_Normal_Reset,C,False,True,136,14871205473508569171,0.998432,0.999993,0.999662,0.999810,0.149778,0.145881
5,C_Normal_Reset,C,False,True,137,11733421561891747671,0.999775,0.999895,0.997721,0.999591,0.204448,0.253950
5,C_Normal_Reset,C,False,True,138,7399236806673766790,0.999557,0.999997,0.995978,0.999700,0.437159,0.488325
5,C_Normal_Reset,C,False,True,139,15045963435809559715,0.994903,0.996453,0.998311,0.998493,0.104210,0.123940
5,C_Normal_Reset,C,False,True,140,10351177991089575241,0.999998,0.999882,0.998224,0.999813,0.377011,0.397840
5,C_Normal_Reset,C,False,True,141,15896970439239466977,0.999010,0.999996,0.999618,0.999922,0.072448,0.099192
5,C_Normal_Reset,C,False,True,142,11172963288883519814,0.992626,0.995038,0.994926,0.998259,0.254616,0.286129
5,C_Normal_Reset,C,False,True,143,2431181109689577511,0.998677,0.998738,0.997984,0.999650,0.271798,0.290058
5,C_Normal_Reset,C,False,True,144,8746694651187568434,0.995547,0.997224,0.997741,0.999101,0.112525,0.119805
5,C_Normal_Reset,C,False,True,145,7300623913664305420,0.996992,0.998505,0.999219,0.998783,0.148689,0.160061
5,C_Normal_Reset,C,False,True,146,16536858605352046039,0.999982,0.999779,0.998754,0.998770,0.086835,0.114400
5,C_Normal_Reset,C,False,True,147,17921047964537655202,0.994528,0.994686,0.998176,0.998590,0.118702,0.146444
5,C_Normal_Reset,C,False,True,148,8579513523608329206,0.996449,0.998502,0.998490,0.999217,0.086524,0.108247
5,C_Normal_Reset,C,False,True,149,7962286776481590246,0.996347,0.996784,0.997269,0.998895,0.199501,0.230454
5,C_Normal_Reset,C,False,True,150,16626410175402756435,0.997549,0.998008,0.998853,0.999142,0.119420,0.149139
5,C_Normal_Reset,C,False,True,151,9096864920255158684,0.998938,0.996449,0.999113,0.998327,0.093777,0.108216
5,C_Normal_Reset,C,False,True,152,1272007471717505661,0.999779,0.999774,0.999023,0.999733,0.104672,0.110949
5,C_Normal_Reset,C,False,True,153,16659462689645542716,0.998103,0.998668,0.997352,0.998810,0.112831,0.130395
5,C_Normal_Reset,C,False,True,154,16319937451176390711,0.999406,0.999988,0.998840,0.999719,0.105923,0.154078
5,C_Normal_Reset,C,False,True,155,17500393847686963937,0.999921,0.999275,0.997615,0.999219,0.267566,0.302499
5,C_Normal_Reset,C,False,True,156,6177788839960787693,0.999975,0.999221,0.997604,0.999127,0.194370,0.233348
5,C_Normal_Reset,C,False,True,157,12799407054835336899,0.999986,0.999747,0.999024,0.999841,0.148592,0.163181
5,C_Normal_Reset,C,False,True,158,17883983697712431830,0.999833,0.997725,0.998046,0.999097,0.221326,0.240647
5,C_Normal_Reset,C,False,True,159,11283096180671052735,0.996904,0.996902,0.997467,0.997975,0.149984,0.186068
5,C_Normal_Reset,C,False,True,160,6341100241408907088,0.982026,0.994282,0.994370,0.998906,0.528547,0.561996
5,C_Normal_Reset,C,False,True,161,2269118932805181627,0.999957,0.999373,0.996431,0.998423,0.173403,0.214921
5,C_Normal_Reset,C,False,True,162,17730289626941511013,0.999856,0.999999,0.999334,0.999631,0.038661,0.063748
5,C_Normal_Reset,C,False,True,163,12529208170315075492,0.998981,0.999254,0.999343,0.999779,0.096434,0.143264
5,C_Normal_Reset,C,False,True,164,7989726473767388801,0.999815,0.997477,0.998438,0.998615,0.142319,0.180658
5,C_Normal_Reset,C,False,True,165,74355537619506943,0.989319,0.988529,0.998462,0.997920,0.103151,0.127921
5,C_Normal_Reset,C,False,True,166,12925007095983142371,0.999674,0.999942,0.994207,0.999199,0.477400,0.525762
5,C_Normal_Reset,C,False,True,167,842882709342092049,0.996838,0.996742,0.998745,0.999198,0.088799,0.109326
5,C_Normal_Reset,C,False,True,168,14355715661662961382,0.987136,0.992279,0.995049,0.996462,0.090893,0.124917
5,C_Normal_Reset,C,False,True,169,11669738543814264799,0.999848,0.999901,0.991970,0.998278,0.446516,0.502327
5,C_Normal_Reset,C,False,True,170,16354776726465629287,0.996367,0.997338,0.992209,0.997335,0.334267,0.368615
5,C_Normal_Reset,C,False,True,171,5370803965161205082,0.999448,0.999734,0.999588,0.999915,0.070346,0.101669
5,C_Normal_Reset,C,False,True,172,10894482421118521468,0.998556,0.999832,0.998335,0.999863,0.210844,0.235281
5,C_Normal_Reset,C,False,True,173,15107913040066425796,0.999999,0.999624,0.997823,0.999743,0.336301,0.355534
5,C_Normal_Reset,C,False,True,174,7090390582283502342,0.998297,0.996352,0.996523,0.997010,0.099494,0.131152
5,C_Normal_Reset,C,False,True,175,8876681316373069944,0.999978,0.999887,0.999291,0.999647,0.066364,0.067747
5,C_Normal_Reset,C,False,True,176,17518780970960028720,0.997622,0.997682,0.997054,0.998195,0.106468,0.144773
5,C_Normal_Reset,C,False,True,177,8461283111778770749,0.999763,0.999518,0.993716,0.998503,0.364116,0.387935
5,C_Normal_Reset,C,False,True,178,15101357196118743510,0.999770,0.999997,0.995695,0.999546,0.365378,0.404134
5,C_Normal_Reset,C,False,True,179,4337452388739124048,0.999898,0.999343,0.998786,0.999784,0.151945,0.186957
5,C_Normal_Reset,C,False,True,180,1592279237603536734,0.999206,0.997657,0.999032,0.998596,0.044536,0.070146
5,C_Normal_Reset,C,False,True,181,10436309840948451889,0.999438,0.999694,0.998993,0.999851,0.144594,0.181248
5,C_Normal_Reset,C,False,True,182,12069236358359375572,0.998739,0.998710,0.998926,0.999425,0.141898,0.174876
5,C_Normal_Reset,C,False,True,183,15513040599579039015,0.995472,0.998378,0.998554,0.999379,0.105294,0.109684
5,C_Normal_Reset,C,False,True,184,8580052840524974487,0.999081,0.999378,0.998339,0.999381,0.143886,0.177165
5,C_Normal_Reset,C,False,True,185,1500654325698271972,0.998781,0.999709,0.998257,0.999687,0.221864,0.268549
5,C_Normal_Reset,C,False,True,186,7086216884485945929,0.993065,0.994488,0.997525,0.998033,0.068209,0.088336
5,C_Normal_Reset,C,False,True,187,1136726486065083166,0.999147,0.999877,0.997816,0.999736,0.317753,0.357132
5,C_Normal_Reset,C,False,True,188,462050245327666687,0.996277,0.999094,0.998931,0.999720,0.226808,0.254628
5,C_Normal_Reset,C,False,True,189,4824286850770536676,0.997014,0.992375,0.993226,0.995232,0.376350,0.397719
5,C_Normal_Reset,C,False,True,190,5482547177146017099,0.999962,0.999374,0.999684,0.999810,0.108511,0.138825
5,C_Normal_Reset,C,False,True,191,18377571116864496217,0.999997,0.999669,0.998400,0.999767,0.178448,0.201018
5,C_Normal_Reset,C,False,True,192,15000119010347265132,0.997902,0.994369,0.994369,0.996020,0.147933,0.172674
5,C_Normal_Reset,C,False,True,193,18427053748377304664,0.997840,0.999888,0.998789,0.999884,0.203654,0.252887
5,C_Normal_Reset,C,False,True,194,18353410287770290323,0.996296,0.993511,0.997579,0.997794,0.166486,0.203217
5,C_Normal_Reset,C,False,True,195,4039985479256937167,0.996921,0.999532,0.997789,0.999488,0.190171,0.213694
5,C_Normal_Reset,C,False,True,196,14338398502437871554,0.999660,0.999596,0.999320,0.999923,0.121867,0.139003
5,C_Normal_Reset,C,False,True,197,946931715458051420,0.982649,0.982456,0.988889,0.992570,0.232886,0.269087
5,C_Normal_Reset,C,False,True,198,10244566972265651890,0.999534,0.998755,0.999302,0.999543,0.073889,0.101882
5,C_Normal_Reset,C,False,True,199,6456031924564888493,0.999851,0.999956,0.999252,0.999949,0.114263,0.133214
5,C_Normal_Reset,C,False,True,200,16271619844776494192,0.997072,0.998793,0.996802,0.997701,0.085993,0.117693
5,C_Normal_Reset,C,False,True,201,7043449886873917808,0.994517,0.994133,0.998257,0.998410,0.045268,0.057785
5,C_Normal_Reset,C,False,True,202,1656616015100331476,0.999987,0.999744,0.992733,0.999617,0.706606,0.804179
5,C_Normal_Reset,C,False,True,203,12648176010599445739,0.999686,0.999916,0.999420,0.999764,0.064483,0.085572
5,C_Normal_Reset,C,False,True,204,3187668105287925190,0.998029,0.998138,0.997986,0.998186,0.072660,0.102871
5,C_Normal_Reset,C,False,True,205,11728469353730799765,0.993793,0.993585,0.996070,0.997252,0.425078,0.456089
5,C_Normal_Reset,C,False,True,206,5955266798134633382,0.999191,0.999232,0.998866,0.999091,0.061139,0.083467
5,C_Normal_Reset,C,False,True,207,11249338741669263574,0.999606,0.999701,0.998474,0.999803,0.226815,0.251508
5,C_Normal_Reset,C,False,True,208,3512582330675034038,0.999977,0.999965,0.994752,0.999338,0.566426,0.602535
5,C_Normal_Reset,C,False,True,209,4928761485616967076,0.997120,0.994972,0.998659,0.998752,0.099213,0.136702
5,C_Normal_Reset,C,False,True,210,2282160249697425927,0.993981,0.994276,0.996559,0.996608,0.090646,0.124494
5,C_Normal_Reset,C,False,True,211,6411437323783367758,0.999859,0.999995,0.995937,0.999261,0.238031,0.271388
5,C_Normal_Reset,C,False,True,212,6038776853030006233,0.988883,0.994853,0.995827,0.995850,0.094743,0.151399
5,C_Normal_Reset,C,False,True,213,4840603640599054704,0.999305,0.999309,0.997038,0.999385,0.173130,0.210088
5,C_Normal_Reset,C,False,True,214,5804778588294389464,0.990775,0.996308,0.998756,0.998946,0.054049,0.084195
5,C_Normal_Reset,C,False,True,215,6514581669786943423,0.995106,0.997928,0.998385,0.999294,0.114994,0.152745
5,C_Normal_Reset,C,False,True,216,17124830808467443001,0.997862,0.999901,0.998089,0.999596,0.115147,0.162089
5,C_Normal_Reset,C,False,True,217,9626088070389500108,0.997171,0.999399,0.998143,0.999751,0.204258,0.238172
5,C_Normal_Reset,C,False,True,218,12584188559542760472,0.998634,0.999286,0.999031,0.999479,0.142005,0.163740
5,C_Normal_Reset,C,False,True,219,1914067519668475023,0.993473,0.994919,0.998696,0.999265,0.246558,0.275398
5,C_Normal_Reset,C,False,True,220,17057160193160813064,0.999414,0.999209,0.999011,0.999609,0.146598,0.157637
5,C_Normal_Reset,C,False,True,221,17239656432798220629,0.998805,0.995442,0.997857,0.998259,0.161419,0.207062
5,C_Normal_Reset,C,False,True,222,2040543294046022513,0.999358,0.998761,0.994452,0.997581,0.349866,0.373841
5,C_Normal_Reset,C,False,True,223,8667778894146596090,0.999066,0.999837,0.998757,0.999458,0.118127,0.165556
5,C_Normal_Reset,C,False,True,224,9762874660809622408,0.997947,0.998873,0.998992,0.999478,0.124807,0.166533
5,C_Normal_Reset,C,False,True,225,13353163646039248619,0.999999,0.999509,0.998885,0.999050,0.094512,0.126372
5,C_Normal_Reset,C,False,True,226,15072520872997816089,0.999954,0.998498,0.998690,0.999383,0.203313,0.263722
5,C_Normal_Reset,C,False,True,227,7512929241902750978,0.998380,0.998631,0.999368,0.999430,0.048210,0.064129
5,C_Normal_Reset,C,False,True,228,9191210399415302109,0.996779,0.999292,0.998777,0.999840,0.152882,0.192427
5,C_Normal_Reset,C,False,True,229,11231724383553097557,0.999588,0.998605,0.998943,0.999217,0.062569,0.093195
5,C_Normal_Reset,C,False,True,230,11627620241890734130,0.999777,0.999662,0.997986,0.999679,0.512936,0.549075
5,C_Normal_Reset,C,False,True,231,16266496368160317592,0.999750,0.999578,0.996863,0.999826,0.359029,0.446527
5,C_Normal_Reset,C,False,True,232,6871747971883339832,0.996721,0.999529,0.999190,0.999828,0.120004,0.143972
5,C_Normal_Reset,C,False,True,233,1362294399310471010,0.999277,0.998247,0.998099,0.999523,0.384471,0.396874
5,C_Normal_Reset,C,False,True,234,14559198145208341502,0.999403,0.998915,0.997466,0.999419,0.229695,0.256034
5,C_Normal_Reset,C,False,True,235,7384462830250428510,0.996893,0.996227,0.998521,0.998909,0.179020,0.183969
5,C_Normal_Reset,C,False,True,236,4643697488467725697,0.999580,0.999097,0.997714,0.998629,0.149997,0.172236
5,C_Normal_Reset,C,False,True,237,392795843093156224,0.999035,0.998229,0.998220,0.998504,0.069160,0.081512
5,C_Normal_Reset,C,False,True,238,13678938081576278006,0.995746,0.999660,0.998824,0.999629,0.104926,0.143558
5,C_Normal_Reset,C,False,True,239,12070512099735511167,0.995431,0.995874,0.998616,0.998549,0.317276,0.327441
5,C_Normal_Reset,C,False,True,240,2529908218181873121,0.999101,0.999995,0.998350,0.999307,0.153240,0.189001
5,C_Normal_Reset,C,False,True,241,11882838438085518840,0.995990,0.995771,0.997379,0.998153,0.142679,0.162766
5,C_Normal_Reset,C,False,True,242,8217284691564194878,0.999367,0.999994,0.996745,0.999420,0.296222,0.315694
5,C_Normal_Reset,C,False,True,243,17416686642228703991,0.997098,0.993329,0.998558,0.997554,0.136538,0.169739
5,C_Normal_Reset,C,False,True,244,9603951853596130822,0.999631,0.996408,0.988417,0.994422,0.387347,0.422354
5,C_Normal_Reset,C,False,True,245,17146511697612507678,0.999814,0.999856,0.996148,0.999525,0.291161,0.321308
5,C_Normal_Reset,C,False,True,246,3945612540126238335,0.998075,0.997460,0.997999,0.998751,0.112482,0.127223
5,C_Normal_Reset,C,False,True,247,692473711982491884,0.998546,0.998388,0.996991,0.998668,0.431655,0.475678
5,C_Normal_Reset,C,False,True,248,481420288593235781,0.999338,0.999920,0.997752,0.999173,0.216708,0.269008
5,C_Normal_Reset,C,False,True,249,3573241565965633396,0.999761,0.997683,0.997284,0.998064,0.133291,0.176453
5,C_Normal_Reset,C,False,True,250,12464094126076175945,0.994588,0.995637,0.998928,0.999293,0.215936,0.215187
5,C_Normal_Reset,C,False,True,251,14702963264832527505,0.997406,0.997154,0.998767,0.998510,0.067583,0.080529
5,C_Normal_Reset,C,False,True,252,5467704671730267829,1.000000,0.999943,0.988980,0.998936,1.057236,1.111230
5,C_Normal_Reset,C,False,True,253,16201313303299169369,0.999988,0.999708,0.999630,0.999886,0.075173,0.110991
5,C_Normal_Reset,C,False,True,254,13041122053227034621,0.998562,0.999872,0.998580,0.999760,0.166934,0.200200
5,C_Normal_Reset,C,False,True,255,4620448883800331769,0.993075,0.994958,0.998875,0.998555,0.077825,0.094525
5,C_Normal_Reset,C,False,True,256,4177402215890085974,0.996674,0.997556,0.998226,0.999311,0.135445,0.180454
5,C_Normal_Reset,C,False,True,257,12641071272368309987,0.999499,0.999342,0.998355,0.999014,0.105395,0.137796
5,C_Normal_Reset,C,False,True,258,4914156606068276158,0.999998,0.999968,0.997437,0.999146,0.130482,0.152012
5,C_Normal_Reset,C,False,True,259,6989018580193049053,0.998772,0.998473,0.999450,0.999439,0.062787,0.093535
5,C_Normal_Reset,C,False,True,260,2799001346703154999,0.999758,0.999409,0.996683,0.998799,0.216495,0.262397
5,C_Normal_Reset,C,False,True,261,14297472103546220240,0.999005,0.999585,0.999261,0.999806,0.075505,0.094616
5,C_Normal_Reset,C,False,True,262,6477885467985330491,0.999990,0.999935,0.999176,0.999783,0.123613,0.136200
5,C_Normal_Reset,C,False,True,263,14714653722638283406,0.996477,0.997805,0.997960,0.998706,0.061481,0.086415
5,C_Normal_Reset,C,False,True,264,12902239814060386871,0.995920,0.997488,0.998754,0.999442,0.138625,0.162950
5,C_Normal_Reset,C,False,True,265,1426952490971159152,0.991240,0.989049,0.994336,0.996225,0.145434,0.165848
5,C_Normal_Reset,C,False,True,266,12494101818117822706,0.999733,0.999998,0.998391,0.999225,0.155215,0.198616
5,C_Normal_Reset,C,False,True,267,13640888065200191776,0.998786,0.999393,0.999650,0.999316,0.076394,0.087758
5,C_Normal_Reset,C,False,True,268,6412911961539044036,0.995095,0.994775,0.992613,0.995975,0.226288,0.265857
5,C_Normal_Reset,C,False,True,269,3611592060197418821,0.999835,0.999824,0.999091,0.999960,0.147423,0.179379
5,C_Normal_Reset,C,False,True,270,5150673603031368459,0.998297,0.999496,0.998552,0.999703,0.120296,0.145499
5,C_Normal_Reset,C,False,True,271,8333685217862718602,0.985240,0.989960,0.996262,0.996717,0.106804,0.128388
5,C_Normal_Reset,C,False,True,272,2250825886916979700,0.996687,0.999251,0.998449,0.999569,0.070141,0.091962
5,C_Normal_Reset,C,False,True,273,17271566526931650064,0.999397,0.999509,0.999673,0.999755,0.072312,0.093183
5,C_Normal_Reset,C,False,True,274,2810601074035269448,0.999852,0.999883,0.999649,0.999917,0.112357,0.121866
5,C_Normal_Reset,C,False,True,275,17366136895710561464,0.999801,0.994859,0.989848,0.994928,0.445843,0.494018
5,C_Normal_Reset,C,False,True,276,7195975436715867150,0.998661,0.999598,0.998523,0.999065,0.083972,0.112665
5,C_Normal_Reset,C,False,True,277,1077974984799096936,0.995491,0.996642,0.998282,0.999346,0.098059,0.122919
5,C_Normal_Reset,C,False,True,278,14531729304921817970,0.999996,0.998402,0.996651,0.998266,0.152974,0.177052
5,C_Normal_Reset,C,False,True,279,8652739356873624506,0.995126,0.996579,0.998426,0.999232,0.096251,0.108321
5,C_Normal_Reset,C,False,True,280,17100770347636529281,0.998290,0.995963,0.997252,0.998232,0.136941,0.154437
5,C_Normal_Reset,C,False,True,281,15064544574575352476,0.999426,0.999500,0.999754,0.999814,0.082599,0.117871
5,C_Normal_Reset,C,False,True,282,7155735492860921679,0.999147,0.999466,0.999855,0.999747,0.042159,0.052543
5,C_Normal_Reset,C,False,True,283,9164976543472890975,0.996850,0.997852,0.998765,0.999482,0.117057,0.126253
5,C_Normal_Reset,C,False,True,284,6321356392152320657,0.996864,0.998565,0.997208,0.999592,0.245976,0.270747
5,C_Normal_Reset,C,False,True,285,9651962904555447547,0.999914,0.999670,0.998202,0.999365,0.093848,0.110653
5,C_Normal_Reset,C,False,True,286,53987974364216323,0.999662,0.999855,0.999656,0.999965,0.088607,0.101853
5,C_Normal_Reset,C,False,True,287,14162872900792321622,0.999962,0.999969,0.998902,0.999659,0.204618,0.227620
5,C_Normal_Reset,C,False,True,288,10438174263300845164,0.998192,0.999145,0.999053,0.998719,0.084119,0.106517
5,C_Normal_Reset,C,False,True,289,3856153577773204747,0.999776,0.999991,0.998826,0.999720,0.101969,0.129325
5,C_Normal_Reset,C,False,True,290,5763998484570179948,0.997512,0.991387,0.995959,0.996189,0.212388,0.253713
5,C_Normal_Reset,C,False,True,291,8800730173141945626,0.999062,0.999369,0.996917,0.999339,0.235581,0.284174
5,C_Normal_Reset,C,False,True,292,12974049271653824658,0.998150,0.995934,0.993127,0.997307,0.281097,0.295733
5,C_Normal_Reset,C,False,True,293,5458658709660686245,0.984000,0.987393,0.994143,0.996599,0.157115,0.172993
5,C_Normal_Reset,C,False,True,294,13764625317680352215,0.994264,0.992967,0.997519,0.997386,0.080511,0.094968
5,C_Normal_Reset,C,False,True,295,9476946779662651597,0.999298,0.999112,0.996115,0.998917,0.305072,0.361405
5,C_Normal_Reset,C,False,True,296,14207021936432441444,0.996789,0.996620,0.998628,0.998312,0.138153,0.147178
5,C_Normal_Reset,C,False,True,297,3174358601667723398,0.999967,0.999931,0.999296,0.999163,0.059206,0.084794
5,C_Normal_Reset,C,False,True,298,16736724878471613806,0.997924,0.997282,0.998870,0.999433,0.166193,0.186713
5,C_Normal_Reset,C,False,True,299,11045091294484809305,0.998768,0.998654,0.997764,0.998544,0.098458,0.125122
5,C_Normal_Reset,C,False,True,300,9886450987107150252,0.999956,0.999938,0.999722,0.999735,0.079855,0.097525
5,C_Normal_Reset,C,False,True,301,4523967337555775124,0.999999,0.999369,0.995316,0.999411,0.479811,0.524721
5,C_Normal_Reset,C,False,True,302,6053339512920680815,0.996495,0.997777,0.997932,0.999036,0.118652,0.140887
5,C_Normal_Reset,C,False,True,303,7509465223247851371,0.999011,0.999419,0.996513,0.999088,0.160331,0.192829
5,C_Normal_Reset,C,False,True,304,14020232735411487435,0.999699,0.999957,0.998017,0.999842,0.230671,0.286533
5,C_Normal_Reset,C,False,True,305,17870354409600642196,0.999871,0.999809,0.996268,0.999739,0.527565,0.564230
5,C_Normal_Reset,C,False,True,306,4902852184910575943,0.994152,0.998467,0.998834,0.999625,0.130027,0.125916
5,C_Normal_Reset,C,False,True,307,13876558145389155698,0.993977,0.994902,0.997909,0.996952,0.068533,0.078860
5,C_Normal_Reset,C,False,True,308,1553032304526544402,0.996331,0.992282,0.995554,0.997221,0.116342,0.129385
5,C_Normal_Reset,C,False,True,309,16719038264173956524,0.998368,0.996900,0.999379,0.999610,0.051181,0.081694
5,C_Normal_Reset,C,False,True,310,15571493880240100778,0.999816,0.999964,0.994030,0.999803,0.822409,0.861101
5,C_Normal_Reset,C,False,True,311,14854781185084067967,0.998165,0.998943,0.997580,0.996641,0.096223,0.126045
5,C_Normal_Reset,C,False,True,312,17494658799795818613,0.998943,0.999582,0.999357,0.999659,0.118098,0.139939
5,C_Normal_Reset,C,False,True,313,14494207372599015830,0.999979,0.999836,0.999089,0.999827,0.144410,0.195298
5,C_Normal_Reset,C,False,True,314,15731084410004857962,0.998110,0.999318,0.997317,0.998587,0.101723,0.145570
5,C_Normal_Reset,C,False,True,315,5405875949634959504,0.995790,0.998310,0.998714,0.998249,0.150433,0.168542
5,C_Normal_Reset,C,False,True,316,15017244758519901976,0.995560,0.996521,0.997872,0.998536,0.093806,0.120608
5,C_Normal_Reset,C,False,True,317,12314726919499475868,0.999457,0.998963,0.998505,0.999167,0.150478,0.214268
5,C_Normal_Reset,C,False,True,318,10842796971317917131,0.999771,0.999419,0.999736,0.999496,0.051021,0.072130
5,C_Normal_Reset,C,False,True,319,4696616691695370994,0.998622,0.998840,0.998860,0.999860,0.176648,0.201807
5,C_Normal_Reset,C,False,True,320,7886381616927793760,0.993479,0.994150,0.996536,0.998899,0.214480,0.252952
5,C_Normal_Reset,C,False,True,321,14641288338806073836,0.999992,0.999999,0.998531,0.999772,0.117007,0.163335
5,C_Normal_Reset,C,False,True,322,4141835237235053131,0.999862,0.999999,0.996660,0.999563,0.390423,0.425515
5,C_Normal_Reset,C,False,True,323,9749093694956748428,0.999955,0.999749,0.998061,0.999250,0.130195,0.163065
5,C_Normal_Reset,C,False,True,324,10129343942927627001,0.997018,0.998101,0.999260,0.999334,0.215562,0.242284
5,C_Normal_Reset,C,False,True,325,17885421794191746009,0.999582,0.999921,0.997342,0.999698,0.235214,0.280051
5,C_Normal_Reset,C,False,True,326,15029701274964207864,0.999973,0.999995,0.997628,0.999716,0.199278,0.224769
5,C_Normal_Reset,C,False,True,327,184804500701811803,0.999998,0.999661,0.999502,0.999564,0.220570,0.231182
5,C_Normal_Reset,C,False,True,328,17138987503224988866,0.990149,0.987027,0.991830,0.993949,0.136250,0.169103
5,C_Normal_Reset,C,False,True,329,17245377977903108644,0.998248,0.998023,0.995251,0.998967,0.429554,0.461443
5,C_Normal_Reset,C,False,True,330,12008733181384162269,0.998642,0.998521,0.997028,0.997391,0.129184,0.132102
5,C_Normal_Reset,C,False,True,331,4263102039592627527,0.999325,0.999218,0.998727,0.999666,0.165368,0.165271
5,C_Normal_Reset,C,False,True,332,13051825531964716686,0.999751,0.999535,0.998948,0.999812,0.149368,0.157775
5,C_Normal_Reset,C,False,True,333,16915947768287551074,0.999826,0.999781,0.995276,0.999730,0.585664,0.638336
5,C_Normal_Reset,C,False,True,334,16040835499035437880,0.997232,0.995223,0.999610,0.999354,0.089426,0.116757
5,C_Normal_Reset,C,False,True,335,14739355516793369797,0.995005,0.994097,0.999290,0.998483,0.122368,0.130297
5,C_Normal_Reset,C,False,True,336,4164561365935854969,0.999692,0.999930,0.999429,0.999914,0.149492,0.169024
5,C_Normal_Reset,C,False,True,337,15261721814832082220,0.999577,0.999737,0.999263,0.999812,0.067101,0.104509
5,C_Normal_Reset,C,False,True,338,7987293329902217413,0.996772,0.999766,0.999271,0.999795,0.117131,0.137025
5,C_Normal_Reset,C,False,True,339,17808992562434075603,0.999636,0.996859,0.999457,0.999319,0.068148,0.114739
5,C_Normal_Reset,C,False,True,340,15901593503196334941,0.994947,0.997475,0.998815,0.999209,0.062532,0.084150
5,C_Normal_Reset,C,False,True,341,5671052242804593982,0.999992,0.999939,0.997716,0.998764,0.118595,0.156631
5,C_Normal_Reset,C,False,True,342,4298817955043555114,0.999199,0.999372,0.996200,0.999869,0.626658,0.692878
5,C_Normal_Reset,C,False,True,343,6862236850586513996,0.999805,0.999994,0.998517,0.999655,0.149375,0.163407
5,C_Normal_Reset,C,False,True,344,14895616131256036692,0.998368,0.997733,0.997591,0.998387,0.128535,0.161015
5,C_Normal_Reset,C,False,True,345,444965145744053969,0.999208,0.999487,0.999421,0.999679,0.047263,0.077470
5,C_Normal_Reset,C,False,True,346,6699309321849165681,0.999586,0.998711,0.994938,0.999197,0.468663,0.516471
5,C_Normal_Reset,C,False,True,347,13594606680593132970,0.999975,0.999318,0.997856,0.999508,0.185234,0.227363
5,C_Normal_Reset,C,False,True,348,6278932469673088103,0.999760,0.998852,0.999145,0.999043,0.090469,0.118588
5,C_Normal_Reset,C,False,True,349,14937533201609798881,0.997178,0.997499,0.998069,0.998798,0.107668,0.129167
5,C_Normal_Reset,C,False,True,350,13672137971051712846,0.994378,0.992615,0.996925,0.997545,0.061212,0.090631
5,C_Normal_Reset,C,False,True,351,14960784026681709850,0.999995,0.999855,0.996341,0.999726,0.344032,0.402856
5,C_Normal_Reset,C,False,True,352,15031260060057661692,0.994390,0.996583,0.995177,0.998319,0.264092,0.269729
5,C_Normal_Reset,C,False,True,353,4988011758634985839,0.999717,0.998228,0.997771,0.998858,0.291872,0.339468
5,C_Normal_Reset,C,False,True,354,5050492444268130400,0.997981,0.998395,0.999075,0.998668,0.090869,0.109013
5,C_Normal_Reset,C,False,True,355,206039353026514084,0.998576,0.998633,0.998663,0.999805,0.186703,0.230389
5,C_Normal_Reset,C,False,True,356,4504244075091746915,0.998148,0.999327,0.998337,0.999621,0.310202,0.354216
5,C_Normal_Reset,C,False,True,357,15957235645383873906,0.999622,0.997619,0.998616,0.998487,0.087838,0.134762
5,C_Normal_Reset,C,False,True,358,2489952326757871801,0.999970,0.999897,0.999571,0.999535,0.080420,0.115556
5,C_Normal_Reset,C,False,True,359,2712923570522997782,0.999223,0.998242,0.996543,0.999095,0.427309,0.465879
5,C_Normal_Reset,C,False,True,360,818737709140164677,0.999128,0.999905,0.999256,0.999759,0.113234,0.155304
5,C_Normal_Reset,C,False,True,361,535944763034812838,0.999399,0.997781,0.999093,0.999337,0.147879,0.180063
5,C_Normal_Reset,C,False,True,362,977923353495905274,0.998173,0.999783,0.999303,0.999802,0.108036,0.142776
5,C_Normal_Reset,C,False,True,363,4329378829270108659,0.991508,0.992346,0.996332,0.997043,0.045746,0.081771
5,C_Normal_Reset,C,False,True,364,13095236955264801537,0.993007,0.995125,0.994717,0.998554,0.604299,0.677674
5,C_Normal_Reset,C,False,True,365,6614622840389282200,0.999556,0.999987,0.997946,0.998915,0.066767,0.089404
5,C_Normal_Reset,C,False,True,366,11065547183197040574,0.997343,0.993140,0.995383,0.994565,0.122808,0.175126
5,C_Normal_Reset,C,False,True,367,16439645546176954525,0.989349,0.991154,0.995790,0.996270,0.248386,0.296358
5,C_Normal_Reset,C,False,True,368,9366756531688549823,0.994284,0.995871,0.997286,0.997567,0.192799,0.207602
5,C_Normal_Reset,C,False,True,369,4792073796704228263,0.999780,0.999922,0.999491,0.999717,0.071818,0.097143
5,C_Normal_Reset,C,False,True,370,5035976207972459913,0.999284,0.999871,0.999361,0.999836,0.142448,0.150356
5,C_Normal_Reset,C,False,True,371,2143007146624028977,0.999808,0.998977,0.999541,0.999777,0.126918,0.142477
5,C_Normal_Reset,C,False,True,372,3615625820273025977,0.999654,0.999190,0.999488,0.999587,0.069188,0.083577
5,C_Normal_Reset,C,False,True,373,8147087530893604438,0.997258,0.996656,0.996687,0.998094,0.166195,0.188410
5,C_Normal_Reset,C,False,True,374,10878913014206185673,0.999097,0.999642,0.999136,0.999558,0.051069,0.076304
5,C_Normal_Reset,C,False,True,375,14586244458236946073,0.994444,0.993141,0.998766,0.999397,0.213156,0.227186
5,C_Normal_Reset,C,False,True,376,10514112792460608826,0.982412,0.985039,0.993470,0.991817,0.220750,0.253631
5,C_Normal_Reset,C,False,True,377,4754808333704095830,0.999809,0.999985,0.999502,0.999962,0.109384,0.140749
5,C_Normal_Reset,C,False,True,378,7437229987201488668,0.993269,0.996101,0.997241,0.998330,0.099221,0.133724
5,C_Normal_Reset,C,False,True,379,12738181803581385170,0.999987,0.999763,0.999250,0.999592,0.113749,0.145088
5,C_Normal_Reset,C,False,True,380,16017332217642464290,0.999957,0.999932,0.998993,0.999711,0.077029,0.123430
5,C_Normal_Reset,C,False,True,381,8925197652302342083,0.999369,0.999430,0.999016,0.999663,0.098357,0.107546
5,C_Normal_Reset,C,False,True,382,6231989833734841408,0.999019,0.999561,0.999313,0.999799,0.102948,0.144200
5,C_Normal_Reset,C,False,True,383,3171778658618835386,0.999998,0.998917,0.998875,0.999303,0.220238,0.263527
5,C_Normal_Reset,C,False,True,384,7365877116177318999,0.990713,0.994159,0.997285,0.998937,0.225772,0.269527
5,C_Normal_Reset,C,False,True,385,8992561127997189951,0.999947,0.999996,0.998167,0.999784,0.215297,0.231718
5,C_Normal_Reset,C,False,True,386,16671856140088168650,0.997502,0.997828,0.999471,0.998911,0.083386,0.105889
5,C_Normal_Reset,C,False,True,387,14910528498321969175,0.999807,0.999354,0.999381,0.999881,0.122346,0.138128
5,C_Normal_Reset,C,False,True,388,10119509174690423324,0.998933,0.995643,0.999364,0.999032,0.109224,0.130753
5,C_Normal_Reset,C,False,True,389,2731966200324623974,0.996115,0.997265,0.999220,0.999206,0.120934,0.150497
5,C_Normal_Reset,C,False,True,390,5170088932296733393,0.990024,0.994257,0.994863,0.996924,0.108960,0.158003
5,C_Normal_Reset,C,False,True,391,16314147069931407401,0.999994,0.999861,0.999303,0.999479,0.068777,0.080808
5,C_Normal_Reset,C,False,True,392,14508624600017895004,0.999728,0.999608,0.999761,0.999847,0.092526,0.115112
5,C_Normal_Reset,C,False,True,393,8779006943661441545,0.998890,0.999904,0.997752,0.999087,0.143550,0.170449
5,C_Normal_Reset,C,False,True,394,8982773552298334946,0.999401,0.999999,0.997406,0.999827,0.414122,0.439487
5,C_Normal_Reset,C,False,True,395,11953227760107370287,0.999180,0.998535,0.997814,0.999696,0.329544,0.372313
5,C_Normal_Reset,C,False,True,396,10435575103314150414,0.996389,0.999008,0.998804,0.999252,0.099992,0.120125
5,C_Normal_Reset,C,False,True,397,10897520373728650523,0.999629,0.999429,0.997662,0.999647,0.287342,0.320000
5,C_Normal_Reset,C,False,True,398,11085382592685624044,0.997843,0.999015,0.998771,0.999350,0.061822,0.071603
5,C_Normal_Reset,C,False,True,399,9844932661409210433,0.999957,0.999875,0.998325,0.999618,0.133449,0.160011
5,C_Normal_Reset,C,False,True,400,10704438804232113050,0.999244,0.999913,0.999728,0.999831,0.064944,0.068722
5,C_Normal_Reset,C,False,True,401,3034331878779040743,0.999734,0.999272,0.999300,0.999818,0.211060,0.233002
5,C_Normal_Reset,C,False,True,402,1125832127968750283,0.999985,0.999928,0.998750,0.999347,0.068352,0.090257
5,C_Normal_Reset,C,False,True,403,3394158654211653194,0.999787,0.999994,0.997370,0.999736,0.322186,0.346445
5,C_Normal_Reset,C,False,True,404,2882252263444229363,0.998912,0.999808,0.999838,0.999549,0.079862,0.093159
5,C_Normal_Reset,C,False,True,405,881974608341379158,0.991415,0.993675,0.997721,0.998144,0.065937,0.091630
5,C_Normal_Reset,C,False,True,406,7108321295096252793,0.998483,0.999994,0.998901,0.999794,0.203436,0.220701
5,C_Normal_Reset,C,False,True,407,6305696816599549075,0.996374,0.998913,0.997297,0.999335,0.337605,0.362630
5,C_Normal_Reset,C,False,True,408,1580290873191265608,0.998222,0.996917,0.998415,0.998743,0.077277,0.101017
5,C_Normal_Reset,C,False,True,409,1247659033198119498,0.999931,0.999478,0.999595,0.999704,0.057805,0.078452
5,C_Normal_Reset,C,False,True,410,13367001037292341095,0.991010,0.989840,0.989244,0.993348,0.154705,0.176307
5,C_Normal_Reset,C,False,True,411,16243408070109775347,0.997132,0.996880,0.998195,0.997172,0.163359,0.198255
5,C_Normal_Reset,C,False,True,412,11299705980865848691,0.999996,0.999628,0.996312,0.999103,0.188083,0.232493
5,C_Normal_Reset,C,False,True,413,13720530577126840447,0.999824,0.999843,0.998688,0.999653,0.217438,0.228811
5,C_Normal_Reset,C,False,True,414,5789564379428684559,0.992378,0.990204,0.992305,0.994283,0.126795,0.159054
5,C_Normal_Reset,C,False,True,415,2357112048287965243,0.999917,0.999985,0.997307,0.999625,0.205548,0.242865
5,C_Normal_Reset,C,False,True,416,174690683108846133,0.999368,0.998804,0.998205,0.998714,0.130261,0.169841
5,C_Normal_Reset,C,False,True,417,2286905146833238219,0.999994,0.999604,0.999467,0.999833,0.112306,0.133871
5,C_Normal_Reset,C,False,True,418,13832981788605792916,0.999993,0.999944,0.998432,0.999893,0.200259,0.220753
5,C_Normal_Reset,C,False,True,419,7568644682993908411,0.999948,0.999944,0.997150,0.998262,0.138649,0.166523
5,C_Normal_Reset,C,False,True,420,4445509033361245068,0.999126,0.999285,0.998260,0.999904,0.227461,0.267450
5,C_Normal_Reset,C,False,True,421,18425833063362673342,0.998971,0.999346,0.998674,0.999776,0.118941,0.148607
5,C_Normal_Reset,C,False,True,422,14189485594019843578,0.999375,0.999994,0.999404,0.999925,0.130786,0.154163
5,C_Normal_Reset,C,False,True,423,1679431688127372359,0.996034,0.997862,0.999132,0.999291,0.124993,0.151436
5,C_Normal_Reset,C,False,True,424,17305680805016171483,0.998775,0.999610,0.998461,0.999849,0.269448,0.303648
5,C_Normal_Reset,C,False,True,425,1167859703123360948,1.000000,0.999998,0.998926,0.999884,0.117325,0.149718
5,C_Normal_Reset,C,False,True,426,15885739514280644074,0.999096,0.999668,0.999040,0.999648,0.128047,0.158210
5,C_Normal_Reset,C,False,True,427,8008825892166050274,0.996919,0.996716,0.995953,0.997379,0.081007,0.107566
5,C_Normal_Reset,C,False,True,428,7598876992871273030,0.999851,0.999217,0.998668,0.999615,0.122543,0.128108
5,C_Normal_Reset,C,False,True,429,840223987250761450,0.999994,0.999922,0.999834,0.999860,0.064204,0.085066
5,C_Normal_Reset,C,False,True,430,6052750562356275807,0.999397,0.999871,0.999670,0.999918,0.060685,0.092164
5,C_Normal_Reset,C,False,True,431,2007952218931555599,0.999703,0.999783,0.998396,0.999659,0.125446,0.145815
5,C_Normal_Reset,C,False,True,432,9718050440533806965,0.999867,0.999999,0.999510,0.999890,0.091263,0.116687
5,C_Normal_Reset,C,False,True,433,7408914905126109733,0.999910,0.999765,0.998667,0.999554,0.124917,0.149713
5,C_Normal_Reset,C,False,True,434,11313957508103110853,0.996356,0.994983,0.996985,0.998524,0.207880,0.255472
5,C_Normal_Reset,C,False,True,435,8879220193869023765,0.994584,0.996497,0.998958,0.999129,0.082178,0.106421
5,C_Normal_Reset,C,False,True,436,13906529636567675853,0.998080,0.999586,0.996599,0.999715,0.359683,0.395032
5,C_Normal_Reset,C,False,True,437,5855982910739182646,0.998880,0.999783,0.999483,0.999885,0.118836,0.133775
5,C_Normal_Reset,C,False,True,438,6412352980663125108,0.988677,0.992639,0.996957,0.997100,0.097715,0.135077
5,C_Normal_Reset,C,False,True,439,657903188921881562,0.999484,0.999369,0.999088,0.999924,0.128989,0.153715
5,C_Normal_Reset,C,False,True,440,8031272448155551097,0.998531,0.997599,0.998332,0.998178,0.052153,0.081318
5,C_Normal_Reset,C,False,True,441,1265380375796642216,0.997851,0.997019,0.999366,0.999347,0.071563,0.098075
5,C_Normal_Reset,C,False,True,442,5593362099172646137,0.998773,0.997247,0.998977,0.999583,0.136196,0.168324
5,C_Normal_Reset,C,False,True,443,790333743209758272,0.994008,0.992299,0.997984,0.997770,0.049355,0.070814
5,C_Normal_Reset,C,False,True,444,947694085199292763,0.999946,0.999869,0.998332,0.999870,0.286349,0.311699
5,C_Normal_Reset,C,False,True,445,17534251931471810260,0.999897,0.999459,0.998038,0.998800,0.063900,0.072562
5,C_Normal_Reset,C,False,True,446,8745920863243524036,0.996695,0.998897,0.998521,0.999502,0.166658,0.199653
5,C_Normal_Reset,C,False,True,447,6285196879063552439,0.998549,0.999310,0.997219,0.999672,0.283866,0.329369
5,C_Normal_Reset,C,False,True,448,12387393402962237673,1.000000,0.999995,0.998998,0.999754,0.139274,0.170142
5,C_Normal_Reset,C,False,True,449,14507725261045148397,0.999860,0.999813,0.999226,0.999816,0.231046,0.259520
5,C_Normal_Reset,C,False,True,450,13891019621533505396,0.999981,0.999977,0.992287,0.999147,0.596013,0.646435
5,C_Normal_Reset,C,False,True,451,4128195264728364798,0.997397,0.998841,0.998131,0.998370,0.093538,0.115193
5,C_Normal_Reset,C,False,True,452,7681540023888242200,0.995502,0.996627,0.998540,0.998945,0.039153,0.053631
5,C_Normal_Reset,C,False,True,453,6079767641052167740,0.999349,0.999632,0.998774,0.999784,0.305654,0.343991
5,C_Normal_Reset,C,False,True,454,1522086620469175055,0.999658,0.999013,0.998670,0.999263,0.180637,0.199772
5,C_Normal_Reset,C,False,True,455,15400241345564277869,0.994933,0.990020,0.996422,0.997061,0.107088,0.132945
5,C_Normal_Reset,C,False,True,456,17681469043708263039,0.988115,0.988613,0.994228,0.993721,0.170438,0.196223
5,C_Normal_Reset,C,False,True,457,3948262241026406969,0.995431,0.996686,0.998080,0.998662,0.150674,0.166792
5,C_Normal_Reset,C,False,True,458,9550203361515319251,0.999963,0.999846,0.999724,0.999630,0.074722,0.095242
5,C_Normal_Reset,C,False,True,459,279308700311366625,0.997020,0.997414,0.998834,0.999167,0.073163,0.088629
5,C_Normal_Reset,C,False,True,460,5084358886430925601,0.999869,0.999828,0.999784,0.999947,0.088131,0.105953
5,C_Normal_Reset,C,False,True,461,17651016694270862649,0.998359,0.999329,0.996152,0.999703,0.524182,0.557304
5,C_Normal_Reset,C,False,True,462,2521706350363808637,0.998828,0.998497,0.993733,0.997457,0.374899,0.420925
5,C_Normal_Reset,C,False,True,463,8140479655754397753,0.998954,0.999732,0.998172,0.999675,0.130679,0.147659
5,C_Normal_Reset,C,False,True,464,4127978471678503848,0.998208,0.998931,0.998958,0.999716,0.109066,0.123573
5,C_Normal_Reset,C,False,True,465,5620281631502860799,0.999775,0.999129,0.999490,0.999706,0.060642,0.080678
5,C_Normal_Reset,C,False,True,466,6011715412283388022,0.999971,0.999923,0.998896,0.999579,0.097487,0.129562
5,C_Normal_Reset,C,False,True,467,3637975626827260204,0.994916,0.994510,0.995585,0.998763,0.351885,0.392032
5,C_Normal_Reset,C,False,True,468,16393562786396533299,0.999144,0.998159,0.995992,0.999499,0.676312,0.701205
5,C_Normal_Reset,C,False,True,469,15372933621050984750,0.998323,0.997728,0.996323,0.997774,0.094749,0.118338
5,C_Normal_Reset,C,False,True,470,4135541125996440097,0.999561,0.999268,0.999773,0.999782,0.098094,0.119718
5,C_Normal_Reset,C,False,True,471,9284036803608259280,0.999739,0.999747,0.998418,0.999694,0.173102,0.197131
5,C_Normal_Reset,C,False,True,472,10248875571028922978,0.998290,0.997136,0.996073,0.997989,0.134837,0.166263
5,C_Normal_Reset,C,False,True,473,16426325588480591409,0.999209,0.999301,0.997948,0.998248,0.079595,0.113851
5,C_Normal_Reset,C,False,True,474,11333545457321562530,0.999027,0.999678,0.999159,0.999057,0.124653,0.158169
5,C_Normal_Reset,C,False,True,475,7318330195958476857,0.999124,0.999765,0.998574,0.999850,0.205883,0.243260
5,C_Normal_Reset,C,False,True,476,12551451250080732282,0.999025,0.999296,0.999261,0.999786,0.076236,0.115061
5,C_Normal_Reset,C,False,True,477,3493932623537277094,0.993923,0.995854,0.997748,0.998942,0.087301,0.112260
5,C_Normal_Reset,C,False,True,478,10056302366295271740,0.995074,0.995591,0.997359,0.998340,0.105041,0.127245
5,C_Normal_Reset,C,False,True,479,5806320024603407759,0.996320,0.993026,0.997604,0.997994,0.162136,0.164907
5,C_Normal_Reset,C,False,True,480,5735777546477158386,0.999747,0.999997,0.997565,0.999145,0.134327,0.145561
5,C_Normal_Reset,C,False,True,481,15329755156592426094,0.996667,0.997686,0.999333,0.999705,0.135784,0.149995
5,C_Normal_Reset,C,False,True,482,3829638272773251598,0.997640,0.997863,0.998301,0.999292,0.218487,0.253236
5,C_Normal_Reset,C,False,True,483,9130128884097595368,0.999040,0.996877,0.998075,0.998354,0.067494,0.108612
5,C_Normal_Reset,C,False,True,484,1164749105508445083,0.999671,0.999998,0.998651,0.999643,0.100473,0.131751
5,C_Normal_Reset,C,False,True,485,473227744139360603,1.000000,1.000000,0.999516,0.999820,0.063338,0.106841
5,C_Normal_Reset,C,False,True,486,7432397887862415116,0.997891,0.997571,0.998251,0.999277,0.083218,0.119807
5,C_Normal_Reset,C,False,True,487,14525486824750891563,0.995387,0.992744,0.998658,0.997526,0.098343,0.120763
5,C_Normal_Reset,C,False,True,488,7229606256922554048,0.999792,0.999069,0.999015,0.999486,0.123890,0.147044
5,C_Normal_Reset,C,False,True,489,14900501109602893615,0.999695,0.999650,0.999810,0.999738,0.096204,0.115756
5,C_Normal_Reset,C,False,True,490,8868575130964221499,0.999933,0.999877,0.999504,0.999829,0.057576,0.100752
5,C_Normal_Reset,C,False,True,491,4300385472287563376,0.995664,0.997073,0.998696,0.999397,0.191811,0.237946
5,C_Normal_Reset,C,False,True,492,14406053095974741702,0.998382,0.997652,0.996409,0.998201,0.274648,0.306996
5,C_Normal_Reset,C,False,True,493,17081311904986968938,0.997981,0.998022,0.997033,0.998697,0.144061,0.193422
5,C_Normal_Reset,C,False,True,494,18096231596231993875,0.991398,0.992515,0.995114,0.995828,0.105892,0.116845
5,C_Normal_Reset,C,False,True,495,15453321146785359171,0.999992,0.999156,0.998526,0.999268,0.108867,0.145330
5,C_Normal_Reset,C,False,True,496,8106949946027095574,0.999956,0.999996,0.999713,0.999889,0.049032,0.071133
5,C_Normal_Reset,C,False,True,497,6962084278480943520,0.999043,0.999992,0.999475,0.999911,0.117318,0.147795
5,C_Normal_Reset,C,False,True,498,13716979520751768955,0.999921,0.999886,0.999763,0.999894,0.030859,0.055515
5,C_Normal_Reset,C,False,True,499,549783078474249274,0.999954,0.999525,0.999528,0.998512,0.200338,0.214211
5,C_Normal_Reset,C,False,True,500,10457661340139799727,0.995203,0.994179,0.997241,0.997534,0.075341,0.095186
5,C_Normal_Reset,C,False,True,501,10695658071621244772,0.995878,0.998179,0.997876,0.999040,0.207164,0.261433
5,C_Normal_Reset,C,False,True,502,5885793293217975157,0.991633,0.995791,0.996003,0.997503,0.102042,0.116663
5,C_Normal_Reset,C,False,True,503,11953408924862509859,0.998641,0.999726,0.998399,0.999695,0.119500,0.148016
5,C_Normal_Reset,C,False,True,504,12824412061627109759,0.991340,0.989727,0.996500,0.995462,0.076680,0.089051
5,C_Normal_Reset,C,False,True,505,4804396671190910844,0.999998,0.998927,0.998283,0.999475,0.186864,0.211264
5,C_Normal_Reset,C,False,True,506,6245158708643565417,0.999988,0.999568,0.996372,0.997333,0.123840,0.169007
5,C_Normal_Reset,C,False,True,507,8054259588835247345,0.989300,0.994100,0.997328,0.998386,0.132490,0.182978
5,C_Normal_Reset,C,False,True,508,3184607921120681958,0.995264,0.992270,0.997915,0.997543,0.055617,0.074415
5,C_Normal_Reset,C,False,True,509,2774919626057935193,0.997712,0.999366,0.994877,0.999580,0.601854,0.643226
5,C_Normal_Reset,C,False,True,510,14005015532113633503,0.996453,0.995774,0.996375,0.998397,0.119147,0.169256
5,C_Normal_Reset,C,False,True,511,16090166344692243813,0.993450,0.993660,0.996972,0.998052,0.147691,0.184617
5,C_Normal_Reset,C,False,True,512,9390611493658494033,0.995255,0.996387,0.994170,0.995634,0.210246,0.259558
5,C_Normal_Reset,C,False,True,513,4405726224609201998,0.991773,0.994669,0.998005,0.998133,0.193185,0.207755
5,C_Normal_Reset,C,False,True,514,15678786277409500725,0.999920,0.999866,0.999111,0.999762,0.157660,0.169457
5,C_Normal_Reset,C,False,True,515,12512079484822573855,1.000000,0.999789,0.997266,0.998928,0.178403,0.218566
5,C_Normal_Reset,C,False,True,516,10921304784470928663,0.999039,0.999812,0.998606,0.999491,0.144800,0.167052
5,C_Normal_Reset,C,False,True,517,5511795748800201340,0.990078,0.990432,0.994221,0.997372,0.196246,0.229064
5,C_Normal_Reset,C,False,True,518,1405459593069023969,0.998953,0.999696,0.999287,0.999446,0.116017,0.165830
5,C_Normal_Reset,C,False,True,519,7603160878042900240,0.999950,0.999999,0.999575,0.999850,0.107726,0.134637
5,C_Normal_Reset,C,False,True,520,15802421081265890230,0.999256,0.999792,0.997623,0.998846,0.148061,0.167862
5,C_Normal_Reset,C,False,True,521,5400244307656899599,0.999821,0.999551,0.998134,0.999711,0.230945,0.290217
5,C_Normal_Reset,C,False,True,522,5154074442867690990,0.999987,0.999869,0.999140,0.999837,0.233002,0.263042
5,C_Normal_Reset,C,False,True,523,10792514104958376473,0.999871,0.999991,0.998607,0.999922,0.317122,0.343091
5,C_Normal_Reset,C,False,True,524,11634500142432787208,0.989714,0.992759,0.997754,0.996540,0.217576,0.268830
5,C_Normal_Reset,C,False,True,525,8785317795622493686,0.999732,0.998245,0.999373,0.998935,0.074960,0.101334
5,C_Normal_Reset,C,False,True,526,17794736700031460263,0.996763,0.995723,0.996711,0.996460,0.122589,0.174785
5,C_Normal_Reset,C,False,True,527,16720843363823171803,0.999675,0.999960,0.999804,0.999594,0.118895,0.125151
5,C_Normal_Reset,C,False,True,528,14307897564651956546,0.998997,0.998566,0.996622,0.999484,0.295486,0.336822
5,C_Normal_Reset,C,False,True,529,13633107790785939667,0.998657,0.998779,0.999257,0.999596,0.051056,0.082530
5,C_Normal_Reset,C,False,True,530,7430208753550181942,0.996851,0.997111,0.998925,0.999451,0.098593,0.122503
5,C_Normal_Reset,C,False,True,531,8328210260724324853,0.996841,0.999210,0.999470,0.999625,0.106585,0.132784
5,C_Normal_Reset,C,False,True,532,487634862731096751,0.996338,0.996106,0.997318,0.998103,0.095235,0.107288
5,C_Normal_Reset,C,False,True,533,4026290176743446443,0.999973,0.999776,0.998812,0.999867,0.159500,0.215485
5,C_Normal_Reset,C,False,True,534,5847271823611217774,0.998607,0.999695,0.997799,0.999533,0.148809,0.183130
5,C_Normal_Reset,C,False,True,535,3303759832375925244,0.993928,0.996116,0.996148,0.998208,0.154827,0.169167
5,C_Normal_Reset,C,False,True,536,5232751670965886573,0.998638,0.998788,0.999046,0.999240,0.141627,0.142995
5,C_Normal_Reset,C,False,True,537,7531097165090729099,0.999619,0.999981,0.999059,0.999052,0.111859,0.137581
5,C_Normal_Reset,C,False,True,538,8299503924897711474,0.998991,0.997799,0.995865,0.997820,0.223253,0.270254
5,C_Normal_Reset,C,False,True,539,12752345114497054107,0.997609,0.997932,0.992742,0.998384,0.506829,0.547963
5,C_Normal_Reset,C,False,True,540,8439475842917248981,0.999984,0.999990,0.998960,0.999147,0.081448,0.097530
5,C_Normal_Reset,C,False,True,541,17343469286196586746,0.999332,0.996590,0.997633,0.998470,0.195263,0.218287
5,C_Normal_Reset,C,False,True,542,5530183150924523038,0.988784,0.991917,0.996531,0.997360,0.187636,0.235924
5,C_Normal_Reset,C,False,True,543,17150715488755565525,0.998820,0.999937,0.999153,0.999734,0.105911,0.125845
5,C_Normal_Reset,C,False,True,544,12247485381214436448,0.999999,0.999940,0.999470,0.999883,0.085953,0.116507
5,C_Normal_Reset,C,False,True,545,14347247224254482016,0.999959,0.999994,0.996829,0.998527,0.124061,0.153744
5,C_Normal_Reset,C,False,True,546,1932577252300474186,0.995798,0.994090,0.998330,0.997576,0.132730,0.168505
5,C_Normal_Reset,C,False,True,547,10163990667156234140,0.999331,0.998841,0.999333,0.999364,0.039990,0.061369
5,C_Normal_Reset,C,False,True,548,3872552658636105975,0.996681,0.999162,0.999745,0.999524,0.066282,0.088553
5,C_Normal_Reset,C,False,True,549,715123003120775400,0.998362,0.997999,0.998413,0.998545,0.069628,0.093016
5,C_Normal_Reset,C,False,True,550,12767559341250383258,0.994461,0.994316,0.997712,0.998881,0.188908,0.231986
5,C_Normal_Reset,C,False,True,551,12262283339322083413,0.994756,0.994948,0.996740,0.997196,0.074078,0.078112
5,C_Normal_Reset,C,False,True,552,10394351174596582310,0.999152,0.999853,0.999112,0.999912,0.127597,0.149095
5,C_Normal_Reset,C,False,True,553,3116015702862414025,0.997915,0.998465,0.997519,0.999658,0.262013,0.285312
5,C_Normal_Reset,C,False,True,554,14945235292455970688,0.999935,0.999915,0.998865,0.999505,0.111105,0.128899
5,C_Normal_Reset,C,False,True,555,11767769774321018452,0.999136,0.998915,0.996486,0.999116,0.259578,0.299822
5,C_Normal_Reset,C,False,True,556,8160608548255150587,0.990389,0.991223,0.996212,0.996009,0.044938,0.065796
5,C_Normal_Reset,C,False,True,557,8439773111071158660,0.999335,0.999876,0.998964,0.999924,0.141292,0.153735
5,C_Normal_Reset,C,False,True,558,5381511426562652361,0.995026,0.994461,0.996923,0.998182,0.169354,0.224249
5,C_Normal_Reset,C,False,True,559,7197169352893546318,0.996479,0.997432,0.998439,0.999213,0.212592,0.250689
5,C_Normal_Reset,C,False,True,560,2844453521185600013,0.998075,0.999764,0.993579,0.999559,0.737855,0.787979
5,C_Normal_Reset,C,False,True,561,16500901162001534659,0.999975,0.997965,0.998488,0.999082,0.158752,0.202654
5,C_Normal_Reset,C,False,True,562,1746199624868913856,0.998991,0.998832,0.999131,0.999373,0.091545,0.121970
5,C_Normal_Reset,C,False,True,563,18232166801957117884,0.999934,0.999803,0.998328,0.999319,0.060893,0.074403
5,C_Normal_Reset,C,False,True,564,340507923732050828,0.999742,0.999683,0.998833,0.999796,0.138140,0.167376
5,C_Normal_Reset,C,False,True,565,7273857491989032499,0.999919,0.999987,0.998598,0.999922,0.368061,0.400580
5,C_Normal_Reset,C,False,True,566,14405425052739086635,0.997725,0.998895,0.998601,0.998900,0.102865,0.140178
5,C_Normal_Reset,C,False,True,567,12803855451147926998,0.999188,0.999997,0.994426,0.999773,0.772783,0.840185
5,C_Normal_Reset,C,False,True,568,7130574648480753133,0.999745,0.999494,0.997826,0.999854,0.456405,0.470075
5,C_Normal_Reset,C,False,True,569,16298594386132081791,0.999978,0.999601,0.996469,0.998787,0.330644,0.370135
5,C_Normal_Reset,C,False,True,570,4660117460785109548,0.999998,0.999945,0.998768,0.999739,0.161036,0.210398
5,C_Normal_Reset,C,False,True,571,8250574763834434796,0.998251,0.996346,0.997945,0.998459,0.080192,0.110439
5,C_Normal_Reset,C,False,True,572,4953368852835191362,0.998638,0.999127,0.999551,0.999783,0.111615,0.129189
5,C_Normal_Reset,C,False,True,573,2273308619908412166,0.994692,0.993688,0.996428,0.998564,0.310952,0.351240
5,C_Normal_Reset,C,False,True,574,5164783023293803324,0.995317,0.997576,0.998442,0.998549,0.153167,0.174799
5,C_Normal_Reset,C,False,True,575,10511632046733666329,0.999296,0.999315,0.997266,0.998423,0.118120,0.131865
5,C_Normal_Reset,C,False,True,576,7773140797318023668,0.997796,0.999482,0.998976,0.999516,0.061142,0.086288
5,C_Normal_Reset,C,False,True,577,3553905009020957060,0.999330,0.999952,0.998627,0.999802,0.141784,0.170503
5,C_Normal_Reset,C,False,True,578,7494761922022256531,0.999922,0.999998,0.999363,0.999926,0.079402,0.116502
5,C_Normal_Reset,C,False,True,579,15426597011497568067,0.998417,0.997976,0.998570,0.997762,0.144487,0.179025
5,C_Normal_Reset,C,False,True,580,17111616272955342621,0.998824,0.996833,0.996169,0.999276,0.378098,0.414661
5,C_Normal_Reset,C,False,True,581,14031687683332878796,0.999232,0.999891,0.999465,0.999696,0.092686,0.113651
5,C_Normal_Reset,C,False,True,582,16363996668544466703,0.999200,0.998883,0.999399,0.999303,0.172912,0.192880
5,C_Normal_Reset,C,False,True,583,11642937857064398968,0.999844,0.999487,0.996403,0.999250,0.239787,0.285457
5,C_Normal_Reset,C,False,True,584,10233520792200215299,0.999904,0.999487,0.993756,0.998923,0.408492,0.444766
5,C_Normal_Reset,C,False,True,585,9846605275042811436,0.991160,0.986986,0.995703,0.995967,0.172071,0.190015
5,C_Normal_Reset,C,False,True,586,17673366299813563928,0.999414,0.999971,0.999538,0.999953,0.154367,0.173324
5,C_Normal_Reset,C,False,True,587,992319283345297546,0.999921,1.000000,0.999259,0.999887,0.106484,0.148600
5,C_Normal_Reset,C,False,True,588,8137018712711004173,0.997423,0.996282,0.995869,0.998894,0.325757,0.360548
5,C_Normal_Reset,C,False,True,589,10985621974537424050,0.997495,0.997891,0.998980,0.999480,0.123822,0.146766
5,C_Normal_Reset,C,False,True,590,4347749210674402947,0.999739,0.999698,0.998892,0.999712,0.081814,0.099925
5,C_Normal_Reset,C,False,True,591,8639006620720169483,0.996840,0.997803,0.998131,0.999189,0.100873,0.129363
5,C_Normal_Reset,C,False,True,592,16321672098802512253,0.999201,0.999029,0.997704,0.999174,0.163063,0.182740
5,C_Normal_Reset,C,False,True,593,8197001328001318885,0.984136,0.988969,0.992592,0.994171,0.105000,0.123556
5,C_Normal_Reset,C,False,True,594,3291266846973942503,0.998472,0.998915,0.996766,0.998562,0.098168,0.123563
5,C_Normal_Reset,C,False,True,595,10729033726728977328,0.998974,0.998928,0.998649,0.999529,0.130403,0.160420
5,C_Normal_Reset,C,False,True,596,17093710207202099432,0.999451,0.999916,0.998723,0.999769,0.211865,0.236547
5,C_Normal_Reset,C,False,True,597,12130536117486866981,0.998732,0.999977,0.998887,0.999180,0.098856,0.134148
5,C_Normal_Reset,C,False,True,598,1057642529753632844,0.994422,0.994989,0.994776,0.997308,0.088408,0.150105
5,C_Normal_Reset,C,False,True,599,7987564974902087726,0.998539,0.999518,0.998535,0.998834,0.073271,0.107078
5,C_Normal_Reset,C,False,True,600,11807790032573024468,0.998141,0.997208,0.995174,0.997539,0.169496,0.192349
5,C_Normal_Reset,C,False,True,601,4539024746347799449,0.999922,0.999826,0.998554,0.998355,0.048905,0.078520
5,C_Normal_Reset,C,False,True,602,7028235962096271612,0.997421,0.997290,0.998280,0.998846,0.071200,0.085434
5,C_Normal_Reset,C,False,True,603,6716612444185097689,0.999582,0.996963,0.998881,0.999148,0.130012,0.175402
5,C_Normal_Reset,C,False,True,604,1460024525116748242,0.999208,0.999303,0.996154,0.999470,0.318083,0.348703
5,C_Normal_Reset,C,False,True,605,16840606915729630857,0.998552,0.997895,0.997788,0.998852,0.198186,0.218526
5,C_Normal_Reset,C,False,True,606,15105136779836423240,0.997209,0.996887,0.999223,0.999195,0.032320,0.054581
5,C_Normal_Reset,C,False,True,607,6909684633202994600,0.999832,0.999955,0.995482,0.998935,0.330643,0.378345
5,C_Normal_Reset,C,False,True,608,2471594244717412337,0.988796,0.992572,0.994584,0.997278,0.419792,0.455714
5,C_Normal_Reset,C,False,True,609,3306947515190055155,0.998334,0.996039,0.990552,0.996972,0.634643,0.696637
5,C_Normal_Reset,C,False,True,610,545224917424909897,0.999532,0.999140,0.999117,0.999829,0.173816,0.201287
5,C_Normal_Reset,C,False,True,611,10735706081010516820,0.997654,0.996729,0.998249,0.998937,0.134874,0.160819
5,C_Normal_Reset,C,False,True,612,5740403644205932458,0.999944,0.999966,0.999476,0.999812,0.098990,0.137314
5,C_Normal_Reset,C,False,True,613,16758230122290699836,0.990974,0.994984,0.995503,0.997276,0.079627,0.111931
5,C_Normal_Reset,C,False,True,614,8240300945103614404,0.999819,0.999905,0.998975,0.999628,0.139763,0.165149
5,C_Normal_Reset,C,False,True,615,18120572299728361627,0.997886,0.997017,0.997816,0.997449,0.111172,0.147534
5,C_Normal_Reset,C,False,True,616,10591026578905625537,0.994259,0.994664,0.992128,0.997655,0.532434,0.558751
5,C_Normal_Reset,C,False,True,617,3898872955941280685,0.997275,0.996481,0.995888,0.996529,0.203413,0.236702
5,C_Normal_Reset,C,False,True,618,15892199700382858959,0.999846,1.000000,0.998974,0.999630,0.126602,0.173850
5,C_Normal_Reset,C,False,True,619,10204172090475898782,0.991496,0.998012,0.998074,0.999048,0.119365,0.114598
5,C_Normal_Reset,C,False,True,620,15581621976613896093,0.999315,0.999251,0.998735,0.999078,0.069010,0.108616
5,C_Normal_Reset,C,False,True,621,16546924387951315341,0.998453,0.997716,0.994785,0.997569,0.247712,0.289920
5,C_Normal_Reset,C,False,True,622,15929231113419056627,0.999999,1.000000,0.996316,0.999635,0.346336,0.379973
5,C_Normal_Reset,C,False,True,623,9408576617329471348,0.998231,1.000000,0.998411,0.999773,0.233190,0.279038
5,C_Normal_Reset,C,False,True,624,2353086339935904418,0.999933,0.999978,0.999751,0.999744,0.103039,0.105091
5,C_Normal_Reset,C,False,True,625,5897189190995305870,0.998353,0.998666,0.999135,0.999423,0.174088,0.188656
5,C_Normal_Reset,C,False,True,626,1224211054155538365,0.999482,1.000000,0.998222,0.999740,0.240891,0.252342
5,C_Normal_Reset,C,False,True,627,7064744878032748120,0.993889,0.998151,0.997058,0.999035,0.264491,0.278956
5,C_Normal_Reset,C,False,True,628,13531216293227501764,0.998720,0.999994,0.993110,0.999588,0.704023,0.732935
5,C_Normal_Reset,C,False,True,629,17208400819422854508,0.999908,1.000000,0.998529,0.999698,0.258939,0.297653
5,C_Normal_Reset,C,False,True,630,10706675730514516513,1.000000,0.999994,0.999025,0.999871,0.125547,0.169467
5,C_Normal_Reset,C,False,True,631,12670340831722938433,0.999838,0.999118,0.998987,0.999435,0.197366,0.287265
5,C_Normal_Reset,C,False,True,632,6552153949652296733,0.999881,0.999712,0.999017,0.999464,0.165686,0.200065
5,C_Normal_Reset,C,False,True,633,12631544743890589571,0.999901,0.999991,0.999564,0.999827,0.100628,0.104565
5,C_Normal_Reset,C,False,True,634,11307146511795264165,0.998337,0.999528,0.999371,0.999851,0.112966,0.151487
5,C_Normal_Reset,C,False,True,635,10387722251827437006,0.989022,0.989920,0.996348,0.998117,0.118169,0.153550
5,C_Normal_Reset,C,False,True,636,716149711826757217,0.999840,0.998819,0.999359,0.999137,0.066798,0.072328
5,C_Normal_Reset,C,False,True,637,2482378330792504069,0.999944,0.999023,0.997622,0.999403,0.203798,0.230319
5,C_Normal_Reset,C,False,True,638,9940459013238262116,0.992595,0.997940,0.997532,0.998670,0.378803,0.416081
5,C_Normal_Reset,C,False,True,639,18019283023375835247,0.998814,0.998633,0.998156,0.999608,0.164144,0.208964
5,C_Normal_Reset,C,False,True,640,17949087321153814092,0.996670,0.999807,0.998937,0.999711,0.085536,0.134204
5,C_Normal_Reset,C,False,True,641,8197491793791984278,0.997303,0.997554,0.998684,0.999508,0.163088,0.177731
5,C_Normal_Reset,C,False,True,642,18165840853758946408,0.999751,0.999882,0.997488,0.999669,0.235872,0.252955
5,C_Normal_Reset,C,False,True,643,9690548560572666116,0.996719,0.993553,0.998106,0.998356,0.082421,0.121239
5,C_Normal_Reset,C,False,True,644,4450490532708559671,0.987494,0.992109,0.998288,0.998775,0.058855,0.080325
5,C_Normal_Reset,C,False,True,645,2998982830189238059,0.999467,0.999795,0.997759,0.999738,0.224623,0.279134
5,C_Normal_Reset,C,False,True,646,11001845891103255111,0.997378,0.998484,0.998257,0.999448,0.175428,0.194085
5,C_Normal_Reset,C,False,True,647,17043569902382418129,0.994243,0.988978,0.991527,0.995875,0.542418,0.589408
5,C_Normal_Reset,C,False,True,648,6058547117279032393,0.999087,0.998062,0.998782,0.999083,0.160211,0.197061
5,C_Normal_Reset,C,False,True,649,13197580157331346605,0.999520,0.998320,0.999056,0.999025,0.106075,0.107920
5,C_Normal_Reset,C,False,True,650,3062968526571694086,0.999999,0.999864,0.998862,0.999433,0.106266,0.115006
5,C_Normal_Reset,C,False,True,651,8469593846766063104,0.999833,0.999976,0.999829,0.999917,0.073417,0.089936
5,C_Normal_Reset,C,False,True,652,17849392051274160014,0.999902,0.999972,0.999029,0.999893,0.127527,0.155941
5,C_Normal_Reset,C,False,True,653,2574239306465182844,0.999114,0.999995,0.997561,0.999505,0.204731,0.234192
5,C_Normal_Reset,C,False,True,654,12115270892953602718,0.999939,0.999657,0.998102,0.999461,0.152542,0.173890
5,C_Normal_Reset,C,False,True,655,7164295355872814070,0.993473,0.994238,0.996038,0.997879,0.200264,0.201678
5,C_Normal_Reset,C,False,True,656,7263491793820055808,0.989046,0.997280,0.996401,0.998534,0.218049,0.254702
5,C_Normal_Reset,C,False,True,657,7793469067259892031,0.992590,0.994232,0.997858,0.996795,0.161499,0.209839
5,C_Normal_Reset,C,False,True,658,6274991874272384008,0.999001,0.997122,0.997667,0.999111,0.485604,0.537901
5,C_Normal_Reset,C,False,True,659,12778839804448673142,0.999949,0.999998,0.999548,0.999817,0.063872,0.086939
5,C_Normal_Reset,C,False,True,660,15843841948822014030,0.999443,0.998676,0.999282,0.999293,0.179948,0.207696
5,C_Normal_Reset,C,False,True,661,10519663829792464517,0.999869,0.999987,0.999229,0.999761,0.109206,0.142152
5,C_Normal_Reset,C,False,True,662,1473234967461065697,0.998643,0.999176,0.998419,0.999552,0.155604,0.197041
5,C_Normal_Reset,C,False,True,663,15476037647251032803,0.999996,0.999976,0.999379,0.998912,0.196770,0.218969
5,C_Normal_Reset,C,False,True,664,16700439671392041841,0.992468,0.994449,0.998284,0.998406,0.045426,0.060067
5,C_Normal_Reset,C,False,True,665,17920913929010095399,0.999663,0.999563,0.999322,0.999833,0.147710,0.170913
5,C_Normal_Reset,C,False,True,666,811282403413498815,0.997571,0.999739,0.997673,0.998789,0.178387,0.214998
5,C_Normal_Reset,C,False,True,667,11320040024553389891,0.999454,0.999924,0.999401,0.999410,0.095710,0.127997
5,C_Normal_Reset,C,False,True,668,13399278640589991116,0.999960,0.999808,0.999579,0.999598,0.069992,0.092846
5,C_Normal_Reset,C,False,True,669,14402174367573299626,0.999994,0.999655,0.997601,0.998744,0.142880,0.172617
5,C_Normal_Reset,C,False,True,670,17361489682417387890,0.999980,0.999944,0.997472,0.999703,0.355458,0.391649
5,C_Normal_Reset,C,False,True,671,18410937886243223934,0.993993,0.995160,0.998240,0.998608,0.136161,0.157648
5,C_Normal_Reset,C,False,True,672,6797720077946227921,0.998989,1.000000,0.999048,0.999401,0.088469,0.121599
5,C_Normal_Reset,C,False,True,673,974292851299516961,0.999700,0.999060,0.999502,0.999723,0.133979,0.153505
5,C_Normal_Reset,C,False,True,674,8144881468412703282,0.998963,0.999914,0.999274,0.999782,0.111915,0.132150
5,C_Normal_Reset,C,False,True,675,6194479565961901209,0.990468,0.995618,0.998435,0.999050,0.129345,0.163653
5,C_Normal_Reset,C,False,True,676,2778653384503553351,0.999961,0.999626,0.998650,0.998772,0.072350,0.093672
5,C_Normal_Reset,C,False,True,677,16512182238228249831,0.999576,0.999911,0.999394,0.999930,0.105942,0.130291
5,C_Normal_Reset,C,False,True,678,18386337610038083787,0.999734,0.999396,0.997305,0.999042,0.264802,0.312067
5,C_Normal_Reset,C,False,True,679,17163419853888933630,0.997163,0.998950,0.999036,0.999778,0.085790,0.109311
5,C_Normal_Reset,C,False,True,680,6023306075862959525,0.999855,0.999847,0.998343,0.999601,0.291274,0.346123
5,C_Normal_Reset,C,False,True,681,9849927425680672400,0.996318,0.994075,0.995865,0.997643,0.190800,0.221349
5,C_Normal_Reset,C,False,True,682,773474649281878581,0.994545,0.992251,0.994739,0.998361,0.608063,0.611879
5,C_Normal_Reset,C,False,True,683,17481720934451589846,0.999109,0.997070,0.999145,0.999330,0.077795,0.114594
5,C_Normal_Reset,C,False,True,684,15356620558680155558,0.997990,0.998170,0.997638,0.999249,0.140199,0.157011
5,C_Normal_Reset,C,False,True,685,1923655590870929227,0.999558,0.998878,0.997782,0.998680,0.065106,0.080636
5,C_Normal_Reset,C,False,True,686,15219962072798172160,0.998304,0.999614,0.994891,0.999350,0.518268,0.544895
5,C_Normal_Reset,C,False,True,687,6429996507453972620,0.999696,0.999714,0.988724,0.998188,0.763154,0.817693
5,C_Normal_Reset,C,False,True,688,7437526061738275190,0.999115,0.999992,0.997779,0.999055,0.074592,0.082597
5,C_Normal_Reset,C,False,True,689,17174831896887193196,0.996671,0.994882,0.999608,0.999261,0.085149,0.080706
5,C_Normal_Reset,C,False,True,690,8800328950587404065,0.999378,0.998953,0.999148,0.999833,0.184097,0.239392
5,C_Normal_Reset,C,False,True,691,10446521952542618670,0.999779,0.997809,0.998110,0.998319,0.082087,0.091883
5,C_Normal_Reset,C,False,True,692,8576407941409625747,0.999417,0.999470,0.998396,0.999700,0.194819,0.250630
5,C_Normal_Reset,C,False,True,693,10558060726576881191,0.999616,0.999734,0.998849,0.999850,0.193131,0.230394
5,C_Normal_Reset,C,False,True,694,9067151434126680171,0.999531,0.999774,0.995381,0.999567,0.566301,0.617824
5,C_Normal_Reset,C,False,True,695,1362519484200820674,0.992384,0.997847,0.997710,0.999085,0.112084,0.150174
5,C_Normal_Reset,C,False,True,696,2955548844949230568,0.996347,0.997734,0.996246,0.998462,0.123762,0.160804
5,C_Normal_Reset,C,False,True,697,14512243886720757174,0.992545,0.992197,0.995241,0.995503,0.071584,0.084154
5,C_Normal_Reset,C,False,True,698,1786022452629746577,0.995181,0.994529,0.994698,0.998580,0.390386,0.408045
5,C_Normal_Reset,C,False,True,699,11149184606895583227,0.999997,0.999849,0.998586,0.999406,0.098410,0.113853
5,C_Normal_Reset,C,False,True,700,12244337292764554930,0.995737,0.994478,0.992262,0.996401,0.270073,0.322077
5,C_Normal_Reset,C,False,True,701,559043681216183203,0.998344,0.998719,0.999418,0.999874,0.113323,0.145074
5,C_Normal_Reset,C,False,True,702,4806476456774555460,0.999347,0.998104,0.998790,0.999260,0.097038,0.147062
5,C_Normal_Reset,C,False,True,703,15138813131365538906,0.989102,0.993008,0.994477,0.994945,0.112021,0.155169
5,C_Normal_Reset,C,False,True,704,15354903749109276454,0.999893,0.999764,0.999604,0.999768,0.107975,0.114428
5,C_Normal_Reset,C,False,True,705,11192452842722421503,0.999392,0.999444,0.993162,0.998841,0.561916,0.610282
5,C_Normal_Reset,C,False,True,706,9128964564189097855,0.996666,0.996065,0.993923,0.997149,0.270278,0.305108
5,C_Normal_Reset,C,False,True,707,14913856957213490887,0.997578,0.997229,0.995353,0.997947,0.311329,0.350501
5,C_Normal_Reset,C,False,True,708,7126962808241067037,0.991330,0.991108,0.998299,0.996871,0.116902,0.137154
5,C_Normal_Reset,C,False,True,709,8451698583846613663,0.998956,0.998609,0.996175,0.998617,0.278870,0.317661
5,C_Normal_Reset,C,False,True,710,437052078976749894,0.999853,0.999979,0.999485,0.999721,0.099197,0.148571
5,C_Normal_Reset,C,False,True,711,16833768236077448247,0.999034,0.998670,0.997265,0.999119,0.198781,0.246532
5,C_Normal_Reset,C,False,True,712,12498619493543384691,0.990725,0.993226,0.994351,0.996734,0.135075,0.158637
5,C_Normal_Reset,C,False,True,713,11729358657018787651,0.999934,0.999996,0.998143,0.999638,0.138881,0.171398
5,C_Normal_Reset,C,False,True,714,4170592057988486909,0.998246,0.999521,0.998642,0.999639,0.084219,0.117580
5,C_Normal_Reset,C,False,True,715,6229144011526051370,0.995910,0.996810,0.998514,0.997997,0.082558,0.090352
5,C_Normal_Reset,C,False,True,716,1256039037732917663,0.999824,0.999915,0.999791,0.999767,0.057548,0.086153
5,C_Normal_Reset,C,False,True,717,13498713766926301014,0.999982,0.999999,0.999660,0.999898,0.072773,0.104070
5,C_Normal_Reset,C,False,True,718,12968095176941777818,0.997702,0.998223,0.998908,0.999268,0.108092,0.146955
5,C_Normal_Reset,C,False,True,719,2031376058524113245,0.999643,0.999086,0.998717,0.999726,0.221658,0.246289
5,C_Normal_Reset,C,False,True,720,1738200675826531580,0.999081,0.999557,0.998370,0.999618,0.182254,0.221525
5,C_Normal_Reset,C,False,True,721,9618062030755782167,0.999994,0.999598,0.999618,0.999700,0.061574,0.080317
5,C_Normal_Reset,C,False,True,722,15628660571722465129,0.999634,1.000000,0.997333,0.999564,0.216505,0.239315
5,C_Normal_Reset,C,False,True,723,15312982855586058844,0.997562,0.997380,0.999152,0.999091,0.052743,0.050018
5,C_Normal_Reset,C,False,True,724,14088035138122362955,0.998500,0.999847,0.999057,0.999570,0.100950,0.119974
5,C_Normal_Reset,C,False,True,725,1791256757383472450,0.997204,0.998867,0.998798,0.999324,0.057421,0.085478
5,C_Normal_Reset,C,False,True,726,17509077413459677145,0.994901,0.997459,0.993277,0.998844,0.612075,0.686475
5,C_Normal_Reset,C,False,True,727,17635823970442306909,0.997485,0.997654,0.997433,0.999149,0.252505,0.294011
5,C_Normal_Reset,C,False,True,728,8620445700513564007,0.999969,0.999336,0.995768,0.996672,0.124904,0.155009
5,C_Normal_Reset,C,False,True,729,8126778911249029158,0.997059,0.993105,0.996182,0.997091,0.152142,0.179334
5,C_Normal_Reset,C,False,True,730,3149298300462418958,0.999110,0.999207,0.999342,0.999861,0.123225,0.137530
5,C_Normal_Reset,C,False,True,731,3395194475157482373,0.999029,0.999948,0.998497,0.999626,0.182003,0.200904
5,C_Normal_Reset,C,False,True,732,2739477962887349246,0.998994,0.999824,0.998501,0.999889,0.218637,0.251037
5,C_Normal_Reset,C,False,True,733,9199775644706037310,0.999916,0.999723,0.999473,0.999780,0.130190,0.158516
5,C_Normal_Reset,C,False,True,734,2610892394824202989,0.994920,0.994142,0.998080,0.998530,0.054192,0.072929
5,C_Normal_Reset,C,False,True,735,1293995414027731068,0.997792,0.999579,0.995765,0.998176,0.152324,0.174045
5,C_Normal_Reset,C,False,True,736,15700511144441272264,0.999637,0.999898,0.999332,0.999406,0.055184,0.078234
5,C_Normal_Reset,C,False,True,737,16460277281258745481,0.997712,0.999325,0.996992,0.999469,0.217123,0.256957
5,C_Normal_Reset,C,False,True,738,5221595398543995630,0.999480,0.999418,0.999586,0.999674,0.075348,0.091948
5,C_Normal_Reset,C,False,True,739,2011636430265198104,0.999921,0.999997,0.996005,0.999760,0.479420,0.505946
5,C_Normal_Reset,C,False,True,740,9746340743283458980,0.999602,0.997435,0.999332,0.999281,0.102073,0.121874
5,C_Normal_Reset,C,False,True,741,5173735588579894967,0.995675,0.999360,0.998100,0.999007,0.126336,0.137564
5,C_Normal_Reset,C,False,True,742,11431947934393823362,0.999261,0.998923,0.997031,0.998443,0.159930,0.214494
5,C_Normal_Reset,C,False,True,743,17248074113095697841,0.999966,0.999989,0.997223,0.999829,0.351693,0.384679
5,C_Normal_Reset,C,False,True,744,3136596841117757512,0.998035,0.997318,0.997132,0.998671,0.189154,0.226519
5,C_Normal_Reset,C,False,True,745,7096984768110183743,0.997639,0.999316,0.999550,0.999860,0.068673,0.091689
5,C_Normal_Reset,C,False,True,746,572758429666336360,0.999648,0.999824,0.998682,0.999620,0.202207,0.238149
5,C_Normal_Reset,C,False,True,747,39218215803760956,0.999937,0.999990,0.998770,0.999737,0.158101,0.205955
5,C_Normal_Reset,C,False,True,748,17079718274583469692,0.999424,0.999951,0.997142,0.999431,0.187805,0.224676
5,C_Normal_Reset,C,False,True,749,9154725248378729666,0.999773,0.999922,0.999609,0.999904,0.068854,0.092150
5,C_Normal_Reset,C,False,True,750,7616375563866667505,0.999310,0.998042,0.999179,0.999185,0.064255,0.086110
5,C_Normal_Reset,C,False,True,751,15675988729690310211,0.999184,0.998813,0.997718,0.999456,0.380306,0.400930
5,C_Normal_Reset,C,False,True,752,15704757772087268337,0.999159,0.999427,0.998805,0.999719,0.108635,0.129351
5,C_Normal_Reset,C,False,True,753,2743220389690220887,0.998714,0.999550,0.998529,0.999446,0.129836,0.140813
5,C_Normal_Reset,C,False,True,754,1209630907824104124,0.999791,0.999683,0.999352,0.999793,0.084940,0.109119
5,C_Normal_Reset,C,False,True,755,7734406759058266250,0.999993,1.000000,0.999127,0.999526,0.069993,0.077794
5,C_Normal_Reset,C,False,True,756,4062633993675348069,0.999975,0.999715,0.998464,0.999853,0.251728,0.282021
5,C_Normal_Reset,C,False,True,757,14986617254756931824,0.999242,0.998053,0.994881,0.998534,0.445421,0.452847
5,C_Normal_Reset,C,False,True,758,12879749899808121864,0.999218,0.999993,0.997230,0.999493,0.144701,0.176351
5,C_Normal_Reset,C,False,True,759,10921852836306188797,0.999852,0.999878,0.999651,0.999853,0.066206,0.080175
5,C_Normal_Reset,C,False,True,760,6667478801333522713,0.999265,0.999574,0.998592,0.999643,0.145665,0.193343
5,C_Normal_Reset,C,False,True,761,17182514475888944129,0.997260,0.994599,0.995484,0.997411,0.155786,0.166955
5,C_Normal_Reset,C,False,True,762,17581909500326177838,0.998726,0.999764,0.998787,0.999884,0.269168,0.263333
5,C_Normal_Reset,C,False,True,763,6327411985037762988,0.998352,0.997173,0.997751,0.999075,0.169092,0.184512
5,C_Normal_Reset,C,False,True,764,5357626762707465926,0.998892,0.996812,0.987140,0.993912,0.534543,0.574079
5,C_Normal_Reset,C,False,True,765,16148562795642098061,0.998729,0.997377,0.997515,0.998239,0.323227,0.349610
5,C_Normal_Reset,C,False,True,766,15747562685320816735,0.999998,0.999910,0.998732,0.999630,0.115948,0.132691
5,C_Normal_Reset,C,False,True,767,685644350938075123,0.999608,0.999911,0.999200,0.999840,0.100685,0.122380
5,C_Normal_Reset,C,False,True,768,7036964232998811858,0.996731,0.994691,0.998523,0.998897,0.169746,0.206489
5,C_Normal_Reset,C,False,True,769,5230203595720029712,0.999709,0.999114,0.997785,0.998168,0.091477,0.119221
5,C_Normal_Reset,C,False,True,770,14885884878434284895,0.999722,0.999905,0.998228,0.999695,0.163485,0.196450
5,C_Normal_Reset,C,False,True,771,13712995765988419882,0.997243,0.998586,0.995584,0.999718,0.557799,0.592884
5,C_Normal_Reset,C,False,True,772,17961295034089459102,0.998844,0.999299,0.994488,0.999293,0.631404,0.690738
5,C_Normal_Reset,C,False,True,773,15634840931769261616,0.999340,0.997389,0.999151,0.999483,0.103911,0.152129
5,C_Normal_Reset,C,False,True,774,554456296019830139,0.994659,0.994650,0.996782,0.997621,0.268677,0.301972
5,C_Normal_Reset,C,False,True,775,744328475159120073,0.998007,0.998334,0.997706,0.999157,0.178743,0.197228
5,C_Normal_Reset,C,False,True,776,13165345397626171381,0.999873,0.999200,0.999724,0.999678,0.116690,0.130935
5,C_Normal_Reset,C,False,True,777,642836780495909081,0.998949,0.999259,0.999547,0.999870,0.077570,0.110175
5,C_Normal_Reset,C,False,True,778,9875333990230907648,0.999896,0.999231,0.997767,0.998940,0.159542,0.175884
5,C_Normal_Reset,C,False,True,779,14162599225650261272,0.999802,0.998656,0.997732,0.999770,0.362652,0.399241
5,C_Normal_Reset,C,False,True,780,9330994806756677405,0.999867,0.999878,0.999799,0.999931,0.079590,0.099154
5,C_Normal_Reset,C,False,True,781,12244243441734327351,0.999294,0.999749,0.998878,0.999696,0.170600,0.186388
5,C_Normal_Reset,C,False,True,782,10145572026276352318,0.999648,1.000000,0.999355,0.999423,0.115546,0.126750
5,C_Normal_Reset,C,False,True,783,18193518968649178785,0.999931,0.999988,0.999637,0.999845,0.069760,0.094063
5,C_Normal_Reset,C,False,True,784,5498865871154781144,0.995181,0.994976,0.998453,0.998935,0.203984,0.231136
5,C_Normal_Reset,C,False,True,785,6000041280594536572,0.998691,0.999438,0.996790,0.998748,0.148360,0.163696
5,C_Normal_Reset,C,False,True,786,10925359983232771327,0.999957,0.999792,0.994462,0.998857,0.332534,0.366119
5,C_Normal_Reset,C,False,True,787,3313942867580778268,0.991976,0.990211,0.997054,0.997067,0.045447,0.067507
5,C_Normal_Reset,C,False,True,788,14590765155859869853,0.998831,0.998701,0.999782,0.999790,0.072937,0.090530
5,C_Normal_Reset,C,False,True,789,13281206140982560752,0.996952,0.996277,0.999115,0.998569,0.060852,0.072593
5,C_Normal_Reset,C,False,True,790,6197217069697777049,0.999790,0.999828,0.997548,0.999428,0.182719,0.213941
5,C_Normal_Reset,C,False,True,791,8451964967212696682,0.996221,0.996417,0.995814,0.997800,0.479479,0.512248
5,C_Normal_Reset,C,False,True,792,482621541431867441,0.996493,0.996427,0.999552,0.999032,0.100071,0.110974
5,C_Normal_Reset,C,False,True,793,17342017248105304138,0.999398,0.999245,0.998237,0.998856,0.060050,0.082306
5,C_Normal_Reset,C,False,True,794,6605637550807701509,0.997134,0.997609,0.999033,0.999384,0.076683,0.101582
5,C_Normal_Reset,C,False,True,795,16487255677023027995,0.999454,0.999378,0.999133,0.998275,0.199355,0.220194
5,C_Normal_Reset,C,False,True,796,8196186309528158550,0.999373,0.999684,0.998081,0.999614,0.170954,0.215155
5,C_Normal_Reset,C,False,True,797,16316664334946494469,0.999167,0.999929,0.998721,0.999401,0.066723,0.086287
5,C_Normal_Reset,C,False,True,798,4097765070467291416,0.998064,0.998388,0.995737,0.999105,0.335353,0.367500
5,C_Normal_Reset,C,False,True,799,107533724671335501,0.995809,0.990883,0.991271,0.995535,0.477313,0.542571
5,C_Normal_Reset,C,False,True,800,18194957985252374233,0.999326,0.999301,0.999081,0.999683,0.083820,0.129089
5,C_Normal_Reset,C,False,True,801,13736134611614614735,0.998972,0.998980,0.999550,0.998911,0.206952,0.230183
5,C_Normal_Reset,C,False,True,802,8052108470891101005,0.999973,0.999648,0.996832,0.998957,0.143068,0.177761
5,C_Normal_Reset,C,False,True,803,3030977731588024795,0.997521,0.998949,0.998867,0.999170,0.075718,0.105400
5,C_Normal_Reset,C,False,True,804,2883689450788609950,0.999958,0.999886,0.995119,0.999521,0.452452,0.486695
5,C_Normal_Reset,C,False,True,805,9161499429227600371,0.999940,0.999927,0.994656,0.999461,0.416266,0.459228
5,C_Normal_Reset,C,False,True,806,12485783820494228764,0.989820,0.994912,0.990700,0.995908,0.251802,0.273536
5,C_Normal_Reset,C,False,True,807,2988636663327801718,0.996664,0.996187,0.998046,0.997834,0.089113,0.099536
5,C_Normal_Reset,C,False,True,808,11390043232186777764,0.998947,0.999514,0.999523,0.999638,0.186095,0.198528
5,C_Normal_Reset,C,False,True,809,15426140885331951829,0.996524,0.995311,0.997522,0.998316,0.204549,0.234648
5,C_Normal_Reset,C,False,True,810,11900412934483769722,0.999980,0.999893,0.999742,0.999898,0.084031,0.088517
5,C_Normal_Reset,C,False,True,811,13698606638763696775,0.999525,0.999796,0.999157,0.999750,0.172263,0.213839
5,C_Normal_Reset,C,False,True,812,3783301940787007627,0.999115,0.998077,0.998225,0.999501,0.149109,0.178210
5,C_Normal_Reset,C,False,True,813,10759053336813045122,0.999971,0.998978,0.998601,0.998700,0.077112,0.108108
5,C_Normal_Reset,C,False,True,814,11660195508949745201,0.999210,0.998569,0.999298,0.999789,0.091178,0.123350
5,C_Normal_Reset,C,False,True,815,12116068780074026211,0.989030,0.990709,0.994354,0.997824,0.358461,0.393421
5,C_Normal_Reset,C,False,True,816,15397871451277618361,0.999985,0.999975,0.999595,0.999854,0.116911,0.131253
5,C_Normal_Reset,C,False,True,817,12668730658159783023,0.996263,0.998132,0.998626,0.999499,0.333212,0.355581
5,C_Normal_Reset,C,False,True,818,1738923980793615127,0.998603,0.996900,0.998536,0.999048,0.176228,0.197349
5,C_Normal_Reset,C,False,True,819,2193929030977027095,0.999921,0.999864,0.999710,0.999914,0.050365,0.077053
5,C_Normal_Reset,C,False,True,820,10416276707338489231,0.999794,0.999990,0.999382,0.999868,0.117063,0.141810
5,C_Normal_Reset,C,False,True,821,9706824887201843393,0.999661,0.999973,0.999629,0.999892,0.105333,0.127235
5,C_Normal_Reset,C,False,True,822,3276768561336031664,0.999498,0.999965,0.996298,0.999232,0.199894,0.235560
5,C_Normal_Reset,C,False,True,823,3469620766175126920,0.998325,0.997425,0.997413,0.997399,0.170807,0.165359
5,C_Normal_Reset,C,False,True,824,11346710597190771813,0.999606,0.999271,0.994674,0.999511,0.577662,0.620608
5,C_Normal_Reset,C,False,True,825,13603894974702633128,0.993113,0.994844,0.997675,0.997593,0.094691,0.108204
5,C_Normal_Reset,C,False,True,826,14433569118745292478,0.998517,0.998454,0.998356,0.999047,0.147334,0.179875
5,C_Normal_Reset,C,False,True,827,3865066505721223385,0.998806,0.998665,0.992424,0.997922,0.425297,0.458848
5,C_Normal_Reset,C,False,True,828,8273415274237792799,0.999999,0.999996,0.998382,0.999316,0.066340,0.095129
5,C_Normal_Reset,C,False,True,829,13143890046820592075,0.999535,0.999735,0.995541,0.999503,0.416743,0.460794
5,C_Normal_Reset,C,False,True,830,4837178721309753071,0.999269,0.999897,0.998243,0.999756,0.184446,0.216322
5,C_Normal_Reset,C,False,True,831,12259550751003790694,0.994074,0.991551,0.998855,0.998075,0.213013,0.242763
5,C_Normal_Reset,C,False,True,832,10253211379192754131,0.999747,0.997468,0.994786,0.997286,0.283069,0.305999
5,C_Normal_Reset,C,False,True,833,3998375636947905443,0.997986,0.999160,0.999113,0.999768,0.103728,0.160736
5,C_Normal_Reset,C,False,True,834,8617082072097237345,0.998363,0.996958,0.991389,0.996524,0.363535,0.393687
5,C_Normal_Reset,C,False,True,835,5930677985617676887,0.993265,0.995483,0.998523,0.998986,0.162470,0.187436
5,C_Normal_Reset,C,False,True,836,8551804012308235550,0.998531,0.998068,0.998378,0.998990,0.055350,0.091476
5,C_Normal_Reset,C,False,True,837,8402305221147169345,0.989888,0.991681,0.996223,0.997402,0.346167,0.392789
5,C_Normal_Reset,C,False,True,838,5500633095313567684,0.998128,0.997730,0.998541,0.998899,0.086251,0.097288
5,C_Normal_Reset,C,False,True,839,15909761294582110327,0.988005,0.995956,0.995053,0.998681,0.355838,0.393754
5,C_Normal_Reset,C,False,True,840,17241602243932834187,0.999993,0.999882,0.998091,0.999556,0.330467,0.367613
5,C_Normal_Reset,C,False,True,841,14212729933787038343,0.999650,0.999581,0.998047,0.999593,0.213263,0.245198
5,C_Normal_Reset,C,False,True,842,18058049887283644467,0.994545,0.997652,0.998167,0.999415,0.364389,0.370472
5,C_Normal_Reset,C,False,True,843,9693862722381685065,0.997677,0.997834,0.995105,0.998470,0.389247,0.432705
5,C_Normal_Reset,C,False,True,844,14624948273866263991,0.990476,0.993694,0.997423,0.998662,0.118597,0.143984
5,C_Normal_Reset,C,False,True,845,9554119397017906807,0.999889,0.999944,0.999507,0.999488,0.083266,0.119298
5,C_Normal_Reset,C,False,True,846,12813872441623698714,0.998511,0.999120,0.999443,0.999797,0.098629,0.122751
5,C_Normal_Reset,C,False,True,847,14530389853758745955,0.999160,0.999998,0.999045,0.999927,0.155936,0.206930
5,C_Normal_Reset,C,False,True,848,4795978039170694484,0.993608,0.990459,0.989576,0.995936,0.530186,0.557726
5,C_Normal_Reset,C,False,True,849,10635108240145134022,0.999952,0.999937,0.999385,0.999704,0.185829,0.204905
5,C_Normal_Reset,C,False,True,850,13611411356651301078,0.998814,0.998022,0.999375,0.999079,0.048276,0.073692
5,C_Normal_Reset,C,False,True,851,8276347857700136427,0.999918,0.999862,0.996937,0.999137,0.239776,0.272679
5,C_Normal_Reset,C,False,True,852,4010278598310909901,0.999973,0.999865,0.999075,0.999705,0.167882,0.194033
5,C_Normal_Reset,C,False,True,853,12193219667420645860,0.999571,0.998402,0.998969,0.999599,0.215177,0.231134
5,C_Normal_Reset,C,False,True,854,4974177029577618667,0.995161,0.999181,0.995013,0.999048,0.310400,0.346990
5,C_Normal_Reset,C,False,True,855,636815223840098027,0.993004,0.996280,0.998005,0.998568,0.111474,0.160971
5,C_Normal_Reset,C,False,True,856,5899868899625301508,0.999813,0.999970,0.999687,0.999790,0.057271,0.087210
5,C_Normal_Reset,C,False,True,857,5443739093597788256,0.997694,0.998937,0.998601,0.999304,0.083344,0.115221
5,C_Normal_Reset,C,False,True,858,15155034872322161024,0.996818,0.997244,0.999133,0.998862,0.182574,0.214926
5,C_Normal_Reset,C,False,True,859,12291254903699099605,0.986396,0.987273,0.995339,0.994548,0.070952,0.103469
5,C_Normal_Reset,C,False,True,860,16952322293723915859,0.994663,0.997245,0.998839,0.998669,0.095028,0.126145
5,C_Normal_Reset,C,False,True,861,4877638703432480726,0.999763,0.999744,0.997080,0.999413,0.320510,0.368071
5,C_Normal_Reset,C,False,True,862,12013158338540470823,0.998476,0.999603,0.999630,0.999436,0.243402,0.270296
5,C_Normal_Reset,C,False,True,863,7146404104599435263,0.995352,0.997647,0.999079,0.999447,0.073399,0.108141
5,C_Normal_Reset,C,False,True,864,17382718372378609454,0.999774,0.999889,0.999298,0.999859,0.172417,0.198191
5,C_Normal_Reset,C,False,True,865,3214616007012481343,0.999443,0.999743,0.999446,0.999867,0.098103,0.126991
5,C_Normal_Reset,C,False,True,866,361171210660270697,0.997935,0.997265,0.998243,0.998946,0.117390,0.143011
5,C_Normal_Reset,C,False,True,867,4530839880427365137,0.999992,0.999675,0.999747,0.999859,0.042231,0.061331
5,C_Normal_Reset,C,False,True,868,4973777661951586041,0.998913,0.999484,0.999486,0.999668,0.182254,0.219996
5,C_Normal_Reset,C,False,True,869,12000342236839224744,0.996860,0.998285,0.994918,0.998491,0.291924,0.321580
5,C_Normal_Reset,C,False,True,870,13398501673629445954,0.999877,0.999988,0.997006,0.999794,0.530123,0.573912
5,C_Normal_Reset,C,False,True,871,16198816913531774876,0.999920,0.999926,0.996809,0.999397,0.238977,0.271702
5,C_Normal_Reset,C,False,True,872,14853347658234724027,0.998818,0.995850,0.996229,0.995862,0.116295,0.127351
5,C_Normal_Reset,C,False,True,873,17997528361867321812,0.999852,0.999178,0.999382,0.999314,0.108725,0.139600
5,C_Normal_Reset,C,False,True,874,16423387261315692630,0.999236,0.998810,0.999682,0.999509,0.074675,0.104416
5,C_Normal_Reset,C,False,True,875,9475695768271658237,0.999140,0.999542,0.999054,0.999461,0.074229,0.083525
5,C_Normal_Reset,C,False,True,876,7033352052398535291,0.999670,0.999107,0.998508,0.999455,0.171469,0.202622
5,C_Normal_Reset,C,False,True,877,10233869709117303721,0.999695,0.999850,0.998233,0.999807,0.253855,0.266640
5,C_Normal_Reset,C,False,True,878,1577004476017088356,0.998198,0.998934,0.999055,0.999044,0.069505,0.081910
5,C_Normal_Reset,C,False,True,879,14337098134459440061,0.998056,0.999046,0.997498,0.999849,0.385381,0.393569
5,C_Normal_Reset,C,False,True,880,12369247895245995567,0.999996,0.999764,0.995620,0.998256,0.173313,0.211490
5,C_Normal_Reset,C,False,True,881,11337187420214474037,0.999999,0.999449,0.999106,0.999843,0.122796,0.145783
5,C_Normal_Reset,C,False,True,882,16266895279901383130,0.998786,0.999154,0.999178,0.999381,0.085288,0.120050
5,C_Normal_Reset,C,False,True,883,13843085972509241276,0.995343,0.997262,0.996314,0.998473,0.181743,0.244693
5,C_Normal_Reset,C,False,True,884,14138561097704019959,0.999643,0.999982,0.999449,0.999798,0.137992,0.148933
5,C_Normal_Reset,C,False,True,885,10596194735733727817,0.996383,0.999037,0.999523,0.999796,0.063467,0.081134
5,C_Normal_Reset,C,False,True,886,3390914803296112319,0.999781,0.999965,0.995286,0.998896,0.483391,0.486868
5,C_Normal_Reset,C,False,True,887,16411900899850481611,0.998434,0.998979,0.995923,0.999008,0.204008,0.224204
5,C_Normal_Reset,C,False,True,888,14510875031975350273,0.999086,0.997603,0.994444,0.998514,0.453872,0.472619
5,C_Normal_Reset,C,False,True,889,18262312831533745174,0.999790,0.999939,0.999559,0.999598,0.069836,0.092647
5,C_Normal_Reset,C,False,True,890,11207509118793664710,0.997088,0.998092,0.998618,0.998179,0.086747,0.108353
5,C_Normal_Reset,C,False,True,891,10404445280700023861,0.999524,0.999926,0.998432,0.999773,0.211355,0.231693
5,C_Normal_Reset,C,False,True,892,6731943785852048818,0.999029,0.998567,0.999268,0.999583,0.180889,0.218048
5,C_Normal_Reset,C,False,True,893,7316001505634374214,0.999737,0.998855,0.978878,0.996190,1.593414,1.667340
5,C_Normal_Reset,C,False,True,894,8001518180350496237,0.999897,0.999998,0.999307,0.999872,0.271177,0.269209
5,C_Normal_Reset,C,False,True,895,13440747831703132528,0.998327,0.998629,0.999160,0.999734,0.114440,0.139337
5,C_Normal_Reset,C,False,True,896,10984545847114599298,0.998919,0.999209,0.999171,0.999764,0.090327,0.102411
5,C_Normal_Reset,C,False,True,897,8098496429002484060,0.996674,0.994986,0.998428,0.998427,0.069480,0.085243
5,C_Normal_Reset,C,False,True,898,16663616184892448744,0.996514,0.993658,0.995622,0.998521,0.506820,0.550408
5,C_Normal_Reset,C,False,True,899,14921542260058901792,0.995592,0.997675,0.999129,0.999267,0.183792,0.215570
5,C_Normal_Reset,C,False,True,900,8955303603885266346,0.999937,0.999155,0.996405,0.999682,0.498834,0.521524
5,C_Normal_Reset,C,False,True,901,16651616729694744256,0.999970,0.999643,0.999626,0.999552,0.037478,0.053744
5,C_Normal_Reset,C,False,True,902,11787462705563793294,0.991649,0.994091,0.993414,0.997801,0.519779,0.568520
5,C_Normal_Reset,C,False,True,903,1859857102829152953,0.999900,0.999872,0.997931,0.998949,0.122041,0.157330
5,C_Normal_Reset,C,False,True,904,990938826936437758,0.992419,0.991387,0.996966,0.995363,0.047401,0.068876
5,C_Normal_Reset,C,False,True,905,3094929665637433927,0.999845,0.999941,0.998825,0.999901,0.233136,0.248338
5,C_Normal_Reset,C,False,True,906,4943165742383061091,0.998096,0.997397,0.996408,0.998158,0.143694,0.160414
5,C_Normal_Reset,C,False,True,907,7132240695581944297,0.992675,0.995098,0.997070,0.998626,0.152494,0.174569
5,C_Normal_Reset,C,False,True,908,6436437471932762496,0.997042,0.996794,0.997875,0.997574,0.087410,0.106346
5,C_Normal_Reset,C,False,True,909,15874106400530979013,0.996210,0.998656,0.999241,0.999841,0.119533,0.138002
5,C_Normal_Reset,C,False,True,910,12087108091303529436,0.999950,0.999569,0.998841,0.999812,0.136934,0.161850
5,C_Normal_Reset,C,False,True,911,399408627033362884,0.999687,0.998920,0.999284,0.999708,0.105199,0.113701
5,C_Normal_Reset,C,False,True,912,657364244545122670,0.998580,0.999631,0.999487,0.999827,0.127953,0.160661
5,C_Normal_Reset,C,False,True,913,10664557815740243002,0.999831,0.999910,0.998859,0.999562,0.110488,0.133993
5,C_Normal_Reset,C,False,True,914,18083982262049546814,0.995102,0.996795,0.998199,0.999479,0.214955,0.218497
5,C_Normal_Reset,C,False,True,915,13060688374278091910,0.998658,0.997941,0.999024,0.999448,0.084298,0.132378
5,C_Normal_Reset,C,False,True,916,16605225706353925477,0.991996,0.994616,0.993873,0.998267,0.530085,0.592823
5,C_Normal_Reset,C,False,True,917,11952047613837699969,0.997737,0.997983,0.996940,0.999190,0.211275,0.241614
5,C_Normal_Reset,C,False,True,918,765738192372214982,0.992687,0.997313,0.998098,0.998909,0.154537,0.192705
5,C_Normal_Reset,C,False,True,919,1421380123465632650,0.997757,0.999784,0.999418,0.999950,0.074106,0.102094
5,C_Normal_Reset,C,False,True,920,15748597461275803491,0.999833,0.999877,0.998714,0.999358,0.081038,0.107996
5,C_Normal_Reset,C,False,True,921,514108817799645031,0.996811,0.999694,0.997491,0.999590,0.301873,0.327036
5,C_Normal_Reset,C,False,True,922,16649379430899238668,0.991693,0.991259,0.997689,0.997292,0.155589,0.162576
5,C_Normal_Reset,C,False,True,923,8379470049578733006,0.999015,0.998852,0.998726,0.999193,0.099817,0.115512
5,C_Normal_Reset,C,False,True,924,4910113061888565963,0.996970,0.997309,0.998691,0.998323,0.143335,0.170244
5,C_Normal_Reset,C,False,True,925,8679897916786981322,0.999915,0.997972,0.987592,0.997802,1.091122,1.108517
5,C_Normal_Reset,C,False,True,926,17181929227565950213,0.996025,0.997109,0.998015,0.998358,0.157910,0.170658
5,C_Normal_Reset,C,False,True,927,12176383822502495488,0.999738,0.999948,0.999081,0.999857,0.109150,0.150225
5,C_Normal_Reset,C,False,True,928,11229162603206026613,0.998113,0.998563,0.997085,0.998885,0.189401,0.198841
5,C_Normal_Reset,C,False,True,929,17799736839091646166,0.999450,0.999305,0.998326,0.999003,0.076849,0.116748
5,C_Normal_Reset,C,False,True,930,3945547522149915094,0.998611,0.998829,0.997916,0.998625,0.133487,0.132814
5,C_Normal_Reset,C,False,True,931,16995789260917339575,0.999706,0.999369,0.998155,0.999635,0.212913,0.244313
5,C_Normal_Reset,C,False,True,932,10820854146774293751,0.999931,0.999885,0.998842,0.999616,0.106825,0.148888
5,C_Normal_Reset,C,False,True,933,9978903918018846086,0.999044,0.999626,0.999250,0.999670,0.071429,0.110058
5,C_Normal_Reset,C,False,True,934,5986234656806826904,0.997208,0.997801,0.999592,0.999591,0.089436,0.103586
5,C_Normal_Reset,C,False,True,935,8769700453236997174,0.998940,0.998725,0.996803,0.998272,0.189095,0.209696
5,C_Normal_Reset,C,False,True,936,15624779854635438889,0.999464,0.998233,0.998853,0.999305,0.078003,0.089930
5,C_Normal_Reset,C,False,True,937,16338770516851536800,0.994312,0.997444,0.991028,0.996235,0.299930,0.339232
5,C_Normal_Reset,C,False,True,938,17421029239554801020,0.997534,0.997277,0.998820,0.999360,0.084740,0.109968
5,C_Normal_Reset,C,False,True,939,4076841305630604380,0.999996,0.999403,0.999616,0.999272,0.046003,0.073186
5,C_Normal_Reset,C,False,True,940,6829059026882609440,0.999484,0.999841,0.999792,0.999922,0.057733,0.074201
5,C_Normal_Reset,C,False,True,941,15196053139311830602,0.998835,0.997063,0.997487,0.997520,0.099488,0.121607
5,C_Normal_Reset,C,False,True,942,2029408435969741662,0.987681,0.989397,0.993443,0.993521,0.147308,0.181317
5,C_Normal_Reset,C,False,True,943,1146248241937233590,0.996712,0.998855,0.998089,0.999469,0.116405,0.142711
5,C_Normal_Reset,C,False,True,944,6676741597842830018,0.992647,0.992383,0.994325,0.995006,0.174597,0.184275
5,C_Normal_Reset,C,False,True,945,7520472867561618093,0.999305,0.999508,0.998952,0.999206,0.065190,0.103432
5,C_Normal_Reset,C,False,True,946,10463829811687439501,0.998560,1.000000,0.997729,0.999843,0.455524,0.485843
5,C_Normal_Reset,C,False,True,947,5290686076261213254,0.999972,0.999410,0.999304,0.999779,0.089973,0.136503
5,C_Normal_Reset,C,False,True,948,3207043910559911047,0.999388,0.998887,0.998194,0.996515,0.113720,0.135515
5,C_Normal_Reset,C,False,True,949,3704254604659109686,0.997556,0.998521,0.998705,0.998996,0.092836,0.116748
5,C_Normal_Reset,C,False,True,950,16040435600193557559,0.999363,0.997222,0.997105,0.998851,0.398220,0.446575
5,C_Normal_Reset,C,False,True,951,6701815853095755248,0.993306,0.994151,0.997031,0.997633,0.127973,0.169358
5,C_Normal_Reset,C,False,True,952,8260124700648001944,0.999570,0.998961,0.997460,0.999687,0.496483,0.551572
5,C_Normal_Reset,C,False,True,953,17354920955846765107,0.999826,0.999802,0.998964,0.999667,0.075030,0.093001
5,C_Normal_Reset,C,False,True,954,7081340687317738199,0.999860,0.999991,0.998779,0.999928,0.157162,0.207480
5,C_Normal_Reset,C,False,True,955,11787095131790672432,0.999824,0.999855,0.996293,0.999484,0.252623,0.292850
5,C_Normal_Reset,C,False,True,956,5192027965078051634,0.998486,0.996659,0.999034,0.999120,0.150514,0.166143
5,C_Normal_Reset,C,False,True,957,6966225126419106566,0.992354,0.993037,0.997693,0.996953,0.158968,0.193530
5,C_Normal_Reset,C,False,True,958,5528918476812745052,0.999844,0.999934,0.999835,0.999965,0.051781,0.073465
5,C_Normal_Reset,C,False,True,959,6219444311782025967,0.999828,0.999910,0.998973,0.999542,0.067104,0.074787
5,C_Normal_Reset,C,False,True,960,9232546729272111453,1.000000,0.999984,0.999318,0.999263,0.037297,0.055636
5,C_Normal_Reset,C,False,True,961,5361943128893555350,0.999862,0.999989,0.999410,0.999512,0.051936,0.067329
5,C_Normal_Reset,C,False,True,962,3635071284360962770,0.999599,0.999125,0.999827,0.999896,0.093343,0.105141
5,C_Normal_Reset,C,False,True,963,3881663296832006113,0.995828,0.997995,0.998211,0.998899,0.109690,0.135553
5,C_Normal_Reset,C,False,True,964,10653946179259349149,0.994054,0.997788,0.998998,0.999499,0.128463,0.150223
5,C_Normal_Reset,C,False,True,965,441105994372503755,0.998241,0.998791,0.998335,0.998783,0.062577,0.082237
5,C_Normal_Reset,C,False,True,966,16684737370791456071,0.993664,0.992306,0.996989,0.995542,0.096410,0.150441
5,C_Normal_Reset,C,False,True,967,10213320981880045454,0.991725,0.994810,0.997085,0.995848,0.419029,0.444215
5,C_Normal_Reset,C,False,True,968,4570971487408458892,0.999868,0.999912,0.998533,0.999403,0.138405,0.164984
5,C_Normal_Reset,C,False,True,969,6616195694351696151,0.996759,0.997896,0.998742,0.998647,0.090388,0.111481
5,C_Normal_Reset,C,False,True,970,16939151088487622404,0.994820,0.998059,0.993051,0.998418,0.441625,0.491443
5,C_Normal_Reset,C,False,True,971,10999596250031382500,0.999994,0.999968,0.999101,0.999683,0.254030,0.285374
5,C_Normal_Reset,C,False,True,972,15877805178438254924,0.998033,0.999597,0.999437,0.999788,0.059642,0.079517
5,C_Normal_Reset,C,False,True,973,7018339019804869685,0.999932,0.999733,0.999736,0.999773,0.045747,0.063723
5,C_Normal_Reset,C,False,True,974,11428498558831743073,0.999180,0.997661,0.994362,0.998506,0.514330,0.534182
5,C_Normal_Reset,C,False,True,975,8309319300448612031,0.999543,0.999273,0.999493,0.999852,0.106614,0.137521
5,C_Normal_Reset,C,False,True,976,4561849889265233011,0.999682,0.998704,0.998298,0.999548,0.118685,0.153716
5,C_Normal_Reset,C,False,True,977,11860666946967270445,0.999396,0.999355,0.999356,0.999872,0.072746,0.092433
5,C_Normal_Reset,C,False,True,978,7233962343692102839,0.998311,0.998138,0.997607,0.998448,0.149344,0.164076
5,C_Normal_Reset,C,False,True,979,6306500581964475193,0.992578,0.994101,0.996990,0.996798,0.084521,0.112148
5,C_Normal_Reset,C,False,True,980,10319309575837286116,0.999178,1.000000,0.998262,0.999116,0.181680,0.230015
5,C_Normal_Reset,C,False,True,981,11071971935399039658,0.999502,0.999581,0.998037,0.999455,0.092881,0.099691
5,C_Normal_Reset,C,False,True,982,4467389824586737380,0.998985,0.999994,0.996897,0.999597,0.254832,0.317557
5,C_Normal_Reset,C,False,True,983,3225051118064813453,0.998287,0.998659,0.997192,0.998260,0.130108,0.138777
5,C_Normal_Reset,C,False,True,984,11903786547355490843,0.999346,0.999998,0.998663,0.999761,0.115760,0.147402
5,C_Normal_Reset,C,False,True,985,14324271005486336237,0.999374,0.998967,0.997578,0.999668,0.322902,0.380139
5,C_Normal_Reset,C,False,True,986,16779424657365272829,0.995487,0.996626,0.998695,0.999004,0.188627,0.217685
5,C_Normal_Reset,C,False,True,987,11485630939597399895,0.998275,0.997903,0.994850,0.997928,0.310885,0.337805
5,C_Normal_Reset,C,False,True,988,159073474966378040,0.998227,0.998186,0.999191,0.999403,0.060818,0.087950
5,C_Normal_Reset,C,False,True,989,10614529513235402907,0.999425,0.999770,0.999457,0.999713,0.079877,0.103015
5,C_Normal_Reset,C,False,True,990,9973342137057829060,0.999585,0.999999,0.994772,0.998889,0.320139,0.358433
5,C_Normal_Reset,C,False,True,991,18329732498238755119,0.999265,0.996991,0.996024,0.997829,0.459742,0.521282
5,C_Normal_Reset,C,False,True,992,11090869385274511934,0.999451,0.999985,0.997009,0.999501,0.293743,0.332298
5,C_Normal_Reset,C,False,True,993,3326371074416837093,0.999215,0.999382,0.999487,0.999870,0.094652,0.122595
5,C_Normal_Reset,C,False,True,994,17361920527307204525,0.999404,0.999816,0.999218,0.999506,0.086298,0.128802
5,C_Normal_Reset,C,False,True,995,865556725198241370,0.998188,0.999430,0.998023,0.998301,0.075109,0.119202
5,C_Normal_Reset,C,False,True,996,15152220095270784387,0.993809,0.992792,0.993298,0.996553,0.184345,0.216869
5,C_Normal_Reset,C,False,True,997,2154360998522339270,0.996720,0.996876,0.994921,0.998116,0.209572,0.230447
5,C_Normal_Reset,C,False,True,998,16248007886052048633,0.999698,0.997788,0.996565,0.997618,0.078988,0.119479
5,C_Normal_Reset,C,False,True,999,128955627982911481,0.997333,0.996990,0.997886,0.998943,0.067076,0.088084
