trajectory,seed,B1_F,B1_FI,B1_E,GLOBAL_F,GLOBAL_FI,GLOBAL_E,LOCAL_F,LOCAL_FI,LOCAL_E,HYBRID_F,HYBRID_FI,HYBRID_E
0,12926518886047711258,0.9399389183340927,0.9826629407255053,0.7009729206496642,0.9155676743438553,0.9793650310945531,0.3953687851251176,0.759251782857942,0.8509416077165759,0.3630021458027909,0.9155676743438556,0.9793650310945531,0.7546619803618139
1,8945337749112656795,0.8740159640263758,0.8845245760184903,2.1160330993543286,0.8198810992051717,0.8581878839346767,1.8137201750216931,0.174043491043737,0.3969455542282303,0.41466152265641876,0.8198810992051718,0.8581878839346767,2.1637596647762214
2,5560819480025800935,0.8120190954152844,0.8055671027438203,5.793431044744627,0.5745887861907846,0.6694468191591603,5.405172745946398,0.0010454924738297346,0.4489767088487136,0.4265976962834416,0.5745887861907846,0.6694468191591603,5.625691133978381
3,10614934100031375992,0.7635358229690404,0.953727273896882,1.4359091710347056,0.7334135923330213,0.9428284359424001,1.0208768997894084,0.787134936210549,0.6217158633994655,0.4858326751758317,0.7334135923330212,0.9428284359423998,1.4678850531571883
4,17701285081388938685,0.7474392955568577,0.8872133489548639,2.725378679705427,0.6941821435527337,0.8668688933009047,2.328695196241374,0.4571934876324707,0.5437803565426649,0.5195777333373998,0.6941821435527339,0.8668688933009047,2.7644720207598907
5,11352992796570928855,0.982163975937259,0.8809863346904986,2.641120646749101,0.9640337792546386,0.8357215557697892,2.285471230468857,0.9104297123711755,0.6718069397997014,0.4408120313598777,0.9640337792546386,0.8357215557697893,2.647704710075486
6,15036088755276077095,0.8478194794856414,0.8808536908584155,3.637816739528648,0.797708471436076,0.8582709431408456,3.2776228104615783,0.0003529801054296359,0.5831902857880198,0.5307270179012251,0.797708471436076,0.8582709431408456,3.655653472641821
7,1808861011317943947,0.4206362279666585,0.7810805720530797,6.6642525017469305,0.3220494382215181,0.7573839122687611,6.131952921813441,0.9925423004466463,0.6564775259819992,0.7864263365987101,0.3220494382215181,0.7573839122687611,6.640047012205304
8,900069337922489162,0.9885303125739499,0.939050565409301,1.6392395655422614,0.980233008055271,0.933336426484728,1.277451609305607,0.9984553566378875,0.8018292771508733,0.49563508464494593,0.980233008055271,0.933336426484728,1.7156318930044727
9,6646380308840506227,0.8029195622892341,0.9088156232430943,2.370855695231748,0.7512045955578753,0.8846436911936831,1.959909301413912,0.0967594941987352,0.4750371177609569,0.49654984816172926,0.7512045955578752,0.8846436911936831,2.385640919675616
10,11740299400748560875,0.7862652059300369,0.9478243611377749,1.5388396591307074,0.775242833675145,0.9227609725535345,1.162453318325338,0.31310344949794183,0.5914615493965555,0.4536346998888819,0.7752428336751452,0.9227609725535345,1.5656691959213385
11,10880821473050916458,0.9574016741243797,0.9820618143235585,0.5665029402612372,0.9193683592069865,0.9724896037997819,0.2718399340519711,0.8992268682478209,0.7253174090944158,0.33570202060196164,0.9193683592069865,0.9724896037997819,0.6035221868557215
12,1504813940719752011,0.7441443838788735,0.7988512885206037,5.48032079007495,0.7177904909979906,0.7624003388747799,4.983627768328881,0.481240806442592,0.5941195588174552,0.8937713904621607,0.7177904909979909,0.7624003388747799,5.64573275112027
13,14985184065772337749,0.9771043841517872,0.9653745135183238,1.4072266001983105,0.9974109444532168,0.9543463390274767,1.031129146619131,0.4737517161952281,0.723956972347622,0.5239269987154892,0.9974109444532168,0.9543463390274767,1.4957918194677766
14,7929366446224060457,0.9549755211512566,0.9846814674340797,0.8292907438019221,0.8857480806631014,0.9752141940588431,0.436002091422507,0.9997791797071472,0.6750692099190468,0.44405307292302576,0.8857480806631014,0.9752141940588432,0.8640620761453851
15,2494544501326730241,0.7831345860776042,0.9494434152232436,1.4602451158347551,0.8177761726986488,0.9459456982777759,1.0574342376881565,0.6788402045596752,0.5560333412134096,0.5183884519105164,0.817776172698649,0.9459456982777759,1.5428696739993109
16,2345024885595242787,0.889949868264385,0.9100243715976425,2.648595906722085,0.8379497035927522,0.8883814670282667,2.2202291873433126,0.947038819862486,0.42677832491830625,0.5502186819094298,0.837949703592752,0.8883814670282665,2.6792684847749215
17,4955499507580036645,0.9672375344394898,0.9618711830552636,0.8943083034500195,0.9945967752923726,0.9785959862578859,0.5233139530091621,0.6282412925139707,0.6929665647118703,0.4788094325375477,0.9945967752923726,0.9785959862578859,0.9788179609784493
18,15353409701730888625,0.790181343535853,0.8098271978173697,4.755298470652849,0.6198877981665585,0.6977601166882035,4.339062870442622,0.9285743964008196,0.5617623121559939,0.556949943639905,0.6198877981665588,0.6977601166882036,4.700664064939028
19,4585405967574104148,0.052919606985678616,0.4977396448692579,16.1822737134395,1.623463834310255e-05,0.4048354508763707,15.533025261515862,0.8736982314894136,0.5423856230584463,1.1274247883768644,1.623463834310255e-05,0.4048354508763707,15.972996221700837
20,8849217554344121750,0.7140711270207581,0.6322991547973561,10.272966322119798,0.5378639938752148,0.5327546977762129,9.764618853275511,0.8302433411861414,0.6445930782549268,0.9001699623510061,0.5378639938752146,0.5327546977762128,10.212200391737994
21,16855981654143606269,0.6526658378235536,0.7630563565774717,5.349572061188812,0.46412255875187286,0.6868261738093538,4.858244054718636,0.5480843862767009,0.5244504287574426,0.584515843557067,0.46412255875187314,0.6868261738093538,5.235011247596295
22,6887568717655511204,0.9818427755465902,0.8530341953369034,3.9776956475585026,0.9726703659429777,0.8028980365521214,3.5560147022051174,0.465686001205596,0.6695658625598796,0.6597141319044375,0.9726703659429777,0.8028980365521214,4.0404084642882285
23,13362242455398385892,0.9397656742084237,0.986976866198959,0.8432774710296909,0.9597090078074207,0.9859865608924783,0.49555936015951696,0.9987500458153852,0.4532900806713399,0.47893751896704195,0.9597090078074207,0.9859865608924783,0.9522977368713685
24,15433244768414885057,0.9863003235512157,0.9728213885001937,0.9074565331724527,0.9979155125369618,0.9662583086664699,0.5497370891591493,0.12689481570991878,0.4793256640689211,0.4069348553107418,0.9979155125369618,0.9662583086664699,0.9460705664262782
25,7793518989137133921,0.9573945600456104,0.9476801184540231,1.5700970632080742,0.9439080062682744,0.9312861504663343,1.0865712332514106,0.040732605205948874,0.413275568675565,0.6024402995766401,0.9439080062682745,0.9312861504663343,1.6492459483989192
26,11081444458700540212,0.9111875903280255,0.9060760276074873,2.259646624802726,0.8023991776952479,0.8296869453538032,1.8443554086469336,0.9599259708796708,0.6016440403625677,0.431796654131522,0.8023991776952479,0.8296869453538032,2.2187327558231904
27,12153950530936439719,0.9008164137080475,0.97973830502768,0.7484426525473896,0.8426069784972307,0.9789933834125677,0.40932295400234775,0.4775251139419577,0.6364583304241923,0.3558753525220033,0.8426069784972307,0.9789933834125677,0.7527398505487184
28,6172783045950689365,0.9046512854174609,0.9733997917803279,1.0342041946195473,0.9139068161441484,0.9746298856036418,0.6665857613794502,0.43196050605063474,0.5942196621128379,0.5031847738373126,0.9139068161441484,0.9746298856036418,1.1386733711543733
29,1967284283221324199,0.8807792983085247,0.9565493906000966,1.0332836741462474,0.8373772131434315,0.9402392798421351,0.6267632573418424,0.8432158451433989,0.5798828689703441,0.4743321783828986,0.8373772131434313,0.9402392798421351,1.0793657144699476
30,8502648561635033118,0.9940273919760717,0.9704673884915475,1.0288818045102563,0.9939567699221757,0.9641106550808201,0.720216793452705,0.026999193967145774,0.5295614522711448,0.36197532194335247,0.9939567699221757,0.9641106550808201,1.0530190289858483
31,17527190794779466498,0.9672415729804786,0.8529583280663019,4.09328642682312,0.9507769778414149,0.8179762260096912,3.723170535059157,0.5296020536001709,0.47071243180952266,0.6707347061040346,0.9507769778414151,0.8179762260096913,4.217729675395033
32,5482537980752483607,0.999204320776445,0.9883077308567404,0.6211058018273081,0.9885454271866179,0.9841182318935668,0.23433581975274836,0.7973497683635552,0.7570061612230988,0.45853379481229034,0.9885454271866179,0.9841182318935668,0.6889212647460826
33,5488562136920362741,0.9340257277844587,0.973932079203806,1.3405826786735833,0.93737409994373,0.967205386714697,0.8654214218463342,0.31901205813145594,0.7617318000731054,0.5956426945005977,0.93737409994373,0.967205386714697,1.4300863113465403
34,9699109466932853721,0.986403184196783,0.9576050976959382,0.9133425749548765,0.9823427710408705,0.947161802274578,0.5963821961894618,0.10499087354325412,0.6246582635216643,0.38442792112649354,0.9823427710408705,0.947161802274578,0.9637437129428081
35,6317154933424235445,0.39875657122652197,0.902493516370308,3.1057431465834084,0.2748641737617503,0.877979492214472,2.7000347704461225,0.17587897145416134,0.7132490087635153,0.44596839080545536,0.2748641737617503,0.877979492214472,3.0431125113486646
36,16332547289260923800,0.8087091472311446,0.8917263065132628,3.3666362822381566,0.7769021388293746,0.8939217583816425,2.9389786644450813,0.4649763214339143,0.6486624758326993,0.5311473241254364,0.7769021388293746,0.8939217583816425,3.361533827429654
37,17106699540001722974,0.8962267828443169,0.8287369037916111,5.453127723825024,0.8820348766901296,0.8008830294930414,5.061484001048913,0.5180506522225734,0.5779174085283292,0.7403143571910427,0.8820348766901296,0.8008830294930414,5.538258028471934
38,13283571227353386619,0.9750646564282459,0.7459196316765596,6.882612619528688,0.9566509273707134,0.6730785306927023,6.414892121478904,0.7444919217711158,0.4619333157261345,0.8494936243922259,0.9566509273707134,0.6730785306927023,6.944172955839521
39,16002971015923338968,0.9820975552987938,0.9650706961366197,0.8931460987587142,0.9917135160137432,0.9680072964845857,0.5697597510386739,0.01684412995160283,0.7666703740514317,0.3512145109774327,0.9917135160137432,0.9680072964845857,0.9035531055033883
40,9458110800088984469,0.9689079858689209,0.9776197964954098,0.952330312400561,0.9193567505497587,0.9600878928648593,0.6753972724289371,0.1723033358353715,0.5733811089695675,0.29537255945064766,0.9193567505497585,0.9600878928648593,0.9516206464227501
41,9344275787662475685,0.9883814524688573,0.9569174678283109,1.4590534860250075,0.9845812818497135,0.9456775670416719,1.027810944259223,0.5740479461495948,0.5380388018918919,0.5904568170092876,0.9845812818497137,0.9456775670416719,1.570759010223698
42,12869590421151756026,0.9668532163607712,0.8959422212685773,3.0895468903545193,0.9829908894572182,0.853105046477845,2.7553105297555818,0.8601903342679801,0.6230164931621431,0.4881799798071888,0.9829908894572182,0.853105046477845,3.1323049667222107
43,4191210465844689994,0.7688845801255725,0.820570558374692,4.470635833826891,0.8122258409249697,0.7634698947949542,3.9900056388454566,0.46932924720295033,0.6479727564826814,0.6330159762908567,0.8122258409249697,0.7634698947949542,4.488334844757285
44,13639574980765485637,0.9800618613991774,0.8037723120478424,5.5938865000436735,0.9261457977734778,0.7375911723786983,5.04105420068544,0.9991537671348925,0.5601068304829732,0.8110685780882547,0.9261457977734778,0.7375911723786983,5.657505762066604
45,15599951579010450561,0.9918234069686007,0.8675786640433636,3.68145769393403,0.9699667420254784,0.8397339499916224,3.349110335280005,0.49300784766848615,0.5061384223914935,0.5632686063058963,0.9699667420254784,0.8397339499916223,3.7583837091969836
46,304799855488518032,0.9808524688874263,0.980114784876336,0.651614909798263,0.975917241669143,0.975825943450707,0.28012866519849927,0.3416568546439312,0.29467612739671345,0.43926209988304804,0.975917241669143,0.975825943450707,0.7126610442922467
47,1297689493537823724,0.8912179937948259,0.8616307201912037,4.189787242229325,0.7882984063440912,0.7710747969894115,3.795630699030996,0.9451244630102442,0.5340520664527405,0.5924782194546366,0.7882984063440912,0.7710747969894113,4.218908432421155
48,6328625220434387226,0.9984940127111397,0.9771704222907674,0.8912637012512126,0.998344385852557,0.9678067181025238,0.5959399083436757,0.01564316178834665,0.40907877168278356,0.3419129803704385,0.998344385852557,0.9678067181025238,0.9151303147326328
49,10928594323215010703,0.9806262498971862,0.9718705611685043,1.0175507506665413,0.999024897147678,0.9394366236242105,0.5957635370326407,0.037761398273649265,0.539024888308322,0.4632993632343677,0.999024897147678,0.9394366236242105,1.0554469585154491
50,14651924263253083292,0.8418331495155643,0.5372263405413378,15.513706583213002,0.6229217309924108,0.36456672623982544,15.09926883724213,0.7377638243670313,0.4908801921024468,0.7240813785577253,0.6229217309924108,0.36456672623982544,15.167611217305431
51,7520478063660565451,0.7865431563379759,0.8518439099054674,4.358257031067994,0.7047573398355236,0.8097201030776647,3.9834261680226284,0.18663692603650475,0.4262579940594519,0.531850385328639,0.7047573398355238,0.8097201030776647,4.351431199121446
52,5857643324955954373,0.952119460675553,0.9020435273404572,3.4808009214338114,0.9680397347241589,0.8775813671481643,3.161772309199714,0.14957493896576288,0.4908058426057624,0.5743461047705524,0.9680397347241592,0.8775813671481643,3.5763684262522686
53,15150340787637225512,0.9666729407188512,0.9581535085407893,1.384250090697083,0.9357577324883373,0.9230685667035867,1.0031270639272978,0.5711652929193695,0.7223399317909724,0.5156115403616905,0.9357577324883373,0.9230685667035867,1.478546382924851
54,12388006661268518389,0.8429612995034285,0.9465906795039812,1.8297319425555392,0.855810308438411,0.9446183087461387,1.2922846523733933,0.8985749846523713,0.5018077908944863,0.6916800349601104,0.855810308438411,0.9446183087461387,1.958553965770737
55,11857781885884337197,0.7414210966922355,0.8630001933578079,3.8295463484661023,0.6303186125126309,0.7816972303576641,3.293021872449815,0.16680890041421242,0.5862032877929381,0.7708496334134404,0.6303186125126309,0.7816972303576641,3.9023132199540855
56,13595240208485624983,0.8802902039680891,0.9580914924275556,1.3079268835710534,0.8076798050348374,0.9435854443129827,0.9325160759958167,0.7417733138141702,0.36973739555772234,0.40529918438165635,0.8076798050348374,0.9435854443129827,1.3185394405546578
57,4493611940690795492,0.9577510671954225,0.898740884626554,3.169506842281473,0.9613811770873333,0.87820302147773,2.7641992721478634,0.03877931745404161,0.49489249345598985,0.6939406185666146,0.9613811770873333,0.87820302147773,3.3209655575261405
58,6730573952763723287,0.9895438009289118,0.8406635315967202,4.154904317648373,0.9919036616006285,0.8290320136060318,3.7005572987474316,0.36965541580258715,0.5691207366022418,0.6768565233150498,0.9919036616006285,0.8290320136060318,4.212679251785637
59,366708833769863312,0.87638665199836,0.9923192394552416,0.6931832875483568,0.8244213257914942,0.9898732888741951,0.1643631702103457,0.8168632686800424,0.9573858177669792,0.7005739688371897,0.824421325791494,0.9898732888741951,0.8679350811734978
60,15258063051959084668,0.9209631379592853,0.9403205037074334,1.6831992090286156,0.9191366740841186,0.9263967228199149,1.2096844876775963,0.8275302094634955,0.6700963292703044,0.6189239495177085,0.9191366740841186,0.9263967228199151,1.7813469903717838
61,1516417437187595041,0.895173191228443,0.9786710305320826,0.8205620426980109,0.8720240637584521,0.9724183462270611,0.4156710686216129,0.5320974235156177,0.8300013945817121,0.48710548457020775,0.8720240637584521,0.9724183462270611,0.8928915567905309
62,180819962756009332,0.8490241347312846,0.8331381255586501,4.3741086363916954,0.7534881607446015,0.7705341795798132,3.8617433130060856,0.7232952485348323,0.6052675350721576,0.7931382525344561,0.7534881607446015,0.7705341795798132,4.476471434271079
63,2310357728074813304,0.8438051262210831,0.9125992853220216,2.4485345447330342,0.8693843478150001,0.8764341877969675,2.069358635048986,0.9920753999123147,0.47537941793275795,0.4353094554452906,0.8693843478150001,0.8764341877969675,2.4396366910591265
64,9972639083687020419,0.7143378670726352,0.7952660568094295,4.119893657382898,0.6356103417556964,0.7518778877269631,3.749384142947578,0.1812690714539036,0.6173743694118748,0.5569292881202332,0.6356103417556963,0.751877887726963,4.140657602832896
65,5596535856116510597,0.9950105579425967,0.9698376914316016,1.509099808460617,0.9944288136280949,0.9369791086427549,1.0428490641490504,0.19758235360487897,0.38784030249826407,0.5747180212742999,0.9944288136280949,0.9369791086427549,1.5762343930489706
66,14080392028210178070,0.992219665654652,0.957380454411031,1.364847137729083,0.9895836587451076,0.9499196662144789,0.9994501275187885,0.3731023172500879,0.4819782916583514,0.36183197142980505,0.9895836587451076,0.9499196662144789,1.338869480529683
67,10716827118280846687,0.9969307623801605,0.9561085542128751,1.328281070789218,0.9971218117662101,0.9404612639552029,0.9505167929241448,0.23468235477258473,0.4465398193528344,0.5386309595681545,0.9971218117662101,0.9404612639552029,1.4425428309856796
68,7977923448622169941,0.9994266884227974,0.9519267851817361,1.2443929392818918,0.9702080395094463,0.9187994715229714,0.9127041742543941,0.1766285517663598,0.47563821334825945,0.35252954943070614,0.9702080395094463,0.9187994715229714,1.2450069495677132
69,16408252820181136417,0.7707010238495776,0.9765381125331746,0.8248857613793902,0.7159367748275364,0.9718178139249053,0.42697383490621676,0.39262274044124273,0.8755602657699217,0.4836532501156941,0.7159367748275365,0.9718178139249055,0.906098601930045
70,3240960668778737989,0.9582551073285781,0.8268314091613301,5.070142910659137,0.7781453050437904,0.6672647146518534,4.541903584457682,0.9271172213180855,0.5603969523257116,0.4570263509879421,0.7781453050437906,0.6672647146518534,4.878774235590944
71,5113815267268338936,0.9877097445224681,0.9182891345368763,2.2428398486131895,0.9548961294611453,0.8662762847105581,1.8628310011879088,0.6828714571335887,0.5777539720754218,0.44908866066383624,0.9548961294611453,0.8662762847105581,2.234763230865501
72,13930871132433859115,0.9728319964862593,0.9278817605057521,2.5410390123249758,0.9303559147785471,0.904810012007438,2.0733264750045173,0.5338092034127446,0.44709188120959364,0.5124777887567288,0.9303559147785468,0.904810012007438,2.5207484294033566
73,11206376182168680595,0.37556760651704013,0.8696628535702634,3.7806219035245987,0.3331942199531015,0.8618695584023025,3.26240694635115,0.06328198373585425,0.6317084598202833,0.7066324223143846,0.3331942199531015,0.8618695584023025,3.839774827782712
74,9958609791133261602,0.9765240893167156,0.7278621997170108,7.875131854954195,0.9635014466180538,0.6595486118165614,7.513318561981411,0.5507033495182185,0.46713884591216837,0.7177893395172965,0.9635014466180538,0.6595486118165614,7.8864452307523
75,13690751770521356751,0.9706113000503127,0.995763509683021,0.4802056192267647,0.9441978973964262,0.9930016994175943,0.14435857431227828,0.5574954579541654,0.9143205382061126,0.3721512943666239,0.9441978973964262,0.9930016994175943,0.5163990774129671
76,2332376433304102753,0.9660901702593162,0.8922811995315064,2.8595801772524454,0.9527542033509985,0.8593789069845816,2.407719460156312,0.32833602164466785,0.6190192928587632,0.6170431255387054,0.9527542033509985,0.8593789069845816,2.9024108737926917
77,12547177598912647513,0.9011344736436867,0.9704189006077247,1.4278440697455064,0.8818671549601659,0.959375195352631,0.9983464793170248,0.9823465824690284,0.5667522216136767,0.5488935507543738,0.8818671549601659,0.959375195352631,1.4973126101296828
78,9292007245537584228,0.9104808276655123,0.9734787039685353,1.013156012804995,0.9045947084215836,0.9717456796833664,0.5865237011218882,0.9595448478053241,0.5692994500296936,0.4968289503319183,0.9045947084215838,0.9717456796833664,1.077795252332397
79,3555947825864445326,0.801316061479014,0.8566693574924774,3.914407272355623,0.6612011456296184,0.8069989654500317,3.340661740593239,0.005439001442088817,0.511835080522781,0.6500230832109808,0.6612011456296186,0.8069989654500317,3.881330003406179
80,11019723759861055999,0.9843108082472963,0.8711396894832021,3.5337471626147527,0.9682572242682261,0.825764306633109,3.119176497486869,0.32027985136603404,0.5476598578421596,0.4919221595184195,0.9682572242682264,0.8257643066331091,3.478411725902282
81,1830356848518589579,0.9636959881502519,0.9587610959233771,1.356978325734368,0.9070626976277193,0.9242797509155828,0.9023585238681474,0.9710091271636371,0.6906019624054842,0.5813935052807362,0.9070626976277191,0.9242797509155828,1.4554489163208708
82,12200781666729923263,0.9959212243382657,0.8507338714788855,4.30937674092585,0.9879564413568541,0.7901894792932922,3.8675286777839193,0.06188702703090531,0.4296874845481662,0.7450090636546244,0.9879564413568541,0.7901894792932922,4.434361180456713
83,3878745444283518526,0.9537152744180771,0.9442991907412333,1.495721641718571,0.9012587459785656,0.9252004398850266,1.005179819904356,0.19237953798940013,0.6230522211212327,0.526375795922342,0.9012587459785656,0.9252004398850266,1.516589157741061
84,14289535335837787043,0.9985969604224042,0.9675017303419132,0.7573882178481329,0.9887511170405177,0.9520370635635647,0.4634278461391076,0.9695092404299324,0.4669453428346156,0.3433590358391861,0.9887511170405177,0.9520370635635647,0.7996291705589845
85,10634158997950059692,0.6994391062368234,0.8316258156729336,5.639982867009886,0.6934667818150916,0.8087703330340863,5.21882383043868,0.1910793327527602,0.5433038854954952,0.744747394149496,0.6934667818150916,0.8087703330340863,5.712623463568552
86,288239764700566301,0.9983322216724817,0.9823978831128944,0.8896514231770725,0.9771805763981641,0.9746884738131555,0.36623660159781696,0.2977688386035683,0.5586091363549576,0.6605173077358166,0.9771805763981641,0.9746884738131556,1.018925336667288
87,12179577759490425397,0.24951280534899015,0.8387727274727849,5.785531826176282,0.0377803585756228,0.7577941368750382,5.182138460667291,0.31777951815729005,0.6479207610498824,0.7152948363102237,0.0377803585756228,0.7577941368750382,5.694174362497696
88,11940479888792996823,0.7229955490364346,0.831426212744813,3.8769282941496477,0.6787153427123483,0.799804561373064,3.4239179031831974,0.19500200626290348,0.5733521597323427,0.6842154809108565,0.6787153427123483,0.7998045613730639,3.9521386475133737
89,7170602877026286520,0.6296386324181046,0.9155762599354138,2.295244543945036,0.4534730832185036,0.8927816007485191,1.8329631154363217,0.5543727294511394,0.5759531134474701,0.4290740033079313,0.45347308321850344,0.8927816007485191,2.207342238491492
90,7320997450776687842,0.8951254225218064,0.8816587379138128,3.3423543763142445,0.8531498662031883,0.8454775969077545,2.8406931261262436,0.9024914659700602,0.6093907545811441,0.7691597103208434,0.8531498662031883,0.8454775969077545,3.4677745925123014
91,15356699910495561054,0.842291731125762,0.9720381611356866,0.9498146030993135,0.7652329187654161,0.9656074023661735,0.5064634800876802,0.1881713118105449,0.5235394582246096,0.45890881760745694,0.7652329187654161,0.9656074023661735,0.9632870140270217
92,16789259469547376763,0.8526940399043622,0.9766281813701212,0.9725225837965448,0.8514137929588141,0.9684724397749044,0.6485669468534951,0.914534584674091,0.519270419159312,0.3631359555764086,0.8514137929588144,0.9684724397749044,1.0015993635894922
93,13266325267173752458,0.9939918778373285,0.9794036405061213,0.9332356841126649,0.9329173285196322,0.9413083251557424,0.5358357816406946,0.7294481863190273,0.7070357406524324,0.40673089424205977,0.9329173285196322,0.9413083251557424,0.9256504850182625
94,2803167533665522568,0.9106663331046039,0.9086756838421525,3.4924750813214045,0.9305196225195446,0.8773051370190574,2.9564147940805032,0.6212805051829098,0.5091065118700393,0.7304708712635049,0.9305196225195446,0.8773051370190574,3.5790089046557503
95,14242329981538406597,0.6125223534934836,0.7326107776546884,7.798631445799358,0.4447729521190459,0.6547968099550104,7.338004747167704,0.7596948645029924,0.48515555114212816,0.6565007820086878,0.44477295211904544,0.6547968099550102,7.692829816734606
96,16245691950953583701,0.9514610485200785,0.9218248267048862,2.097070654830963,0.9506819719535023,0.8939419377399551,1.6766569372612392,0.055791246763047794,0.5736775439311833,0.5154227546241947,0.9506819719535023,0.8939419377399551,2.1180839792678046
97,14772742391214562419,0.9997184906321617,0.8713451146502817,3.2702747701909227,0.9972346951274087,0.8428291720810257,2.950009735042282,0.6504055091026946,0.5753329207010067,0.4923471085708825,0.9972346951274087,0.8428291720810257,3.3154834701738043
98,4350460415527273589,0.9961792649826513,0.9220533974653128,2.342802953976753,0.9448308602770984,0.8706874328400342,1.9217552285989516,0.9257385211717407,0.8229974443137491,0.41289397689686386,0.9448308602770984,0.8706874328400342,2.280588489773368
99,2484517238889877641,0.7305839941464244,0.9172807604642903,2.3192184263046784,0.6054951656502247,0.8709373980937769,1.72869665642836,0.09612355165902525,0.8156958968804517,0.5943728547833761,0.6054951656502249,0.8709373980937769,2.289896364128613
100,14840484421998699118,0.9216801585005077,0.9336663113616521,1.8637652233629873,0.828451110022868,0.8881006654233464,1.4319808664231946,0.7781848863847975,0.4785955534914252,0.47813263672489326,0.828451110022868,0.8881006654233464,1.8688614334984723
101,16131873885554894185,0.5867823578240694,0.7827457881665941,5.929507449347264,0.39739019673738296,0.7101526401320015,5.450908245294312,0.008065094303374851,0.5814460000031464,0.6246528928694226,0.3973901967373827,0.7101526401320013,5.850469266310428
102,14978455506848485044,0.9678118186330893,0.9911033142275623,0.7985692040674416,0.9820231584919152,0.9890391378107476,0.35784185481794845,0.30486105895518434,0.522988271184561,0.580216412197284,0.9820231584919152,0.9890391378107476,0.922657115722091
103,5383935843157232380,0.7692466020410172,0.9483688153420485,1.9021167407825157,0.7479562972322257,0.9338091779815854,1.4621397224586363,0.18752632986192563,0.4717901235811342,0.5982690240022485,0.7479562972322259,0.9338091779815854,2.0117547558756894
104,1391700804732420930,0.9892545216658994,0.954657261693478,1.4093145795852187,0.9694236666921886,0.9237109006683106,0.9739079069409026,0.17651208460319578,0.4606404807916577,0.5403780803519662,0.9694236666921886,0.9237109006683106,1.4820515444005051
105,1348945348258319420,0.9594605484239279,0.9300267953567686,2.0037274125360174,0.9273146152280568,0.9095760158096553,1.5980177051043671,0.056047363832070575,0.7224438033441432,0.5310143686308217,0.9273146152280568,0.9095760158096553,2.0723833764927377
106,10248574244545075661,0.9731969357583827,0.8869442208590779,3.3114115680788263,0.9444245619430017,0.8481317174958559,2.829990691704262,0.5812168688292321,0.6506251352142106,0.6321247282417592,0.9444245619430017,0.8481317174958561,3.3330807857406675
107,7979696293019347327,0.9544620870512729,0.9657115717738215,1.2500667997436028,0.9371055374947135,0.9491668426994342,0.9121003501028038,0.6547588156640934,0.5841880678132261,0.3962812659883541,0.9371055374947135,0.9491668426994342,1.2749082623659116
108,13225944811303181570,0.9901267280811302,0.9529762887427413,1.4284775346200276,0.9995168810758477,0.9299181321832518,1.0410443901244097,0.9989588099590533,0.41462973516680907,0.45624108912915595,0.9995168810758477,0.9299181321832518,1.4734006204245111
109,5032215404474194986,0.7210694376005173,0.7381792312159011,6.983199189611943,0.81240720435984,0.7662438129556778,6.505613624069467,0.6725438959538241,0.5043252068586104,1.1349309144436994,0.81240720435984,0.7662438129556778,7.30481056984462
110,13272370516200124662,0.8923549326140895,0.931442844191426,1.910323835824342,0.8553119674059301,0.9004714771514973,1.4481979280618884,0.9884354541144108,0.4775045125499938,0.6348921974716644,0.8553119674059301,0.9004714771514973,2.0057527841701006
111,12262789539743178714,0.8701322835911949,0.9527583688664145,1.48370725867416,0.7679174337531325,0.905761129817005,1.1806622052122346,0.029226737935197516,0.5717468285354484,0.35988054428018423,0.7679174337531323,0.905761129817005,1.4941958617058368
112,4895293660004186186,0.5179213099792881,0.8840333210652079,3.8552282691445794,0.41871289062257794,0.8414790573447737,3.2875601954587665,0.3540504126469801,0.582098270602276,0.8780364783652236,0.41871289062257794,0.8414790573447737,3.9951685646124337
113,15099938577198706255,0.6568730892585508,0.9071332853000421,2.5102947956110335,0.6134677812099141,0.8985137442293255,2.012337890023904,0.37128429135160435,0.40031021433007086,0.6724500915532887,0.613467781209914,0.8985137442293255,2.624917986613172
114,8167575870788474736,0.9377461986743522,0.9230812954421228,2.06869307640352,0.9497427176447009,0.8915038119357033,1.6371321312132983,0.0009454315375953506,0.4604430879781905,0.54610510559163,0.9497427176447009,0.8915038119357033,2.1044911972318743
115,6278635071396910487,0.9774959939452301,0.9912050817982258,0.4884739850520246,0.9250446930265698,0.9822961572734343,0.15558465749654593,0.8312989789375975,0.965204967331735,0.38091197111830705,0.9250446930265698,0.9822961572734343,0.5343156371866051
116,2780339602424436180,0.8653284571462652,0.7183061154633379,6.773532843099808,0.7297478437821985,0.6066097733398589,6.391001302191472,0.36206948996787214,0.45534285617687875,0.5196914179693642,0.7297478437821985,0.6066097733398589,6.660887537185642
117,3467289775396457587,0.9535831240096196,0.9421571048892281,1.3998377462707654,0.9781807926166658,0.9057794522114485,0.9190437374316548,0.022669555924847627,0.5577759431778008,0.5415330245946927,0.9781807926166658,0.9057794522114484,1.4588906014625862
118,10195434172749951222,0.9385873555399169,0.8752965243444247,3.437706666378334,0.927049259387384,0.8397014394762192,3.0726944112253456,0.95549315291588,0.6477127350847114,0.6135308947053879,0.9270492593873838,0.8397014394762192,3.557885495357612
119,11825896814016345152,0.9906001400781169,0.9119614508633227,3.0378639644031677,0.9399353548424042,0.8645795981983244,2.726200783306415,0.04563782447718609,0.49313922013510414,0.3624346017880244,0.9399353548424042,0.8645795981983244,3.00006221027276
120,4447076398515162433,0.9245653090732879,0.9260572744291247,2.164404494574487,0.9470715665473692,0.9291416960079544,1.746687589842793,0.7249511436275605,0.467025124919914,0.631908968088069,0.9470715665473695,0.9291416960079544,2.318877957157822
121,14364326597959735683,0.9226296499838722,0.9239558624224039,2.8482992766664608,0.9486629191751182,0.899113830218834,2.3850377579376127,0.7713486520680678,0.692420411178986,0.4626857570387524,0.9486629191751182,0.899113830218834,2.799139209459142
122,13846492245893075523,0.9163964289164559,0.9401681106379388,2.277812860171952,0.9175099449743397,0.9384250398927383,1.9534864666208795,0.9698465199079256,0.5235372175425426,0.4935522006094492,0.9175099449743397,0.9384250398927382,2.364418838708127
123,17989455330839030078,0.9634987368868453,0.9113593996363828,2.825574345262899,0.9746370608786218,0.9156713218494742,2.396900734801439,0.48694035509500816,0.5930740827061872,0.7425913280542685,0.9746370608786217,0.9156713218494742,3.0163950093694427
124,2453566119630653000,0.7698244132291266,0.6837503265856019,11.505142795117406,0.754981795328815,0.6592507089572133,11.001331333742314,0.046287749869097866,0.5498325018266726,1.1817278528498016,0.7549817953288148,0.6592507089572132,11.660317694099318
125,7541434039231801801,0.9625478586954087,0.9686719128345421,1.054278514329449,0.9561905306598595,0.9638131416358167,0.6967422366559688,0.6188788260326995,0.43770780540570425,0.41468575535485747,0.9561905306598595,0.9638131416358167,1.0906072615986373
126,10347314691533253129,0.999237972071083,0.9773517695038882,0.9857876194529251,0.9960561483694065,0.9772202436393427,0.5281115977930527,0.6177290353615992,0.8243679315473211,0.5860866747526584,0.9960561483694065,0.9772202436393427,1.1023088681849256
127,3753670022771462927,0.9995070997287657,0.9623894017786969,1.12856108568675,0.998223556093096,0.9566483782988657,0.7444920054359461,0.3980322066196837,0.4126195326722801,0.44193869716894496,0.998223556093096,0.9566483782988657,1.1669184117737097
128,11063978693292209411,0.9848603139239398,0.8656190508412851,3.296304658356923,0.997271205413169,0.8708218187381818,2.868634886335928,0.41417372961088905,0.6729512922530966,0.6356684605043804,0.997271205413169,0.8708218187381818,3.395328539482393
129,15311663406567961708,0.937035377971839,0.9637072735886467,1.2222952053859673,0.9261894805400874,0.9569634145774361,0.8398438301359087,0.09537315067112169,0.6297612580252341,0.47110678031688263,0.9261894805400874,0.9569634145774361,1.2791444603017452
130,5179331157657324861,0.7560684581838122,0.9440816421927635,2.108014187092233,0.7538283286411903,0.943827436046341,1.7621313295599783,0.9670662551664317,0.5574096010123396,0.46922247270309336,0.7538283286411903,0.943827436046341,2.1426378976869653
131,8283656104333822052,0.9143371855284584,0.9740593748415896,0.8080790590178054,0.9075295845204434,0.9749401890428552,0.4989390405526794,0.9771770651768308,0.6038717709254231,0.38722136793744766,0.9075295845204434,0.9749401890428552,0.8835284472546434
132,13148469052671387972,0.9205212391604329,0.9669597648240483,1.2335215922309914,0.8745224665771612,0.9566787635965672,0.9220264880757255,0.31903625208683895,0.3277393975102308,0.3561063001452021,0.8745224665771609,0.9566787635965672,1.2472255489592292
133,12822294388421783733,0.9982649466833033,0.8898944761278086,3.018383079791957,0.9945898001233127,0.8651302668325653,2.7041819651909966,0.842742628126412,0.612663817395389,0.5011381314134908,0.9945898001233127,0.8651302668325653,3.086987552782648
134,5980688649215949525,0.486477565272429,0.7851329916396611,5.183840337711425,0.27059549536753347,0.6790692148087182,4.688031155763181,0.002033781314355573,0.5522248719941343,0.537936792731431,0.27059549536753347,0.6790692148087181,5.064511457489772
135,4285901166184095152,0.990455977825924,0.9314160687383091,2.202533621304103,0.9995452203563203,0.9318673901893638,1.7118677957241561,0.08487080501327364,0.5323108530647347,0.8509797268699152,0.9995452203563203,0.9318673901893637,2.4632920206536655
136,7015482020689413519,0.7470308013762323,0.9721080189876685,0.8634721927244624,0.7845966027238683,0.9751581066246578,0.4801284362094538,0.19156854111607877,0.8017910419353821,0.4306348192066742,0.7845966027238683,0.9751581066246578,0.903343793739924
137,15841279505877615023,0.9976578345327315,0.9874789613336236,0.6842956371306408,0.9999383471393295,0.9835007560365372,0.31902526538231274,0.9995252629663797,0.9174415501740664,0.4303879339430601,0.9999383471393295,0.9835007560365372,0.742047702118232
138,2189737071584890378,0.9574511261961787,0.8999709130232336,1.8571007203445886,0.896004978006323,0.8575768491071586,1.3714607502480864,0.019982776804204596,0.6310252814339129,0.5874713808389916,0.896004978006323,0.8575768491071586,1.9082191677375135
139,14055164124739678523,0.8953325853755597,0.9230660625882152,2.3222037986414152,0.8898384568205642,0.9211213167892196,1.9451696374835685,0.37409059186160426,0.7111874622593137,0.42255173109550936,0.8898384568205642,0.9211213167892196,2.3023919678670532
140,13628052299767968546,0.9057187698739725,0.9586263029271355,1.5760766706379465,0.7404094904571308,0.9262611303024507,1.0578881635868853,0.48012913160404835,0.5605892442556001,0.6342859832904526,0.7404094904571309,0.9262611303024507,1.6798251508655504
141,12116452156725393502,0.9990614256350541,0.9926432753829505,0.510455203393438,0.9999968262260686,0.9918010088202481,0.19593276152196945,0.3945172631130304,0.6612791512106484,0.3874901205116229,0.9999968262260686,0.9918010088202481,0.5824901852005283
142,9629967739957972360,0.7510654232466578,0.848174985603611,4.398402442742353,0.7213808906058192,0.8323621309013686,3.977800459534784,0.5322253614492256,0.5171887908496398,0.6781726250385655,0.7213808906058192,0.8323621309013686,4.468828228716641
143,5946139246501153073,0.5746497062982183,0.8870041937757028,2.25194441934115,0.40795814351753873,0.8508978481617454,1.842779882030255,0.6285598093289342,0.6772625735327292,0.4451367370545697,0.40795814351753873,0.8508978481617454,2.2346726813014475
144,10749200582415367219,0.9932966316665462,0.9186338973532202,2.3482649782198264,0.8970011486902141,0.8445668919260239,1.9490914292231434,0.8038485760644627,0.6721475665618717,0.5761923009795464,0.8970011486902141,0.844566891926024,2.4124849836232802
145,15466972162588643647,0.6890291776609644,0.7431987428600829,6.547961687932702,0.5667303400073496,0.7165459012515787,5.9897261974307305,0.9735365459786615,0.6614915661947433,0.6682033664515196,0.5667303400073498,0.7165459012515787,6.439132579651787
146,14474029669118501992,0.9022200223641356,0.9765458790000365,0.8518854861667483,0.8201008267897572,0.9625411287841938,0.4676862376976471,0.17002299696662485,0.870828471729777,0.43709849938486456,0.8201008267897574,0.9625411287841938,0.8868432152820865
147,15107393416285552035,0.9981010055389791,0.9146901374798091,3.0733715322849555,0.9988764329316315,0.8935820025134762,2.7728981144376212,0.1528635898126634,0.5459995627470872,0.5086829449209946,0.9988764329316315,0.8935820025134761,3.1596866105052377
148,13517983524746727415,0.9491495767698163,0.9448210958082435,1.5885919409926477,0.91991552453689,0.933836966070467,1.114838238232087,0.2895079600195529,0.3657364845611314,0.5609204610960234,0.91991552453689,0.933836966070467,1.6480096654663015
149,3867418561485199753,0.8931803833422539,0.7109052983418761,8.006221112242315,0.9056740275303762,0.6653686500062412,7.550964485584656,0.9954308777531995,0.5511565177889888,0.9690691374068525,0.9056740275303762,0.6653686500062412,8.153506901590665
150,10097109430223796165,0.3453868151716078,0.6084150286868881,11.618211271603162,0.1712889858187485,0.5298582251380114,11.033813767155301,0.8007126482860789,0.5132429781151683,0.8985021005174955,0.17128898581874868,0.5298582251380114,11.463897538946743
151,16293234144057402772,0.9968466550786184,0.9688400870242094,1.0334413659027577,0.9999749535450932,0.9589655003555311,0.6450949561730326,0.9957773451516939,0.7475492639736643,0.41769160063448657,0.9999749535450932,0.9589655003555311,1.0380720949980555
152,16094896048577302328,0.9599482433627835,0.9424217272195855,1.3436240086520663,0.9033752520393679,0.9477253857075849,0.911172716248634,0.39415058254901253,0.6555921180599902,0.5699680609348903,0.9033752520393679,0.9477253857075849,1.439715949720968
153,5409628217946069972,0.8321565001532071,0.910976211619954,2.5650896474123437,0.789173390361757,0.878264003997671,2.2002630856043965,0.03828798655602152,0.6132354335501347,0.46831582025519586,0.789173390361757,0.878264003997671,2.5818334113007504
154,3246971285782970543,0.35214671653051893,0.7363158365533792,7.928435949500332,0.14871939115987326,0.640366473046255,7.418355582338663,0.30801117627565955,0.6277555207219964,0.5559767737476943,0.14871939115987295,0.6403664730462549,7.680029230703427
155,13286205869090796556,0.4198893130146392,0.7751320856309121,6.602703590032144,0.32927255093853586,0.7595133379939251,6.01207978040252,0.003978802103210201,0.5166392723996692,0.8403691239618901,0.3292725509385356,0.759513337993925,6.59744130926355
156,13640764959073579099,0.8750634787417788,0.943121282322386,1.5773033686373987,0.8010302313070702,0.9138660391414969,1.2060432191237824,0.14827871788776775,0.5902349162216793,0.4450877779018309,0.8010302313070702,0.9138660391414969,1.6131904984412397
157,10254878071126307235,0.9987793535054087,0.8954334781411916,2.910706327308627,0.998494256266455,0.8781479344090587,2.5298939932061315,0.8452989816000603,0.601003929265817,0.49178230138907336,0.998494256266455,0.8781479344090587,2.9216617487530243
158,11726395483765397510,0.927483530902991,0.842133239182289,4.841129194034836,0.8129002934641179,0.7609947989760426,4.446558921205273,0.050690443425349035,0.5431764644104694,0.46169972218277766,0.8129002934641176,0.7609947989760424,4.719839250138624
159,15759344638682321181,0.8748005922396589,0.9132947487820999,2.1834833206869164,0.7993183959953586,0.8827150148486899,1.7959218964508563,0.9365045269451115,0.38389734988674135,0.5135756934214513,0.7993183959953586,0.8827150148486901,2.234226445455096
160,17158095949633867261,0.8264613687496407,0.9703318653010103,1.2512613972327074,0.8089299970431997,0.9601440077552219,0.8014087967852569,0.528649050647499,0.5145254822009242,0.5114108674313157,0.8089299970431995,0.9601440077552219,1.2831562376651124
161,9608107818570037442,0.992721449733823,0.9683487683044846,1.3175673989303798,0.9928152810500825,0.9581680098665148,0.8822753923345545,0.650177683195657,0.593011196750568,0.5114025620163568,0.9928152810500825,0.9581680098665148,1.3694452553134124
162,13806689881797303696,0.9490489533930865,0.9781040448772155,1.0116683147635355,0.9601567023646423,0.9772950789020336,0.6330145566262865,0.6320168583412842,0.4310527061597721,0.45491801890867173,0.9601567023646423,0.9772950789020336,1.0622466722560047
163,8170132276428957754,0.9925358619766729,0.9582143064822776,1.2973170945100767,0.9988669696284697,0.921906973730525,0.8383327355301283,0.6850338566342763,0.6356382986110665,0.4918717960814103,0.9988669696284697,0.921906973730525,1.3182647228391815
164,3329121250831710443,0.7580933189847867,0.9192310362773594,2.933650343756138,0.6211831439179137,0.8680982287781114,2.519529253657802,0.5021453758488822,0.5629817613667256,0.5511846013658565,0.6211831439179137,0.8680982287781114,2.954037041995228
165,2291036824678904490,0.9158820882740307,0.8768314310329931,3.6891740753314126,0.8697321839671576,0.8582448475895034,3.2330515922057796,0.8520150042228493,0.6581963082970136,0.5427457514269165,0.8697321839671576,0.8582448475895034,3.654270031577949
166,17134254834599921641,0.9751947760304073,0.903798847046234,3.2493184387272955,0.8884710454381268,0.8812406936470827,2.775845098070001,0.26611553847462477,0.48985092478112413,0.8171726984170178,0.8884710454381268,0.8812406936470827,3.4241167288087873
167,537079273982086506,0.999644455918633,0.7628955179628444,8.034600327045041,0.9999908769973815,0.7141737244228404,7.589893044510767,0.008769469233501033,0.5339485407527619,0.8817661811277583,0.9999908769973815,0.7141737244228404,8.137203250409677
168,6036092439670747052,0.8296862626536942,0.8765616616605151,2.849997635917279,0.7334189742892047,0.8295544008532355,2.4078279670580827,0.9522438984605621,0.6290526952184663,0.588532857319169,0.733418974289205,0.8295544008532356,2.899214893580386
169,7144922311560185477,0.9768175520567051,0.958910383260034,1.3751735537264977,0.9882815585419911,0.9515399739655694,0.9991215148256904,0.6480408341518686,0.30787249383263926,0.46368747011712513,0.9882815585419911,0.9515399739655694,1.4360215480527316
170,3520351839282879308,0.8619588329745504,0.8372955558623789,4.877458414719949,0.7755055781867364,0.7823741205710223,4.366802311839771,0.010835511769905416,0.5912448549480328,0.5318677853794048,0.7755055781867366,0.7823741205710223,4.743283828441264
171,11560958900375456164,0.7283695377563617,0.9461435638885455,1.5341927854756197,0.6598578684527319,0.9297975471008805,1.1404085442890148,0.2026002822033888,0.468823977351876,0.43800363749219345,0.6598578684527319,0.9297975471008805,1.545212016410286
172,15068672355036297170,0.9992945216651709,0.8456296529007193,3.770995012670029,0.9988161714994025,0.8037322934186377,3.419556026455607,0.44480786045759146,0.5448285740259377,0.5029083450555463,0.9988161714994025,0.8037322934186377,3.7772792556154156
173,1882964607921599916,0.8883711901123492,0.9217660120857439,1.7756336512020248,0.8857867451893986,0.9222446528262156,1.4227300429922956,0.04795391881436661,0.7485412786695256,0.47428143543806184,0.8857867451893986,0.9222446528262156,1.8404362771285265
174,7377358149790671113,0.9930435493527521,0.9888579518845024,0.5959911611015257,0.9909702526416396,0.984817571774557,0.24417763438998624,0.16924422672780867,0.7049322713232395,0.42689213258715697,0.9909702526416394,0.984817571774557,0.6704395530039775
175,17563299698889020912,0.9388947288592213,0.9691141014408241,0.9934630770608693,0.8812112140104401,0.941967168127365,0.5940553036022896,0.9944998245417825,0.5900435535460781,0.46591274237683505,0.8812112140104401,0.941967168127365,1.046220218905644
176,2046334462209218152,0.7752807491333402,0.9346940869364874,1.907341481074953,0.8633318205914169,0.9138183991087784,1.4000430252793765,0.01601638986704339,0.6094660976817359,0.5596407764136941,0.8633318205914171,0.9138183991087783,1.9209285692124611
177,3149026866385856453,0.9754097068809567,0.9017188510173386,2.9654319743484616,0.9745087980826801,0.859479308159894,2.541939590494966,0.4256110916810119,0.6360980556647401,0.5633114887959045,0.9745087980826801,0.859479308159894,2.9854162735909884
178,13298066427489484043,0.3978411489562361,0.7668204288333923,6.1276249257932385,0.24570916930113576,0.7058152536754906,5.487030043587113,0.04541499733929578,0.485444263146513,0.7136996927305338,0.24570916930113598,0.7058152536754906,6.00537822571688
179,13598940032645062712,0.6826352328915859,0.7695580630868503,8.63089123249787,0.6471951865642522,0.7407725318868176,8.149531393257943,0.7691801062288125,0.519621728011829,0.9195073468013444,0.6471951865642522,0.7407725318868176,8.694935336199974
180,4691157145264615606,0.7900962932154698,0.88796774324419,3.219648360605666,0.6744106744446522,0.8527648103161378,2.881065209905032,0.059143847378533516,0.5286786678341083,0.46976425705287744,0.674410674444652,0.8527648103161378,3.2387843494309583
181,1773640359647472767,0.640766499898734,0.8395326415698764,4.006016332810307,0.5082366722656086,0.7854302909094879,3.481451657202142,0.7061907693218161,0.5606736891856438,0.6892658613712913,0.5082366722656085,0.7854302909094879,4.040275442804975
182,4515987004574218735,0.9200293587347966,0.9682355450276762,1.0931358049279716,0.9255477732020331,0.9597485910853827,0.7010008485368304,0.4194859844352188,0.248624341110249,0.44438514088680425,0.9255477732020333,0.9597485910853827,1.1378960611803424
183,5449366266677078277,0.9941009507365309,0.9420430112337063,2.0660246886796214,0.9631952625190148,0.9214422794429604,1.6388711849378466,0.03706518058089323,0.6837608483104416,0.6121469969971778,0.9631952625190148,0.9214422794429604,2.1704050370865366
184,9884934625777401634,0.8480754492372812,0.8712800722827951,2.5546851133053745,0.8409237559865136,0.8540880604050216,2.076753008088405,0.8800146273995225,0.4459092342897764,0.5384601672634867,0.8409237559865134,0.8540880604050216,2.539824255085543
185,14663577865998701469,0.8962534005331254,0.9059190248459036,2.182772856171963,0.7621555088662955,0.8487575971390702,1.6953179030448131,0.8168732380005742,0.5925066828930672,0.5082821999832445,0.7621555088662958,0.8487575971390703,2.1627092429129555
186,15440765493080733209,0.725428178749853,0.9111946033411736,2.670758831394826,0.7493404327444728,0.887871837408278,2.2145748633510354,0.3265250922937252,0.3797961716038663,0.5653511839012842,0.7493404327444726,0.887871837408278,2.7051669582518194
187,13806689394564640890,0.9970105253895263,0.9784796972352184,0.650062813132593,0.9993979965533205,0.9734331273779644,0.3652859478454651,0.06346675669768019,0.3977243226167881,0.3241498423793497,0.9993979965533205,0.9734331273779644,0.676472462207534
188,9015645989246420982,0.8108471024836067,0.7640669036964651,6.599421554480523,0.7260864914772621,0.6866610569565822,6.156761208314757,0.3291751299766423,0.5117953037008343,0.7179084384039126,0.7260864914772619,0.6866610569565822,6.620296855704497
189,17685274756698504220,0.9767840773661808,0.8884438685019156,2.8015263501844014,0.9870073067463465,0.864591146659254,2.411998582273185,0.8216208652412387,0.6555657455575972,0.6340805165150664,0.9870073067463465,0.864591146659254,2.9264140471330653
190,4656095717457739900,0.795022503336866,0.9271578149083446,1.8700125793868205,0.8285383132823522,0.9235663750048547,1.5011636454136186,0.0028507451145327934,0.5103202751116559,0.5105909521481984,0.8285383132823524,0.923566375004855,1.9686573189321133
191,461621492410537608,0.8395099154623723,0.9081437357381794,2.780308479762424,0.7501852609838986,0.8667056431870643,2.3783716095967744,0.5452673177313823,0.6540692792225912,0.5196231948710917,0.7501852609838985,0.8667056431870643,2.808253853893301
192,9266938079207308657,0.9997653353000189,0.9743761113866981,1.1024607343583943,0.9983673222898416,0.9739761745818686,0.6783482987139163,0.027433689449171718,0.6170143934662378,0.6163251762305582,0.9983673222898416,0.9739761745818686,1.2577403072197837
193,9719280859175702898,0.9994472394880376,0.9395247107938743,1.9968682457136988,0.9995045071458514,0.9236685939267197,1.5923263803249657,0.6668034022919571,0.6060975171214142,0.5188014108029692,0.9995045071458514,0.9236685939267197,2.050079551248035
194,17374673821659181492,0.9826091037971055,0.9815821248179901,0.8344701066711845,0.9879051557043399,0.9699763902624968,0.42700493086120817,0.9081354857727546,0.8014077748187816,0.5480353267789841,0.9879051557043399,0.9699763902624968,0.9537581828037741
195,6967453717513003628,0.2437632371553623,0.4052808638681666,22.34777134629573,0.15556060721565573,0.35908040744795394,21.738022199793065,0.280759565705925,0.5345067183629373,1.6462210931545098,0.15556060721565573,0.35908040744795394,22.355153868150254
196,409527374907714501,0.9435305943139076,0.9039863059004845,2.388446198734694,0.8696377773159056,0.8669380385776886,1.7786070301441177,0.9989371109349822,0.6313858460089169,0.7682884094420475,0.8696377773159056,0.8669380385776886,2.491964394013793
197,2177282238273569440,0.9997453378130873,0.9857062620310438,0.5394344642352845,0.9946707669988157,0.9720320906430424,0.20658938260031254,0.0006227139200089437,0.37471233660920583,0.4002518939346903,0.9946707669988157,0.9720320906430425,0.603066021867138
198,4992519128388975224,0.6999867809546115,0.6520061774176841,9.804604283230189,0.4833214813541856,0.5249639522577034,9.236332158372653,0.8017926290876762,0.6397653629735366,0.7927313322983408,0.4833214813541856,0.5249639522577033,9.645932547107593
199,12208578813698734201,0.9986751454242496,0.9800547507435485,0.8723085043391942,0.9867870532655787,0.9697280849354489,0.5286770885224034,0.16623827433776805,0.4082412730843922,0.37009830116004705,0.9867870532655787,0.9697280849354489,0.8764511258705677
200,6532182870539877489,0.6361536139592044,0.7022445329409853,9.19175165144233,0.5716003621153404,0.6494602889993435,8.692441801830089,0.9224791994970301,0.5861154603219793,0.9431617059242579,0.57160036211534,0.6494602889993434,9.234099949939909
201,13903781276041959812,0.8985566061384926,0.9120488756368312,2.211312780468222,0.9313281479210255,0.9144760793906639,1.806686334633151,0.04126362862187107,0.2441041294657821,0.5400288459133377,0.9313281479210255,0.9144760793906639,2.2723142531140983
202,938270464445435791,0.9684605611463981,0.9581086780570819,1.1241500112851925,0.9730888564598295,0.9561341164868947,0.7228435064992322,0.17888139233526956,0.2735942001053264,0.4434080063046248,0.9730888564598295,0.9561341164868947,1.147427393195937
203,7012029685734715904,0.9291211100707292,0.9647743363081478,1.4485128182153992,0.8011975679519362,0.9289364162722991,1.0663634403278237,0.10256531117054073,0.5132380022292751,0.4318504541927525,0.8011975679519365,0.9289364162722992,1.4597805834699737
204,624044504693460947,0.9722328702698187,0.9186522958068911,2.5744954783590366,0.923099954899468,0.8506922482150399,2.2382138436892993,0.6668849919008305,0.6202145476632405,0.40315504864488294,0.923099954899468,0.8506922482150399,2.5527127493413926
205,4233664725217445131,0.8177745771953302,0.8681083072160054,3.723939880301175,0.7960045671599637,0.838712002693223,3.3800095104574455,0.3726402625782326,0.5210566761783885,0.5991672844928342,0.7960045671599635,0.8387120026932229,3.8069731619456766
206,14729158382372266213,0.8609957662686653,0.9570683984294762,1.1054088622927298,0.7939084165560927,0.9338911780984596,0.7133132893916718,0.041603704272378854,0.6777844424215494,0.5909048581919177,0.7939084165560927,0.9338911780984596,1.2770339111800617
207,10341802685257130173,0.9835074739772753,0.9937036539833018,0.5743034945471521,0.999722061784582,0.9908095108170368,0.08992573610874416,0.9316238377171933,0.8412356788373576,0.5599340529488109,0.9997220617845822,0.9908095108170368,0.6524378941720945
208,10724648594949395810,0.6816159158441134,0.9183817789790025,2.0690582693798443,0.6780341468666785,0.9261162502353967,1.7063831947438806,0.32311965154058847,0.7252371151607622,0.40594797536108373,0.6780341468666785,0.9261162502353967,2.064076873057426
209,5419766935459021898,0.613067438998323,0.7628704032127767,6.577774047555598,0.48479209777523846,0.6977536150639385,6.120921846142232,0.45341168313812896,0.5270779803289204,0.6626507858014853,0.4847920977752386,0.6977536150639385,6.533850873609076
210,1882951579873763414,0.9188211851195635,0.7807245691965091,5.544797044459724,0.8835068323623145,0.6872709503300295,5.136176993398058,0.5006207830656401,0.5986520946812448,0.6848032404424087,0.8835068323623145,0.6872709503300295,5.5670525414430925
211,9918776460194424648,0.8302041425684262,0.9179528139750183,2.245137760705016,0.877599316129453,0.923567065267095,1.851496952173078,0.006534827430453423,0.6554201009795636,0.5752404715096893,0.8775993161294532,0.923567065267095,2.34416859068901
212,6659304297392282490,0.38481188303375885,0.8485849232738869,4.238410006374379,0.18138322676127608,0.7446423224289035,3.7254083040297146,0.9970846912346921,0.4722817511042561,0.6559185261957122,0.18138322676127594,0.7446423224289035,4.239063983689144
213,3898118666361727709,0.936576600745837,0.7908686641454107,5.814409116670419,0.8809557046627715,0.7088142158322062,5.286239480747628,0.5569505017389094,0.5464341488223496,0.6523368016167121,0.8809557046627715,0.7088142158322062,5.756361836411811
214,16787809412347001050,0.8812124908740697,0.9709950590151389,1.0746235165121136,0.8261422010994106,0.9585229913861357,0.6688021720304177,0.39726182571471025,0.6930428358454835,0.4773095585808146,0.8261422010994106,0.9585229913861357,1.1305101899847998
215,1703164198904826125,0.8627474317489222,0.8592105782817601,4.416529351580652,0.7982746158787355,0.83733078453138,3.8608399660278883,0.5441913346427446,0.5293742591993934,0.7778032242793628,0.7982746158787357,0.83733078453138,4.488318273066944
216,18208911364502184985,0.9721424016368017,0.8380907705736858,4.2431519235852075,0.9997850729204177,0.8565901682793711,3.8267447386126503,0.17527669339212026,0.4414108662588825,0.9398935555162944,0.9997850729204177,0.856590168279371,4.537258744894803
217,2114007902931988215,0.8633149822582723,0.9077760993533974,2.496645285766877,0.7162407300215468,0.8701923380771606,2.0241203040054807,0.6435653828652235,0.472773183988458,0.5849731721523731,0.716240730021547,0.8701923380771606,2.5197374833372916
218,3469399693025416956,0.9771676363965222,0.9295229032058908,1.8290061805592308,0.9966569929226122,0.8956290679652368,1.4011968000097215,0.3041092536134409,0.6070497936246874,0.47082327574910116,0.9966569929226122,0.8956290679652367,1.8285821697769502
219,6348712431365725720,0.9562047180351829,0.9265211176442002,2.027033036131662,0.8845415518292652,0.8845537691959725,1.683420416147044,0.9799077622178209,0.5977810322265598,0.4333039654836547,0.8845415518292652,0.8845537691959725,2.0466330836964595
220,7531813645782453374,0.8605461638082432,0.949799836764713,1.642754731063557,0.8566485213715318,0.9288600139657689,1.194385486848856,0.17219486816304858,0.3410538931744854,0.6286703996676188,0.8566485213715318,0.9288600139657689,1.7568177276287895
221,13411209557678768998,0.9997348264351561,0.983021641033563,0.6803463947806894,0.9991673251187159,0.97926681756002,0.31840586905743146,0.7883097175936941,0.456300490170144,0.46159839214563336,0.9991673251187159,0.97926681756002,0.771192158031255
222,734929557781926150,0.9993004590773362,0.9793900076875524,0.7112470108031077,0.9976602199942098,0.9721839182916647,0.420998973493768,0.739594514491641,0.6970008413238465,0.3468545484515474,0.9976602199942098,0.9721839182916647,0.7563780371240556
223,17223292399724776547,0.699824323987836,0.8882893093325189,3.143826133976894,0.681275118664775,0.8704612609031747,2.671157149046595,0.656162709695667,0.7059621103381557,0.6708433572088539,0.681275118664775,0.8704612609031747,3.2190311565832657
224,3957924140338848513,0.7967333884213134,0.9130170151124706,2.4137685021094835,0.7046510163862727,0.8830327275018187,2.076011413857408,0.5669624940035074,0.5019080203298731,0.4274564906297344,0.7046510163862727,0.8830327275018187,2.428624129956715
225,13609557868207594781,0.9844418260575936,0.9911391722730781,0.49151207952064424,0.9618867951625064,0.9857904846536437,0.17788178484218758,0.945138527930292,0.8442705801546903,0.38578037840711904,0.9618867951625064,0.9857904846536437,0.5623580253306057
226,860185963217347583,0.9093095839230585,0.858757887548439,3.513538473134723,0.9037761888397705,0.8286505211965564,3.0685106287020782,0.9424083518589187,0.6009731335786489,0.671020549811432,0.9037761888397705,0.8286505211965564,3.6056841776136856
227,507514701787777418,0.99664095283671,0.7403747256299912,8.572697261051212,0.9914379361917701,0.6672794550837028,8.090577956283374,0.2592236213248245,0.47078890667119955,0.8007781220808694,0.9914379361917701,0.6672794550837028,8.52996576370251
228,4520835061728113981,0.9673587096634841,0.9815761915135414,0.7870409415715385,0.968312466583791,0.9772672860677443,0.40240630620546164,0.008081745671704329,0.3803409920793394,0.41534606515267997,0.968312466583791,0.9772672860677443,0.817011216364318
229,6442691000051871687,0.9998514946438839,0.9880315697315052,0.5773847862362453,0.9991500679201635,0.9782793819218569,0.2461315188470877,0.9557450413854869,0.9251522942839225,0.4170092205055751,0.9991500679201635,0.9782793819218569,0.6617673536183616
230,3737031990100160400,0.8780250188422407,0.9828937174498996,0.8499574560173254,0.8786279515058584,0.985398771293906,0.45371020851508853,0.983789771374706,0.43569096304799243,0.4847144766376259,0.8786279515058584,0.985398771293906,0.9229189894664261
231,15688423162593867716,0.8467573011892191,0.889819020246339,2.9648740797718904,0.8773458331580383,0.8571412454605233,2.4570994135254947,0.031725994428769895,0.49051917421753577,0.5408468502098392,0.8773458331580383,0.8571412454605233,2.9190489476706394
232,17670164464736701651,0.8331908990913155,0.9655424477138125,1.2414262190812413,0.7974778582690921,0.9529009268607554,0.8244432514549578,0.6623963022927566,0.7207039995170946,0.5112461208974208,0.7974778582690921,0.9529009268607554,1.3087416638243152
233,36943488372651200,0.9141274664108444,0.8909306456102677,2.8710611524143066,0.8117122219177648,0.8412563474847633,2.5362315283626304,0.26112268352353185,0.6187361674362021,0.369870219431668,0.8117122219177648,0.8412563474847633,2.8271971217455363
234,18230448628372889925,0.9231427771421774,0.9447820519035226,1.87684878395589,0.8522937317800499,0.9378317406829813,1.5157607919045877,0.700455720977931,0.8327039437787394,0.4238176382002975,0.8522937317800499,0.9378317406829814,1.8977542819783197
235,11824886972261690633,0.9999805351584719,0.962420031196477,1.0845674515610055,0.9992344755592659,0.951953493067596,0.7054017277416995,0.8277889447838587,0.4804625956337173,0.4624593998622847,0.9992344755592659,0.951953493067596,1.1466028568016366
236,2859567482916333676,0.9636915154062996,0.9299595422178533,1.7417529977128934,0.9823885119588847,0.9039553756891973,1.2705843006389317,0.8924379471836561,0.6031381263722205,0.5620007513223403,0.9823885119588847,0.9039553756891973,1.7840795888443117
237,15013137419784485096,0.8196402446805899,0.8680070858064575,3.578050039055615,0.8723413156653742,0.8216994945354569,3.003387942808855,0.6291987857921051,0.48748025624562563,0.6756065940913164,0.8723413156653742,0.8216994945354569,3.597363570345078
238,15199579139983470860,0.9742088123012995,0.9424008605900186,1.656541582165194,0.9586137811165022,0.9319545020228249,1.2966284512181014,0.12798967387380367,0.6895930594304607,0.4727356443890105,0.9586137811165022,0.9319545020228249,1.7188959577221352
239,14663614714093125957,0.9883070634398852,0.9274827720017245,2.0737037801224667,0.9886410828001354,0.9173010230031602,1.671249472330307,0.05435193289546145,0.6215474329478918,0.6296118401113244,0.9886410828001354,0.9173010230031602,2.2233083767750537
240,18346091605825877124,0.9999608561556373,0.9465668216450093,1.787078435124855,0.9998382191841632,0.9372222111574814,1.366959478437049,0.2784527554518501,0.49736304602737896,0.5412915869656018,0.9998382191841632,0.9372222111574814,1.8611059062912063
241,14571616484498259121,0.9987881520409673,0.9771389482355725,0.7683869094287635,0.985836110602768,0.9787357017358268,0.38918615787735866,0.021242579091973184,0.41797705109697747,0.4534328302246261,0.985836110602768,0.9787357017358269,0.8290454543168918
242,5613048738248035165,0.715492857756202,0.8704594975574574,4.109561695303548,0.6811941708761607,0.8653296208939629,3.6221869227332917,0.08318490443201237,0.6260447563426617,0.6525790463995329,0.6811941708761605,0.8653296208939628,4.124898901300043
243,11052706072512328157,0.9078206748506135,0.9103111176626922,2.6142374414983127,0.9167561753994575,0.8826381615728436,2.144479503342108,0.043000493364344215,0.5416112958183246,0.5671686706557375,0.9167561753994575,0.8826381615728436,2.653311357694021
244,4168292294464226618,0.9031732889786805,0.8562510358684229,3.9143486313898364,0.9147249401937688,0.8504506087451877,3.3983443845134547,0.12491276221550476,0.661158565617878,0.837018675580372,0.9147249401937688,0.8504506087451877,4.0643261028667546
245,1226713549666919782,0.7905057509691247,0.9538718424113172,1.3659148003129327,0.6652892417343781,0.9340780203954925,0.9392166261418663,0.24244016299006194,0.6456597560252786,0.5255124674557448,0.6652892417343781,0.9340780203954925,1.4329007482643528
246,921180559219343799,0.9959802167385894,0.9494952309775486,1.2909080196653362,0.9955648435551275,0.9314007968706391,0.9508651304436769,0.9783097278727142,0.7971694432639321,0.4319937865146489,0.9955648435551275,0.931400796870639,1.332853841034798
247,10433403612832264639,0.8132993597962618,0.9390503056786873,1.6815475354274614,0.6861599795216534,0.9192938241611114,1.2545130982586397,0.9879557610752132,0.5166645247792885,0.49309677644179445,0.6861599795216534,0.9192938241611114,1.6977979887893033
248,17655102196318245142,0.5931974618181878,0.5813134669432458,11.167433781034326,0.5085393274415775,0.4952090594106751,10.650225630268785,0.7515487511220569,0.5173357818480323,1.017963665211207,0.5085393274415773,0.4952090594106751,11.179903045703824
249,15386254439608932915,0.9734762181936129,0.9128498308855507,2.4032732535029813,0.9434337230083759,0.8862460439340171,2.0152649716200006,0.9243098998414312,0.519689962741704,0.4178068318110651,0.9434337230083759,0.8862460439340171,2.3697677517730047
250,2300946870596831027,0.9926130440473407,0.9828213008271232,0.6155853855701977,0.9894227859767185,0.9805419451222968,0.2918892043127849,0.12602480874199823,0.6842388545770187,0.4017818041651424,0.9894227859767185,0.9805419451222968,0.6836910955007767
251,6297054869115347985,0.8852717673836323,0.8526163767651499,4.07198606089855,0.8853542337226268,0.8403568209416208,3.7432382469646837,0.8464388619329091,0.6436668494994658,0.5306985121728528,0.885354233722627,0.8403568209416209,4.109368159186212
252,10302365985324813777,0.9840812984195074,0.926224827450213,2.6106480439546402,0.9914487424194175,0.9092636279740263,2.2897690539351405,0.5727488708110593,0.6392250845537433,0.36870589560043904,0.9914487424194175,0.9092636279740263,2.575694435346128
253,13849258202405409348,0.8902839098708706,0.7528050834322426,6.294720585401421,0.8304935842871395,0.6873329594061058,5.865153076619356,0.10086237222310421,0.6054024952954824,0.7148151556517163,0.8304935842871395,0.6873329594061058,6.315170725746015
254,3897808671653199814,0.9646939026645613,0.9114835535975276,2.6028111279603032,0.9363486481932598,0.8624099289131415,2.236176568551011,0.992660965752974,0.5909180481481715,0.5231113582269051,0.9363486481932598,0.8624099289131416,2.6489441322260197
255,14874646592704749742,0.9700271013029292,0.9503034315819463,1.4724981855641572,0.986574640964046,0.9307140329182135,1.041360938822946,0.6827902615392694,0.5588051197356246,0.533594816724994,0.986574640964046,0.9307140329182135,1.527829976687239
256,2205580776389763340,0.20448292107896193,0.6854942153374843,7.842275537530396,0.0348703612264319,0.6104899478896187,7.298920875350149,0.007368457252775409,0.6397072491031175,0.5185458062208981,0.03487036122643181,0.6104899478896186,7.537430548831879
257,5826361549013946490,0.9420436116001843,0.9352643097560248,1.9888044226660107,0.8491691474870731,0.8651239022835858,1.634380181386454,0.143549826471202,0.6065410974082972,0.4392269028692388,0.8491691474870728,0.8651239022835858,2.0111429981397015
258,10221057968596725066,0.9871228559841715,0.9361635380000283,1.9342718824382086,0.989828270285686,0.9211095153265061,1.5336463885500946,0.3184683199279664,0.4832421432230817,0.6025708157743889,0.9898282702856858,0.921109515326506,2.072855754401549
259,6453208434021485165,0.9422270192871856,0.9320386974161716,1.8154906420131565,0.9210367235284573,0.9189512461686787,1.4086164216607182,0.2677100223509794,0.5705211892332237,0.5169812340891409,0.9210367235284573,0.9189512461686787,1.8775520347712442
260,4353626610234982930,0.9545887800542594,0.958236621780348,1.333230867738746,0.9348465169202067,0.9467143123994745,0.9645822090986198,0.7625274854335247,0.6503077935373217,0.5264259552906317,0.9348465169202067,0.9467143123994745,1.4551159369614266
261,5696552201313562579,0.9903329830516745,0.8797387311508572,3.078344762662199,0.9965139548140303,0.8132791583644455,2.663788252033541,0.7930758093413297,0.5236534064250853,0.5397141057469218,0.9965139548140303,0.8132791583644454,3.1184130077658523
262,9095666310466077848,0.8934308256609046,0.8765629833946968,3.624788049544392,0.8596496537295204,0.8334910984667286,3.259787582152905,0.3352893531851947,0.5387557405499356,0.5681927672114512,0.8596496537295204,0.8334910984667286,3.669740378465429
263,6570557955481224281,0.211066494662694,0.7708085739558063,6.098383365073867,0.027801750524975428,0.6723266036901208,5.44825278448344,0.003910270535394155,0.5966350597173736,0.6581699128076585,0.027801750524975574,0.6723266036901208,5.889851761731628
264,5689117673907539069,0.6031644711723925,0.945948212430049,1.7030318493637675,0.6326985155920692,0.9461518846971195,1.2435684974113128,0.9211555552185134,0.4799443270425303,0.552031448948967,0.6326985155920692,0.9461518846971195,1.7559715990541085
265,2136517280954520240,0.8908842466990726,0.9346811324081753,1.9232971541633392,0.8497822098215042,0.8984231386103475,1.4899894659332542,0.286827865642098,0.6461460081658378,0.584980765832031,0.8497822098215043,0.8984231386103475,2.005571913917296
266,14187911378648417033,0.9475801146919642,0.8702138323843659,3.227394528565808,0.958372715090263,0.8247146363833939,2.8235448814112045,0.5209986557135805,0.44618571695223114,0.5633664086936424,0.958372715090263,0.8247146363833939,3.242542225415563
267,11375435382841957843,0.9505987133624719,0.8155335662939929,5.226213474909508,0.9032285382882904,0.7433980716680675,4.779853665555332,0.7235963685630893,0.5704375264537386,0.6907422642769555,0.9032285382882904,0.7433980716680675,5.270021714644549
268,13071996782841058847,0.9980693264661906,0.9700627985166186,1.03050205958873,0.9992550310483044,0.9550747576091125,0.5886189471711452,0.9855335190428861,0.7189547283714803,0.4560584578041779,0.9992550310483044,0.9550747576091124,1.034506656774653
269,11338881089578178009,0.9974721450685489,0.9792852479261772,0.800469944429792,0.9985125562063382,0.952830390937233,0.4709423665615225,0.6315165865866734,0.5695326687627588,0.39578310617907647,0.9985125562063382,0.952830390937233,0.8506378953439993
270,6527657025255205826,0.9151679767306141,0.8624034786490853,3.7305038461825815,0.7671605860288994,0.8540148912649703,3.200571722685499,0.30234150804649473,0.527514875371297,0.8027552682710766,0.7671605860288991,0.8540148912649703,3.8746763157172635
271,5324917739812824323,0.9826114189813424,0.973321782049853,0.9687281757353967,0.962668506448106,0.9663111250915738,0.5602745308282848,0.7236685967868882,0.6275514541998952,0.5199637187898184,0.962668506448106,0.9663111250915738,1.0656810562291814
272,6378653037970631439,0.8020293543525331,0.8535559791308608,3.668245189296413,0.6995319399785259,0.8089573520497433,3.170449756847429,0.00506675100131736,0.5820194819443001,0.6592615005672581,0.6995319399785259,0.8089573520497433,3.7305525224856075
273,4881305562655440017,0.9993732551937287,0.9857860082354246,0.8207540297859001,0.9998199616349438,0.985924568677927,0.4234103266514859,0.4233678480337645,0.5189431142386957,0.49359657682845903,0.9998199616349438,0.985924568677927,0.9059667856132959
274,2752680654181406001,0.9999998287735203,0.9816098514971892,0.7558372710165836,0.9996485493454838,0.9726459676827162,0.3970265454137124,0.9997936607364436,0.7293092274634131,0.4235000376816703,0.9996485493454838,0.9726459676827162,0.802998767895408
275,18375344833579223419,0.45783006236449053,0.8214043448510004,5.581828167594717,0.5130876845261323,0.832036402880944,5.053112508859123,0.502680137309399,0.6275688169549477,1.004858644251711,0.5130876845261325,0.8320364028809443,5.807018471310629
276,987086817554419232,0.9347209069753328,0.972596405135965,0.8471135367406111,0.89322488563633,0.9605732716207593,0.47725054323991084,0.23883345508354395,0.7021210430419677,0.404786593772141,0.8932248856363298,0.9605732716207593,0.8737625992762148
277,12322231815329877118,0.8389922895980747,0.8152995680089195,5.788112488444539,0.7310240479655111,0.7233638372904706,5.352805338793818,0.03279511065994352,0.5577215686006626,0.7066170017413368,0.7310240479655111,0.7233638372904706,5.810225559119965
278,17329982279379237804,0.9608855342701992,0.9407870321713453,1.3820793759744465,0.9312791798205057,0.9232488096986948,1.0338555868718886,0.7387423546557784,0.6739279413140499,0.4639660530681174,0.9312791798205057,0.9232488096986948,1.453156425023542
279,9965669867022660771,0.8609469852455672,0.6512116760064546,11.320461282321748,0.861366246435491,0.6072957284291484,10.938539942413728,0.08847935654562379,0.5335033559076563,1.0408315415468856,0.861366246435491,0.6072957284291484,11.460909093209128
280,15919533745773579058,0.6685661675320086,0.8665892008626354,4.276494930802184,0.6890911859772642,0.8804221048148596,3.763639207348834,0.4989118537133122,0.7480238118862312,0.7249151019843038,0.6890911859772642,0.8804221048148596,4.341604526699871
281,14411461087711789732,0.9365738450896576,0.9709346485186987,0.8814134621874213,0.946859498521007,0.966858855961294,0.5135902825442856,0.3834470925170757,0.427839232074628,0.4132722621500335,0.9468594985210068,0.966858855961294,0.9192473931758177
282,16539588657227115057,0.9847338050056365,0.9481940843998125,2.0085291158747647,0.9979354765262602,0.9357493819920897,1.624547000759682,0.045922196480262474,0.7256458395000517,0.550898707840595,0.9979354765262602,0.9357493819920897,2.1181406913805128
283,17021915151403055961,0.9987843050247999,0.8593477302364673,3.737590689742896,0.9934726853812307,0.8182679812493235,3.2515117967034484,0.983142503475268,0.7019458623212199,0.8061268675252883,0.9934726853812307,0.8182679812493235,3.8827041905961344
284,11078042505839855600,0.9187240534769803,0.8199406144667615,5.796344273440583,0.9564222819340632,0.7396452607200256,5.334615597068419,0.8608333227377201,0.6444036611961199,0.5748323134433688,0.9564222819340632,0.7396452607200256,5.6936470307523885
285,17745050872929635951,0.9860715666857632,0.9685595405611046,1.0299654216517107,0.9334280329340672,0.9519661073184156,0.692766805573041,0.41992481209405014,0.3533346372001178,0.3957809452658653,0.9334280329340672,0.9519661073184156,1.0627066299163515
286,2401342405240495346,0.9968684271347792,0.9124464401682296,1.9073947737811607,0.9981247395974381,0.8929046093257237,1.5222441526429205,0.02166440574233473,0.4331869903552371,0.4912990449138558,0.9981247395974381,0.8929046093257237,1.9470678311805802
287,1829760009825073474,0.945587691272264,0.9814472522408763,0.6338925443725476,0.9655156766733033,0.9849756587664775,0.2890665153725321,0.5608831705743521,0.893308722462746,0.4111349102484867,0.9655156766733035,0.9849756587664776,0.6965054324061835
288,16282928624938333042,0.7375159529793232,0.7236199529959834,8.523890715935698,0.6915099332219949,0.6853600621388782,8.083919047761842,0.9581952533850361,0.5983345180986409,0.8923775434553504,0.6915099332219953,0.6853600621388783,8.596954727498561
289,6416610411677885479,0.9136366460727715,0.9392256145200749,1.9917559689931923,0.8328593801910235,0.9093596884202699,1.5649241986030453,0.23446754271389625,0.7043902396297764,0.4883508534944053,0.8328593801910232,0.9093596884202699,2.0037064431015996
290,15820318444125788785,0.9531806194683806,0.934328137415244,2.1015613976409497,0.93301105718249,0.9185012880442682,1.7838489668955355,0.9899239837788943,0.6879937552780653,0.3513655840687119,0.93301105718249,0.9185012880442682,2.070619756752267
291,15618214423572789333,0.989302809030851,0.8667203474629447,3.8029876262365967,0.9970675303069346,0.8146997850806383,3.4218370863440613,0.07532260642038056,0.4502816309551695,0.5582131620486571,0.9970675303069346,0.8146997850806383,3.8236250283578483
292,7712232527808675948,0.9658717284751753,0.9683667886331544,1.2396700061104209,0.9434254485650557,0.9511743255561115,0.7755906760508171,0.32372426123099945,0.6361309624078068,0.6303802026259566,0.9434254485650557,0.9511743255561115,1.3688686296445616
293,8804305675901589021,0.9790631284448017,0.9847346571582105,0.6474317133689871,0.9922398323526653,0.9814599575234555,0.2956636147653233,0.6362706212166688,0.7366520167985168,0.3745594713818755,0.9922398323526653,0.9814599575234555,0.6649638183785523
294,2896531142176284610,0.9881621636920571,0.9597899675723289,1.0794034513888697,0.9836262049635802,0.9532256708909832,0.7637262036203093,0.3925622628637534,0.658990685277324,0.38339560250371474,0.9836262049635802,0.9532256708909832,1.126013676343308
295,15590723234470151084,0.9474069480781369,0.9074199233046438,2.8115734059784963,0.9823101526586836,0.8963647022089496,2.361587001586095,0.9940583787297346,0.6366890646695677,0.527093912969054,0.9823101526586838,0.8963647022089496,2.8228239065015077
296,3845753481194167982,0.8954777313184047,0.8731702483388032,4.308719536523771,0.8452725339937662,0.8427696938271085,3.924962145759494,0.9396657798017553,0.5127842101518458,0.5353130844504718,0.8452725339937662,0.8427696938271085,4.291957413686008
297,17093705107221851320,0.622481726451094,0.7142283912470663,8.560762712343895,0.5311957689435941,0.6735326197710378,8.049397663043447,0.9734239588313592,0.5272694297360119,0.8281521617838016,0.5311957689435941,0.6735326197710377,8.508615442456854
298,13347919846335545151,0.9642465450958507,0.9715655881411206,0.889494867026249,0.9647766691024383,0.9633628134871972,0.5516916598136097,0.904317818636811,0.49990543118119496,0.42815893353095197,0.9647766691024383,0.9633628134871972,0.9565106542998315
299,16628295627332927464,0.9040616998551024,0.8122919100911484,5.465050342313997,0.9003273183582519,0.7638489056092121,5.012324204927587,0.5786834455826853,0.5929297535544311,0.7059792350614769,0.9003273183582521,0.7638489056092121,5.503424115435417
300,5373889430727767726,0.9720210265201232,0.960576902689809,1.3024957937902688,0.9715904029407452,0.9518203870623924,0.9748828754562898,0.5279447552923379,0.7283128611626192,0.4563586235869898,0.9715904029407452,0.9518203870623924,1.4022018271938261
301,11873594785461348941,0.999845540988348,0.9292970087411864,2.1365020837239546,0.9999451930796321,0.9111293772527175,1.755288666039916,0.1678299562139652,0.4226555726371429,0.5237856300944622,0.9999451930796321,0.9111293772527175,2.212230691715601
302,6272594425317701855,0.7960983131276539,0.8790162739454507,2.5153286954751257,0.7060346334822954,0.8292441844357753,2.1415591408901604,0.9225442423247665,0.48909821617858895,0.5017776475581869,0.7060346334822956,0.8292441844357753,2.5557214073939827
303,15295312971779608137,0.8995659952013255,0.9331688472458445,2.2563873795676566,0.9304434414755954,0.9305440542935143,1.801946499808067,0.9913661953499978,0.5500028613977537,0.6726879838809371,0.9304434414755954,0.9305440542935143,2.3974466022524497
304,9074663080428245519,0.4329742156568933,0.562027308677094,15.84371098291216,0.2578232166385147,0.4876709286955767,15.228897661675813,0.026329927388652516,0.5138633888011659,1.1049487087869823,0.2578232166385147,0.4876709286955766,15.646213028126079
305,5626564212786633605,0.5276068066864956,0.7730268731271995,5.428392709201221,0.3677556703359396,0.6840192977470506,4.9379352367548295,0.48228084268522897,0.5949207068325261,0.6107718831273277,0.3677556703359398,0.6840192977470506,5.361150771459953
306,17688718682393114615,0.9357339960990191,0.8257914157089473,5.106556400055172,0.9692327169179961,0.7390611831268629,4.651591865904475,0.7555955569168608,0.39226741667629106,0.42768291659741814,0.9692327169179958,0.7390611831268629,4.931630953119655
307,14596430078105098710,0.8574105607790776,0.9517867618233906,1.442334589068861,0.880502396489183,0.9447258815850178,0.9953405124371969,0.9911121059893436,0.4135005762561089,0.5579573059899551,0.880502396489183,0.9447258815850179,1.521513193155436
308,7466017739919921711,0.9662731400332011,0.9542401962643852,1.3887990331255349,0.9721128734862671,0.9431904407888546,0.9587519886064906,0.1561720375858771,0.6528596985759143,0.5991292306963211,0.9721128734862671,0.9431904407888546,1.5177777592764976
309,1802751981779075920,0.9721121726933513,0.9709441028025095,1.007894587852209,0.9423407303385603,0.9708215553111555,0.5799532417671693,0.2616683763821253,0.589724882758538,0.5483777824918074,0.9423407303385603,0.9708215553111555,1.1026513698472327
310,6553853129270026543,0.9110207716278893,0.857838955021693,3.291141052077521,0.7394701458507813,0.7610584175665435,2.914548175173538,0.2252764823867303,0.5337331399189905,0.35780147666957113,0.7394701458507814,0.7610584175665435,3.1651897406573637
311,7337261937751303485,0.6534678796863823,0.7749273096200665,6.859032518929977,0.5285066369424953,0.728474861627947,6.314639455704836,0.2639125373193906,0.4169265588295074,0.7910239942576568,0.5285066369424952,0.728474861627947,6.836167958919014
312,13436871275348894227,0.9992929800196394,0.9763571943628293,0.7330393192713297,0.9823159674229157,0.9629629907954922,0.35599644581421797,0.47781487958686636,0.6122551347843858,0.39973484282453114,0.9823159674229157,0.9629629907954922,0.7624851464556
313,2269215832777535835,0.8935349745732964,0.786647611753146,6.291978872754641,0.8610908027371377,0.7243676157135833,5.866114451827452,0.6259058192186744,0.6472483644306986,0.7147417384257251,0.8610908027371377,0.7243676157135833,6.302842313565797
314,10937395068938397599,0.9981868650887291,0.8160165511834983,4.83344116090581,0.9687085530185158,0.717550059069867,4.450186205908979,0.042066802829088965,0.5116110152164496,0.49470020345345844,0.9687085530185158,0.7175500590698669,4.761504584134296
315,13663464722034280346,0.9891126719641586,0.9296421456848095,2.2969322018706495,0.9811378438835653,0.9054939995947979,1.9074945118678721,0.9507871086032463,0.586702336002786,0.5394342517412632,0.9811378438835653,0.9054939995947979,2.362478374216751
316,1844394176918215111,0.8565535128773221,0.9665151560564972,1.1332219334431304,0.8412964380555871,0.9547338059769658,0.7421117488004899,0.322869771636949,0.5361201605203401,0.5361682028987459,0.8412964380555871,0.9547338059769658,1.2406554587317464
317,1992350474337507853,0.8650514169482959,0.9605614582604726,1.475118000908568,0.8327815177763876,0.956523496906743,1.1235039557515434,0.009844917304233492,0.5332911102609349,0.4131232561947681,0.8327815177763879,0.956523496906743,1.4926124853395744
318,7836454932506221652,0.9343491392417984,0.9394147219195617,1.7127310344954751,0.9460455556563719,0.9194642289111994,1.368900596541374,0.07544284268515859,0.5034245105257998,0.3294819125767834,0.9460455556563719,0.9194642289111994,1.6573375606653848
319,6628676030913992593,0.9843579044352725,0.9375125188054322,1.609182611600814,0.9929955928727456,0.9077644548646954,1.2128379550446804,0.6824466925736836,0.7797837778620289,0.4688598876193121,0.9929955928727456,0.9077644548646954,1.6309502371953215
320,10673957287175065335,0.8356588243281556,0.9270262336730706,2.0726396441614527,0.6883695550703592,0.9088191351951889,1.5212823305403789,0.8378045258315995,0.657924636757296,0.6717614451795448,0.6883695550703592,0.9088191351951889,2.1364691399862297
321,10276719537915960825,0.6696353064620107,0.9094772686926883,2.0153161302678115,0.6896401758797515,0.915454035273019,1.6509399626981138,0.03692743631720037,0.7308586888111357,0.5027704895358175,0.6896401758797513,0.915454035273019,2.085010176819006
322,423546245611004592,0.9670975691108695,0.9474224273333035,1.0381713616071828,0.9463740235662433,0.9304543957364457,0.7018747089973504,0.9398479317340808,0.7335657790386106,0.3869196257668385,0.9463740235662433,0.9304543957364457,1.058287045188124
323,14848168021203640193,0.844815318116997,0.8917933982112228,2.897641579288043,0.7158942570128695,0.8623361557139101,2.498223709767968,0.2861986786975832,0.49910514117050286,0.4822418110131201,0.7158942570128694,0.8623361557139101,2.882003668910281
324,15508282424153241048,0.39467647489152924,0.5645542741484909,15.833221883664116,0.22767286878840032,0.4330206695349255,15.203610225505452,0.6760419393061183,0.5159199921224986,1.3938077973645604,0.22767286878840032,0.4330206695349256,15.855723983206914
325,18282046457552419879,0.7656111392590474,0.9006036478571455,2.6706027116288666,0.7156567417886188,0.876118463065786,2.287303306437707,0.16463512043119283,0.4752518221906765,0.5249266666827538,0.7156567417886188,0.876118463065786,2.7175893675593796
326,9378740168577235883,0.3450671355879483,0.7306990023278704,7.815178380914803,0.15578480276641823,0.6494527159073542,7.2791607166221635,0.8870080297941354,0.6094109797729337,0.7369395743936279,0.15578480276641823,0.6494527159073542,7.703667777524106
327,13029993728568009770,0.9993130893154183,0.9585627091536407,1.2160465569116214,0.9946984190462954,0.9440557414622646,0.7799695433127518,0.08423503534617607,0.5431340352639662,0.5058115919456593,0.9946984190462954,0.9440557414622646,1.2574738877010707
328,5382788920646152861,0.648401036655889,0.9552580753829789,1.4080398423003087,0.5475813200987978,0.9430985374244115,0.8749747454961342,0.9998564124897469,0.6561655304991781,0.5789687212396082,0.5475813200987979,0.9430985374244116,1.4320116060509631
329,4533574059507076429,0.9381790139595331,0.9590141140812446,1.2036508380165465,0.8456101064843689,0.9559001000337636,0.7958857229353308,0.8771285282315716,0.6420105938989693,0.4732034404455936,0.8456101064843689,0.9559001000337636,1.2455732690493222
330,5964249441156293170,0.9009128749966614,0.952185038875569,1.4658786215902335,0.6868290265663445,0.9097765935928026,1.0464698251956797,0.0063295975525993415,0.6991410924191374,0.5148982461570006,0.6868290265663445,0.9097765935928026,1.5150508534869385
331,11564601971768460222,0.9682842633886998,0.9614226788743317,1.6423838753271545,0.9783913497485532,0.9552207386497021,1.3056407263810519,0.007233224642571493,0.518686221302674,0.4811066543691798,0.9783913497485532,0.9552207386497021,1.7260017800790914
332,15822701319429568923,0.9982741563699339,0.9396101752781909,1.9057334537099158,0.9987810597242506,0.926973583904356,1.5331593035333038,0.04292916363351331,0.5065119620958355,0.5214032680466968,0.9987810597242506,0.926973583904356,1.9883839232345757
333,10863733367278699269,0.9388738125590153,0.9691897091809334,1.0340860748645897,0.8730708425565633,0.9300451545770322,0.6223394663259432,0.6994809583053678,0.4988173514708764,0.48800277556248095,0.8730708425565635,0.9300451545770323,1.0932114874786152
334,5174873583417681424,0.9919884686470211,0.9885164362212348,0.723053149895569,0.9877123903265139,0.982770679100998,0.28431382349067164,0.9291206780630529,0.5263711020472619,0.573857804758054,0.9877123903265139,0.982770679100998,0.8516303335591664
335,16685907557858585577,0.9071658678858248,0.980942630035212,1.1358760721934829,0.8882333334475057,0.9674743316263686,0.6717936951242439,0.059608277444411585,0.5338954520676749,0.6277298152867385,0.8882333334475057,0.9674743316263686,1.266232489140279
336,16635584738690453988,0.7584502822635206,0.9160808933671353,2.2940489955287604,0.5319584608467531,0.8709595540757803,1.8836148796494645,0.2899080630047112,0.5237961574365678,0.44316162557962996,0.5319584608467531,0.8709595540757803,2.2641524410003817
337,252221922076935377,0.9167147004944454,0.9733517117885662,1.0826007448929542,0.847519030928333,0.9612175038756586,0.6277717839686087,0.29528106580996555,0.7514042119205954,0.5091781277158692,0.847519030928333,0.9612175038756587,1.1177136038095
338,13003963573414165980,0.9798213143812893,0.9349211005979777,1.8068055199331492,0.9971609580763974,0.9153623366374651,1.4545341169327266,0.948677713536458,0.7332943486962116,0.5255390123912511,0.9971609580763974,0.9153623366374651,1.913349976539076
339,10621767568499805291,0.719660752708545,0.8470659231727506,3.9311606424782415,0.6538155260451346,0.7978502744099584,3.5100199807058,0.2720871216749399,0.6317037795822976,0.588992004367031,0.653815526045134,0.7978502744099581,3.9624941068833763
340,13825423240098677731,0.5471044414712234,0.7547674463078503,6.186624590983585,0.3807597311150913,0.7008722832744311,5.761521235180738,0.9621742454036942,0.5060217452172867,0.5112289112033217,0.3807597311150913,0.7008722832744311,6.025950714559364
341,15231507697737991977,0.937944186132053,0.9366260000185043,2.03260373323268,0.853165158467913,0.9097838770906832,1.6242957303025496,0.10296316247761854,0.601169701958922,0.45947417506946264,0.853165158467913,0.9097838770906832,2.0160744759407847
342,2987132313591909657,0.8174310390050127,0.8163654693781368,4.735444323520656,0.6735029285311113,0.731368052262083,4.3625635393287725,0.9021280719131798,0.5415628781130534,0.5140252981868317,0.6735029285311113,0.731368052262083,4.696689809241003
343,17044944621754369049,0.9432123586251697,0.9297645914968764,1.8720876798029433,0.9648083842564317,0.9196036405987603,1.4974589032514913,0.02279620575585262,0.6337046815429719,0.46170305699399045,0.9648083842564319,0.9196036405987603,1.9304287158938302
344,8148432412098215362,0.9591687372123192,0.9744191500900939,0.8738395562634795,0.85124737027036,0.9499799468818549,0.4469076363879339,0.11223283336901406,0.7120069333694242,0.4565890110930436,0.85124737027036,0.9499799468818549,0.8988412173710372
345,4138093033028778415,0.9198472506917766,0.9784441582106259,0.7396776870803436,0.9251929979480852,0.9721329941360788,0.4226967422979187,0.8706502436428204,0.3434183660474191,0.3261990301963061,0.9251929979480852,0.9721329941360788,0.7420253031221273
346,15528073637056068145,0.9837436077269385,0.9427124632663247,1.8965663927592873,0.9645317439283299,0.9052664443794128,1.565033932539964,0.5481781068423227,0.7517125716036756,0.47961858991562706,0.9645317439283299,0.9052664443794128,1.9640265041259053
347,8591704517451288731,0.47011174114251497,0.8444533482219959,4.483400378957743,0.3447255158199788,0.7907921707059123,4.090961426641676,0.8649576235841144,0.4964595321134417,0.5383893343776307,0.3447255158199784,0.7907921707059123,4.46251591857783
348,5691591234585544883,0.9998475057504453,0.9133162895371575,2.250423519604175,0.9878562209794318,0.8777432102692548,1.8418122637332968,0.8320602613863011,0.5685297519470793,0.39711058851514147,0.9878562209794318,0.8777432102692547,2.190868244240397
349,5788451752217580476,0.6544896408929293,0.8908546107836289,2.4837926012567983,0.4601089613106787,0.8278657428910464,2.069355542916082,0.999459478424579,0.6116498015217838,0.41235869602505015,0.4601089613106787,0.8278657428910463,2.4062507597173055
350,4403878244140562000,0.9876248760096926,0.9636009604330557,1.2252564461742752,0.9349855363069024,0.9456645967915364,0.7980071071108147,0.8634638792881375,0.7087465996866018,0.5538132764263474,0.9349855363069024,0.9456645967915364,1.339793183363539
351,384129129092530703,0.8652959395822029,0.981067151327276,0.6018233851768855,0.8827050965394266,0.9827842225768438,0.27481420049468785,0.5083223327881067,0.9465703926184967,0.3719261840850282,0.8827050965394266,0.9827842225768438,0.6368608717350114
352,17606393496349048938,0.9849285778100465,0.9474187932571122,1.6487704054122745,0.9766195835615461,0.9255449769764081,1.2661818235341478,0.9750982349217843,0.7682608163193574,0.4453520798562287,0.9766195835615461,0.9255449769764081,1.663535348127971
353,12921368098757349325,0.8478584684517806,0.9236979261213887,2.3016312128307224,0.7428023107854063,0.880739256550973,1.8719167453788477,0.9302572229364265,0.5672819941954932,0.5224081062031012,0.742802310785406,0.8807392565509727,2.321202290368583
354,9260180456664010823,0.9999455586597936,0.9740471601200275,0.7930240428737487,0.9975786006256345,0.9744612491718248,0.47879216151149745,0.006503035586643955,0.5589656742689506,0.4427459882283843,0.9975786006256345,0.9744612491718248,0.9029113845721226
355,823315340856547010,0.9605956979959844,0.9305933645928961,1.8489971787709976,0.9506352947538437,0.9005971272167419,1.3965599161118147,0.7824300765589738,0.3532713400881228,0.5931034170728045,0.9506352947538437,0.9005971272167419,1.9291635737051978
356,5186333248035544592,0.9999931070201221,0.9726015357174286,0.9569182068597629,0.9954065013229623,0.9714482832017574,0.5276456931667721,0.2977400535034205,0.39703400773230524,0.4715490295003158,0.9954065013229623,0.9714482832017574,0.9749229220881355
357,228813372355703910,0.9145107441770166,0.9697419725543114,1.0779650489576018,0.8666820549250974,0.953337162736346,0.6523429812707053,0.9967099013696997,0.4563918659466935,0.4582561460056564,0.8666820549250972,0.953337162736346,1.087013509309022
358,5473906352678793675,0.43885031408560443,0.9071989061503843,2.7999486590689657,0.2909126680742,0.8852245022431362,2.369209641003326,0.7861313381366063,0.38849346739265955,0.37463949685633674,0.2909126680742,0.8852245022431362,2.667378957389221
359,15158059020502698378,0.8582090305207118,0.947158071384127,2.0944905263852323,0.7305022035231562,0.8977000695412549,1.7353331807631747,0.996248095857853,0.5717344331638075,0.3964593369097279,0.7305022035231562,0.8977000695412549,2.0678154499489465
360,6254008962798417050,0.9858071526113191,0.8617984822977519,3.4129497497799464,0.9684629023898605,0.8071912216211096,3.048716096959684,4.639902056862e-05,0.47278994373521144,0.49424454159033887,0.9684629023898603,0.8071912216211093,3.4025476964641257
361,9754420878963444482,0.9207595943268995,0.8681590447321444,4.072707320926265,0.7950273216502518,0.8239660578890917,3.5725740281683525,0.37297996919727355,0.704387681057907,1.035551844758354,0.7950273216502516,0.8239660578890917,4.369071946270317
362,5958073964554942098,0.6953326308565742,0.8659674741924941,4.339155386182557,0.46903662633975757,0.7614873126506335,3.9129502822106423,0.9089449040101735,0.5219370458177869,0.4843965659268874,0.46903662633975723,0.7614873126506334,4.247029491305458
363,2336874802923156704,0.7970847565409839,0.8850255841018633,2.9520294958494615,0.7307028737830453,0.8415135079673338,2.6422715169898683,0.780655857981361,0.691087178909973,0.45547332911317245,0.7307028737830455,0.8415135079673338,2.9727753560477703
364,12909841714622619464,0.576191336280703,0.7919198018653527,7.650339047362815,0.4246495639402254,0.7137268125785491,7.2141888541615256,0.978028446469188,0.5512684531785339,0.6306729611456451,0.42464956394022557,0.713726812578549,7.545203984936164
365,14156850317950998297,0.9983823689678506,0.9390267121479291,1.5730093957991234,0.981165328990058,0.9073974406649692,1.2399563585200974,0.07579147426180471,0.5250741652167115,0.36095770140176936,0.981165328990058,0.9073974406649693,1.5664859740795878
366,6348854643403049172,0.9226460220804598,0.9582041999393746,1.412331334976273,0.8148304577982476,0.9268765630206229,0.9917982308428499,0.580919716007929,0.7329907614902169,0.46311268130730016,0.8148304577982476,0.9268765630206229,1.4357883764847887
367,1659940560316248856,0.4639857919271029,0.8868124420453755,3.0230590438601195,0.29562295089440893,0.8448388098735421,2.587671054978675,0.1758056624302103,0.7393893883250446,0.4839525843328708,0.29562295089440893,0.8448388098735421,2.9683064719132366
368,7344872060122620199,0.7279106919581642,0.9352102079412187,1.1304315318275837,0.5795907025068169,0.8980781947055642,0.7705509298172736,0.4065367950276171,0.7747693863711451,0.4180641820497227,0.5795907025068169,0.8980781947055642,1.158731744432265
369,2675768328241756553,0.9828761986349795,0.8892842410027098,3.0076009899503346,0.9627004803924709,0.8368647916478522,2.6508472656758246,0.7597419684054769,0.6969505012406232,0.493099243962443,0.9627004803924709,0.8368647916478522,3.026880148708034
370,8560505070476701718,0.4321563699764512,0.6844563981095303,9.335155138711883,0.32212720398162303,0.6080980472602752,8.75185780696013,0.7380071238960982,0.6208600983978773,1.040473850464325,0.32212720398162303,0.6080980472602752,9.392405085482334
371,12280927784377967754,0.9999629254536488,0.9096468557631846,2.6270557463981055,0.9796100217846353,0.9276514142929929,2.177563354751355,0.9960515472116319,0.5154766995649662,0.6571017888116292,0.9796100217846353,0.9276514142929929,2.7585379594737938
372,764029024920516127,0.987619580270181,0.9624149679849322,1.051177287359097,0.9795326876172626,0.9461021768910455,0.6620017146056806,0.39799047198233345,0.5425554470847411,0.4851060895605243,0.9795326876172626,0.9461021768910455,1.1272068169659244
373,9053238601349487390,0.9845046778427835,0.977502407911548,0.9851298085158823,0.978973420296829,0.9754673634324647,0.6441299941635299,0.9389663605404015,0.6397815801445981,0.3806907269585164,0.978973420296829,0.9754673634324647,1.006903601735281
374,7354684370829200088,0.9096450017180774,0.8495911716247928,4.8119406953313,0.8870151045921808,0.790279160238415,4.320344633740185,0.05238570836195189,0.5990021646057845,0.8695855449707744,0.8870151045921808,0.790279160238415,4.962752286125152
375,16709339564681646153,0.5976350722503798,0.7913695131438644,6.5573048298539875,0.5739244973710733,0.7615432510749631,6.097926035661054,0.19681891003561597,0.5703681919052723,0.8487192808669444,0.5739244973710733,0.7615432510749631,6.650626231085868
376,7361820377082157799,0.9731707644801497,0.9757150678427332,1.0748365846348669,0.7722063991746183,0.9234658901848934,0.495346255278058,0.26887080385451284,0.263525502948562,0.7260802550254309,0.7722063991746181,0.9234658901848936,1.2106634144722284
377,12398788013679465751,0.972906580663157,0.959361889880803,1.0332572222908116,0.9793383069840385,0.959641347961613,0.6787466410059438,0.9980004563180185,0.7366766672580157,0.488446115885327,0.9793383069840385,0.9596413479616129,1.1372467605515808
378,2261260381965432609,0.4196430924569299,0.5968146633997693,12.055162299244843,0.2449852085274319,0.5220165896349822,11.495124328626568,0.8814629637914283,0.5435297878077224,0.848384425582666,0.2449852085274323,0.5220165896349823,11.865664882558393
379,14133615299261119246,0.5060519332029678,0.8426262210735561,3.796654000871578,0.4167862127698425,0.8047580707563619,3.39218259500116,0.6980631534705778,0.5426656695071939,0.5556814397334198,0.4167862127698425,0.8047580707563619,3.790516166915808
380,519046507725483751,0.44607142783617154,0.8111533260473272,6.627214563769959,0.31092287417482706,0.7798756149548197,6.060526265331012,0.041937897357968885,0.6172398624917664,0.6497548861119775,0.31092287417482706,0.7798756149548197,6.493758345618543
381,7969969938235701324,0.9961802386859281,0.9548902482435245,1.1091856308117605,0.9994089252898402,0.9388050795562466,0.7734863708524058,0.10316630921122455,0.6098155607699763,0.3660894111103833,0.9994089252898402,0.9388050795562466,1.119260178664528
382,4368442440403957403,0.9681119952575008,0.9810549603530844,0.744343829297544,0.9862767246912192,0.9712069734722459,0.3926868149137357,0.0915578337279038,0.6357306375484657,0.4005405002573275,0.9862767246912192,0.9712069734722459,0.7973888922979072
383,448626224448317705,0.7876886393526934,0.9426492063600342,1.9764032607941024,0.5391939733382735,0.8708184077929029,1.5884421466601684,0.717494573395735,0.5168655520421779,0.3833640781411357,0.5391939733382735,0.8708184077929029,1.9322635649735322
384,10448146081607922234,0.9692838156688863,0.855148413927035,3.9447261039854604,0.9460665030245299,0.8401250595649538,3.6134980107067878,0.27740970251421165,0.43483378596203676,0.6828810304778041,0.9460665030245297,0.8401250595649538,4.120877625152369
385,12666143001435380423,0.9756519240513148,0.9664448243991554,1.2162402654194795,0.9895099688966643,0.9649999839586579,0.9095263326582499,0.034113205598042415,0.4945695831891262,0.3789248055539095,0.9895099688966643,0.9649999839586579,1.2631314815256276
386,17749638815687145879,0.5242015619692719,0.8463164027385174,4.180005687333135,0.2899637532807019,0.7669081124522331,3.658215936902173,0.3575719679720815,0.30859633628249755,0.5776944082133754,0.2899637532807019,0.7669081124522331,4.128409374632927
387,11534655299391715600,0.9587645949739825,0.9025786644744069,3.2592734797848215,0.9341842702330252,0.8660764108151876,2.90730207633331,0.06416833152150866,0.4782213711900434,0.5326976009522192,0.9341842702330252,0.8660764108151876,3.3047517618717874
388,9298747992273554134,0.07562653672419141,0.6682879766442887,11.17172272351688,0.0030685288883485233,0.5810855855078475,10.418071781364848,0.002244523384767776,0.5914223406075607,1.1783421325166996,0.0030685288883484985,0.5810855855078472,11.134881497436995
389,5723673914436718459,0.96222399233327,0.9569869500946399,1.274273331413184,0.9741518498914526,0.9373785320090219,0.8923323907955493,0.5984659647382902,0.529199947271172,0.46007163088726666,0.9741518498914526,0.9373785320090219,1.330446622794436
390,4771835245399226529,0.8970909106209669,0.976948365541072,0.6002411951469363,0.933694164443828,0.9775712860122187,0.3172052737397187,0.9705584949053128,0.5358743597401505,0.3044394639891434,0.933694164443828,0.9775712860122187,0.6183143351313004
391,10707524184196795476,0.7120561716019356,0.845366127948756,3.3848395295155385,0.7035874103185762,0.8034953908069011,2.9804746376639466,0.1359918063594594,0.5098091684430777,0.5924061510491696,0.7035874103185764,0.8034953908069011,3.439297338541341
392,7995501780485838569,0.22980829961810292,0.6576363524009773,10.030313444215086,0.08052739537048127,0.5656496915078579,9.525492330291963,0.9923767752950784,0.6344136202523211,0.7789670618100429,0.0805273953704815,0.5656496915078582,9.901508536586837
393,3639282385389326880,0.962333466179303,0.9739784249509189,0.9278711180435839,0.9547165554841375,0.9639850501838261,0.6156821287455022,0.9996588629628027,0.3213630251298747,0.3900755639996079,0.9547165554841375,0.9639850501838261,0.9772392380755767
394,9194490892730938795,0.3171089656170999,0.8032347026248566,4.533768643347481,0.28457105095363183,0.7893999270654294,3.9879972092404663,0.4553867305607395,0.44997358272901866,0.8584249452886619,0.28457105095363205,0.7893999270654294,4.6706946851684
395,5213184099175038744,0.9289793298230049,0.9247365592376318,2.0388046444858827,0.888531337370161,0.9072978779371463,1.733462107403713,0.7671446728570205,0.600424532065358,0.37021648766142284,0.888531337370161,0.9072978779371463,2.0386273493944174
396,17431831019484065642,0.9970464764812869,0.9697841039520415,1.2182577996597157,0.9980227843066943,0.9611581434610985,0.8587879652041164,0.8772528950612547,0.3454883061177911,0.44665986200226954,0.9980227843066943,0.9611581434610985,1.2725186523818588
397,15140854892725501966,0.4959321283665756,0.8996021500418097,2.1876567336803867,0.31256481340475084,0.8569953706223324,1.7095399946940575,0.5174289225180522,0.6949020850481266,0.4653323557144215,0.31256481340475084,0.8569953706223324,2.1197462030138152
398,18407105538944428393,0.7856211835964929,0.8747966638550666,3.6651343118773707,0.6277773585593845,0.8473798109581978,3.174716261702247,0.14379215011237415,0.38299378643164345,0.6827072685266024,0.6277773585593845,0.8473798109581977,3.7257107709974973
399,18369127214983904477,0.9994342526286886,0.9820223068276218,0.8091879453836989,0.9983008099999721,0.9788640991640187,0.43963238688645545,0.5756427113381608,0.3795005195943204,0.5282277639548693,0.9983008099999721,0.9788640991640186,0.951492486580039
400,13948893816413683422,0.999745938510842,0.9911742408473319,0.5100644260076199,0.993846864361389,0.990309963244011,0.19385383597130854,0.6961636704574884,0.7045867058591585,0.3692052731010271,0.993846864361389,0.990309963244011,0.5577980038170937
401,12017799604023679594,0.9323959860862842,0.646917064429361,11.083282869386924,0.8767722313414775,0.5597666274883963,10.667732666452086,0.15847984100184956,0.5360451257907016,0.8160658000577496,0.8767722313414773,0.559766627488396,11.033134295059865
402,9331895584768182218,0.9981818644094174,0.8795982501657934,2.958001657597947,0.9999458372313513,0.8423482239052162,2.5516969457995495,0.5176115164029205,0.5531234808542408,0.4057074338578801,0.9999458372313513,0.8423482239052161,2.89271986668957
403,16483759267739435081,0.9341454414278318,0.9320143255252127,1.9976702158699156,0.9354431107415532,0.9103540707838833,1.5318301235847023,0.2252988364409662,0.7045735695638988,0.5317909676945761,0.9354431107415532,0.9103540707838833,2.0207898572945933
404,14192500854959057943,0.5777648316067047,0.8719898884631676,3.7893599102251345,0.41197438382798407,0.8467789407668868,3.2899947267189216,0.3999407906937063,0.6409026237892256,0.46748908001089867,0.41197438382798435,0.8467789407668868,3.6551298633114375
405,8460610581397349424,0.8859313772263354,0.8910369461875709,3.2194480885421464,0.9473471981263417,0.900008226256535,2.7959996047309748,0.2142405606767374,0.5945306802706295,0.8185102507530326,0.9473471981263417,0.900008226256535,3.4504461444752077
406,3281189677753727339,0.8923791486299418,0.9464876978888799,1.3775661349296757,0.7470760062156403,0.9058201385544644,0.9955132099488626,0.8362568281726245,0.4310602265588744,0.38415047648902034,0.7470760062156403,0.9058201385544644,1.360884241314315
407,15042446761507675878,0.9985074747643368,0.9432860255178052,1.7532955417331677,0.9982870562133376,0.9299477468596862,1.2752941480673505,0.5840704673132971,0.4839547700373801,0.5870784869318637,0.9982870562133376,0.9299477468596862,1.8367074546147097
408,12115778822516896223,0.999993857394281,0.9010191160187768,2.2641633403323236,0.9998115536202055,0.8617859359922183,1.8606281154528475,0.7625620033909656,0.605561126486784,0.5825586020936362,0.9998115536202055,0.8617859359922183,2.346093523258177
409,12211140822815336138,0.8697642491840593,0.9393732545495569,1.9830523501569979,0.949331265874008,0.9469480202939057,1.4900552593452423,0.07075210171377036,0.37823715848773437,0.7184616251330679,0.9493312658740082,0.9469480202939057,2.1699610483941036
410,12729977674449420136,0.9270888237701679,0.9922120919068076,0.5919783551998716,0.8808352032818274,0.9878139466283081,0.1714621133757595,0.9391081760513277,0.9192173524169305,0.5231485815601643,0.8808352032818276,0.9878139466283081,0.6975726677519317
411,4541635582913422770,0.9978421997590311,0.8913927770413058,3.540173840594369,0.9978859932745535,0.8588855237298932,3.1654599526056164,0.2898628677379668,0.5212698309870892,0.6104274724128517,0.9978859932745535,0.8588855237298932,3.628188297775579
412,99545749561799202,0.9190707282729798,0.9099243517921313,2.602960934281211,0.8395111438132289,0.8723971827415441,2.1741220459213277,0.789499303590392,0.6708340409692046,0.6332519062703278,0.8395111438132289,0.8723971827415441,2.6976101465781603
413,11937560412044457351,0.875629620067283,0.9086420476649735,2.46362828042131,0.8549489710490005,0.8766502958453921,2.0469171620003195,0.002132029106183081,0.5597564910268017,0.49922529158620277,0.8549489710490007,0.8766502958453922,2.462653858923507
414,12439581406961124519,0.7975704715322695,0.7245282517677668,7.0504695306863985,0.8221503161744961,0.7169139822994348,6.610570515887991,0.5555068906574021,0.5026850786547097,0.9529906174426286,0.8221503161744963,0.7169139822994348,7.221059624595477
415,7935236917625605425,0.8781104935491589,0.8880669016268451,2.3260665354161816,0.7920072324396638,0.8323473625617507,2.001263152875717,0.6661644488404976,0.5884868384181036,0.40121882261541303,0.7920072324396638,0.8323473625617507,2.3242443766718237
416,8832745439424496282,0.9615622139220961,0.9856719525246509,0.6866456156759665,0.9834080349700933,0.9614390700348415,0.2867520441837453,0.9989943305193635,0.8933299515187944,0.5275010111197838,0.9834080349700933,0.9614390700348415,0.7943160167597002
417,8850766181077488664,0.9760787176867699,0.9263253393375058,2.377901744570258,0.9540575413934426,0.9031188845550758,1.9310766299729127,0.4040011218560323,0.5024316629189891,0.7031510134879289,0.9540575413934426,0.9031188845550758,2.5271158962590525
418,2052285891159070920,0.9851662032584687,0.801573309370186,5.00359291840238,0.991389976968078,0.7285748756542498,4.6264167370300475,0.015154455676652762,0.5277964658758033,0.6145199512409469,0.991389976968078,0.72857487565425,5.038201487834717
419,17308230876600146033,0.9943359011646611,0.6644323128993807,10.967929091845484,0.9904585521517796,0.5372245722107795,10.565853858312842,0.17506077098648334,0.5310770302004142,0.6099298443182821,0.9904585521517796,0.5372245722107797,10.769178376114796
420,1353785417582547279,0.9988831771981772,0.9454359048317801,1.7001846777799539,0.9992273678534493,0.9315425043833903,1.311062329019511,0.6828266160390372,0.5668696281869747,0.3925450428485761,0.9992273678534493,0.9315425043833903,1.6729713226916962
421,8791780656573470647,0.922098380178998,0.7598375602205858,5.990412408933397,0.8747929628639989,0.6775183684320005,5.59495980424816,0.012100780372113321,0.46024548612676736,0.6771824917831147,0.8747929628639991,0.6775183684320006,6.012404836400731
422,1648822774944008691,0.8476384373842951,0.9227550967460076,1.8145099567239702,0.7346968254252292,0.8717133768019383,1.4059522414814811,0.9376013058708577,0.633689742860863,0.5105199471879102,0.7346968254252292,0.8717133768019383,1.8538084985506769
423,13635029065824303372,0.5733577811345657,0.8151551201298413,4.185422224357579,0.5695221465055679,0.7935741378250504,3.7674911620091223,0.9433761859351804,0.5466588224280452,0.7577695340596667,0.5695221465055681,0.7935741378250505,4.340785495756063
424,12416389959061148224,0.9996658536508456,0.9870388983265008,0.5759805344895528,0.99114801051782,0.9855991970451005,0.19474179406595848,0.31010616993613066,0.7327541109785727,0.46325570943790023,0.99114801051782,0.9855991970451005,0.6483366448018894
425,9518596310840739498,0.9998053680201665,0.9574633335914434,1.2564095480014836,0.9911211013428372,0.9383899767495495,0.8550690211599942,0.43351550436742164,0.5604334531998991,0.4434107753406072,0.9911211013428372,0.9383899767495495,1.274697983539837
426,1212118621279103928,0.9993650013653952,0.84346914135205,4.095175491724793,0.9955542028613205,0.7966218869259543,3.729636691719872,0.443803072941072,0.5317575072831803,0.55746899545175,0.9955542028613202,0.7966218869259543,4.11959637053803
427,5746711813226967526,0.983261485218997,0.9430669457974947,1.8609566850594932,0.9932622155467996,0.93396612097323,1.4193796488633514,0.45491479088914527,0.576334533712189,0.6889004996574751,0.9932622155467996,0.93396612097323,2.035258937029646
428,5871871908534940257,0.9980713269776862,0.8952137212372605,3.1455275336825426,0.9998426786769349,0.843971907247531,2.6875155265881587,0.7421226530249888,0.5654908532776866,0.5658199257394219,0.9998426786769349,0.843971907247531,3.129799109041354
429,5995086854176377461,0.9612716933652365,0.9658503721949245,1.075125312014451,0.9390633633702189,0.9469903358888289,0.7234246620104116,0.9921667263235301,0.5445785679836851,0.4208337548286549,0.9390633633702189,0.9469903358888289,1.1159207433736664
430,999038828031580813,0.9991641443897358,0.9100566234930265,2.7577186311764006,0.9998411087178191,0.8867371152232214,2.26292953788568,0.6546463238059509,0.6760301189513415,0.571092640726456,0.9998411087178191,0.8867371152232213,2.772068755626257
431,4135440824767502484,0.9916310367885716,0.8862800139676542,2.994021890236002,0.9929629462407213,0.8471991522844546,2.5952291711085613,0.09278623561541027,0.46233947251454866,0.4395926959476846,0.9929629462407213,0.8471991522844546,2.9275535249707834
432,7976056320340541007,0.9729759307963323,0.8429642742587321,4.186901128696234,0.9867615223078606,0.8351235422794587,3.8191110596306053,0.04874542228195807,0.5377139510186936,0.6960228333112679,0.9867615223078606,0.8351235422794587,4.334647593274725
433,1377800536460157406,0.28848329814730306,0.6878780204845906,7.24323302128131,0.16125044794232582,0.628735178687912,6.750057987902229,0.998643534682342,0.5047174276310735,0.7001256516603788,0.16125044794232582,0.628735178687912,7.162087461840568
434,8394186093276757784,0.8757994466830833,0.9319607483297877,2.249022335693183,0.8647036792178582,0.9135383194550663,1.8363460042413344,0.23258795538509236,0.678856494493986,0.5557392353165775,0.8647036792178582,0.9135383194550663,2.3108909929079977
435,9206392064128030793,0.9959069185988129,0.9732179052577538,0.9571257245291805,0.9943294719881444,0.9604250625471231,0.5710788882535193,0.027992187382570283,0.2418103352677846,0.4932979664504535,0.9943294719881444,0.9604250625471231,1.0343395963262583
436,8172029047414237489,0.9558639598206179,0.6991555404729558,7.7004236801163515,0.9830591035333218,0.6736444905784512,7.229015593741237,0.21535552985301254,0.6285436720961793,1.0266686540706764,0.9830591035333218,0.6736444905784512,7.896140589437096
437,4893146138286877315,0.9981068279192388,0.9092966616927979,2.102746216409623,0.9997337203777932,0.8901201325580154,1.6915384397847293,0.9995232976737022,0.8217803202271909,0.47444421220756394,0.9997337203777932,0.8901201325580154,2.098670768120736
438,14686565647862088865,0.8747490388769641,0.8531014383916183,4.399189573735482,0.8081100447916123,0.7907657897778336,4.001071603507657,0.9273963487450497,0.5054281517659773,0.5777289814291637,0.8081100447916123,0.7907657897778336,4.413224200859618
439,15658048260285109365,0.9873714632052004,0.9751675573425156,1.0645381219256131,0.9996760469457309,0.9476125369231484,0.6779911618460321,0.8423734727201642,0.6770810854976894,0.43167923868450514,0.9996760469457309,0.9476125369231484,1.0924537370475762
440,4761194315427947174,0.9992347767141865,0.9164804785401256,1.9986741265745787,0.9842002729257815,0.8610847118473205,1.6520898977273433,0.18756509474833602,0.37967334061981634,0.3600169818997975,0.9842002729257815,0.8610847118473205,1.95953081271112
441,16727383937505211131,0.9265329984438252,0.8979950976980156,2.5609645616395764,0.9531731506446279,0.8869823944960031,2.226258345254712,0.8085527615802124,0.5323545991211082,0.5929862618797311,0.9531731506446279,0.8869823944960031,2.695566507470582
442,13472558463492621369,0.5976898216379326,0.687686930184089,6.704694501844088,0.40968743692149984,0.5730510317235679,6.323928660928774,0.3626859842809497,0.5441384432957471,0.5692201451670137,0.4096874369215001,0.573051031723568,6.611269677112183
443,15117541727931214924,0.688657721701716,0.9635816132716466,1.2460968171020905,0.6426139115787806,0.9563361198082713,0.8648329228904492,0.914797075855144,0.36707264855097566,0.4834882146240131,0.6426139115787806,0.9563361198082713,1.323129884382174
444,11429624097920204465,0.7552359309324853,0.965964250208785,1.4195204773536034,0.5931815572031699,0.9401092388669795,1.007368174965249,0.9497586043835751,0.7882194605724677,0.45093595637587686,0.5931815572031698,0.9401092388669795,1.429105064811388
445,12122640467398405412,0.9337230494494438,0.9558217531313733,1.0648346888446047,0.904382966458991,0.9474854958684563,0.7464945880394167,0.988597887935454,0.7472806234075482,0.4349773779410447,0.904382966458991,0.9474854958684563,1.1572545758367214
446,3184759004046151519,0.8262287767813353,0.8580225786773565,3.540275945586662,0.7036283285425343,0.8036383957669874,3.1485776402969914,0.9680376100181336,0.7438493750227652,0.4484744768811256,0.7036283285425343,0.8036383957669874,3.4744610433436787
447,14548151243366670337,0.9947895226359417,0.9521896051330904,2.142084241480748,0.999258896348388,0.958524010772885,1.7447352325857535,0.00020556441307771785,0.6802812324886189,0.5775027149336303,0.999258896348388,0.958524010772885,2.2503319279509446
448,13899406008640828162,0.7319978185249707,0.9433540393335978,1.5318929930865337,0.6729664553285654,0.9364574037296589,1.0915596476918699,0.956186940826236,0.6199482127218879,0.45995778947103966,0.6729664553285654,0.9364574037296589,1.5262039192782586
449,4125566921573937477,0.9987957615019132,0.9669018639404847,1.513982611429274,0.9997574631956656,0.9642217425656815,1.0537526030721098,0.12639942796322917,0.5124580819209014,0.6396524604812132,0.9997574631956656,0.9642217425656815,1.6466526559132955
450,16396906179078869824,0.9568031169164809,0.9194027821309102,2.199351681801983,0.9061792292159989,0.8910681635253234,1.8109983282146949,0.05955230417902277,0.6094871150542436,0.5687390998948728,0.9061792292159987,0.8910681635253234,2.2908426903689
451,4209355262335426636,0.8483340928665414,0.8605186359892786,4.274936059010082,0.8080050205548253,0.8153608213999917,3.717058665819701,0.9885610769606548,0.48095514731281114,0.8374526460157043,0.8080050205548255,0.8153608213999917,4.382267250183291
452,2120135676516158341,0.966154911487257,0.8717849188148967,3.0098144356384773,0.9487820518409973,0.8578428467079336,2.665187196908111,0.997895461860916,0.6550375818122603,0.567201640085854,0.9487820518409973,0.8578428467079336,3.120671404215798
453,16160549380915638627,0.9243915337945983,0.9721603936815275,0.9212737160498362,0.9127903115935185,0.9652738471496678,0.521488088686845,0.1913120733226761,0.5405128574412429,0.4777072276155566,0.9127903115935188,0.9652738471496678,0.9916827654685139
454,17278764337516704760,0.8671901164359588,0.9133154125640864,2.559829961376832,0.6859348046919662,0.8220611657054389,2.0176882728522054,0.886265989257947,0.45512220062236847,0.6450920954640574,0.685934804691966,0.822061165705439,2.609583603068634
455,7263258268563828872,0.8376342682110837,0.8387595057460135,4.266744774462205,0.8217429108422313,0.8177681235760234,3.761932488154539,0.9294306897603761,0.47139768688753186,0.8322452787667275,0.8217429108422311,0.8177681235760234,4.409387239224206
456,8185800988551927092,0.9934388744197661,0.9363447312896445,1.9975556207287946,0.9734110583258675,0.9090390674600481,1.5988939440423309,0.1032832532010112,0.45619815945272074,0.4103642155508705,0.9734110583258673,0.9090390674600481,1.9664974266703343
457,369212748881483424,0.953765021907401,0.9745244605147996,0.67339362119095,0.932496733042374,0.9566490955079092,0.38561078251700476,0.24640303363718408,0.3690805694171061,0.32121307665918564,0.932496733042374,0.9566490955079092,0.6966077065599302
458,69726398095582448,0.9988355483135549,0.8378741010289589,5.06022877276391,0.9939869163766532,0.7683178203827246,4.574653773095678,0.021868681923225452,0.5746785141832114,0.6185298103783178,0.9939869163766532,0.7683178203827244,5.019885466173777
459,4083835334113521320,0.8947987533082715,0.9818961051008176,0.7902240750584774,0.9091738202584603,0.9754549278079163,0.4460035605722542,0.08773429605855525,0.6761127371642084,0.4054013523452589,0.9091738202584603,0.9754549278079163,0.8316542134324338
460,2921183437788433291,0.9221757695403495,0.8534321006736387,4.680899028456204,0.9256295182110945,0.8088006099536725,4.093968263543783,0.4627596202855007,0.5855281016196162,1.0083758189469572,0.9256295182110945,0.8088006099536724,4.878490907748231
461,17042676929890248590,0.820270781107928,0.9132714656329066,2.479638163153866,0.7776195499007246,0.8867145820518826,2.1432960144727873,0.13079791785447448,0.6681497687890734,0.44368534501315915,0.7776195499007246,0.8867145820518826,2.489145447175233
462,8733572444049085058,0.8121146128802663,0.9362382397766871,1.6889919298321485,0.6309776640428646,0.9014768263495841,1.2878064633672295,0.9329205239225362,0.4788992636267416,0.4782856794142511,0.6309776640428646,0.9014768263495841,1.707960158388025
463,15921005983883123924,0.9766715473609303,0.9573741365879189,1.2747896583262965,0.9748542948131027,0.9303434113767218,0.8883410944657562,0.5522393201031359,0.4930778695611514,0.4494187534203597,0.9748542948131027,0.9303434113767219,1.2991639546717264
464,15336193963014631110,0.7554365821524384,0.8337986435275437,3.3621000616887797,0.6046277954442069,0.7470962101859141,2.992725145000167,0.02762298468221519,0.5218432689666972,0.49941760724955353,0.6046277954442069,0.7470962101859141,3.357893425192968
465,17640966373679656368,0.9554072529103286,0.9599450108492121,1.316103470956418,0.9133260069030857,0.937204225786079,0.9492907212110865,0.28483462661471837,0.623699927115773,0.4391930626549398,0.913326006903086,0.937204225786079,1.3602537398885863
466,10639145887417534828,0.9884027638713094,0.9837625520853409,1.0534748712138395,0.9540518463427248,0.9830677516069185,0.6224721357911368,0.9780906092870509,0.5323627257597632,0.5471909492892868,0.9540518463427248,0.9830677516069185,1.1361659616807476
467,7432962050882114453,0.9620638075858834,0.9805998278576951,0.8426658733381315,0.9535672783406419,0.9785880208623171,0.4725205878635707,0.2520009753333167,0.7202315270932921,0.4656077230233475,0.9535672783406419,0.9785880208623171,0.9279864154273586
468,3526777062581200308,0.7234861041270549,0.8617215489719527,2.9614342073579496,0.4867468388505429,0.7736597526402124,2.598585006306228,0.9998314075292776,0.5821523175244878,0.36665661494936186,0.48674683885054304,0.7736597526402125,2.8889933071173592
469,17573190694396750579,0.9740141878413102,0.9902846898874675,0.7093942838057345,0.9748550382434509,0.9886788962219806,0.28562509703556765,0.048057237648354484,0.8513312581989037,0.5209530810884191,0.9748550382434509,0.9886788962219806,0.8038434641144735
470,18263262999038803308,0.9575967790328038,0.9747018569231426,0.8810173813251355,0.9322816767237067,0.9644241895797399,0.5583248324142615,0.04758660619231104,0.2795779022801183,0.3794586308767039,0.9322816767237069,0.9644241895797399,0.9200099992023348
471,11525818365520884250,0.9990517402166014,0.951996722251991,1.2721021200849516,0.9996347295675866,0.9296652564521519,0.9278267231533506,0.9890214191856652,0.7307302842578256,0.40727573047349797,0.9996347295675866,0.929665256452152,1.2982081340671148
472,4854863850612191569,0.8707189017635073,0.961811905158221,1.7485423620100988,0.8012890254061252,0.9444518963238054,1.3141941351728672,0.020849772464274472,0.5210078045010517,0.4989820767430437,0.8012890254061253,0.9444518963238054,1.7714710908583968
473,17316941896817105893,0.9808270606432419,0.9721371006688116,1.0046284298580017,0.9860362929654732,0.9641319701117255,0.600441909827396,0.9506145311184985,0.584401887081118,0.4826040767487631,0.9860362929654732,0.9641319701117255,1.0528224630980838
474,9477833596509027286,0.9683503957149112,0.9801561350925105,0.9594366296340172,0.9906186574285737,0.974876158185198,0.4780679976281072,0.006085133380886835,0.48066022754278104,0.5967306623517915,0.9906186574285737,0.974876158185198,1.0651557037170303
475,14583126710647480508,0.9780140560732962,0.934165432120239,1.9309346393484144,0.9295659213900527,0.8941665933899721,1.5177315289509623,0.0006796060027866766,0.4604437247346051,0.43666709038377255,0.9295659213900527,0.8941665933899721,1.913461677195118
476,15248005777492466871,0.9878847922194252,0.9698066519972658,0.8230100174584303,0.9770198494679241,0.960009192838635,0.5413358021087695,0.4806731556975987,0.7281327966163396,0.2586230380769135,0.9770198494679241,0.960009192838635,0.7899462125343416
477,1099792787317180298,0.797454280698524,0.9514509959860524,1.4639168456410097,0.6695125136372944,0.9435466497100305,1.1121378342609722,0.11019019936662794,0.767661372009418,0.49483813988996656,0.6695125136372941,0.9435466497100305,1.5648638722839943
478,2935135832299504419,0.8364664259374243,0.9653542329993486,1.2603052445369907,0.7805139942903861,0.9599687704348885,0.7577464503802507,0.9946241930617077,0.33124848764693166,0.6716261152330678,0.7805139942903861,0.9599687704348885,1.401070101171024
479,5817797097795653614,0.995274429652501,0.8734667323265309,3.3893734882315765,0.9888162690238927,0.8367796199857774,3.0172496286702746,0.12396725808068346,0.44511382109200476,0.4989901928220034,0.988816269023893,0.8367796199857775,3.3972201591695637
480,2060639045671148241,0.9623783794879702,0.9444871447897872,1.9053753719010567,0.9418785279155906,0.9324828707032959,1.4500256438008352,0.8971552879131484,0.5811903516719603,0.6282770610439113,0.9418785279155906,0.9324828707032958,2.0151678479229567
481,16187608912824436070,0.8276015622918532,0.9271027543479755,2.089307616244348,0.7916852482798757,0.904411985494709,1.6789833419816127,0.9740396989131027,0.4366165557919993,0.48882411286922256,0.7916852482798757,0.904411985494709,2.1090166743323877
482,14755882652071953164,0.8608463313092007,0.6329094103022173,9.327789497300065,0.8493510898965257,0.5619113531150819,8.974986727355512,0.9484193922801497,0.57832738993209,0.8351476489391169,0.8493510898965257,0.5619113531150819,9.388385604885906
483,9311612325609543158,0.9546633192419542,0.9688882056763153,0.9897856324461197,0.9054010247281339,0.9534484436607251,0.6013379875732288,0.3294389788357378,0.30417609428785325,0.4537047243700775,0.9054010247281339,0.9534484436607251,1.0445849543712977
484,15228117959387623253,0.9811442163231919,0.9610292764585284,1.096090028985714,0.9789425130351943,0.9488395594479786,0.6499435603636644,0.8884586746605475,0.5795092742418507,0.5567773657371249,0.9789425130351945,0.9488395594479787,1.1738351530888291
485,7467169514634358725,0.9994750444228493,0.9804949052419336,0.7706102506434432,0.9994517593706171,0.9767293702619192,0.37856260742513465,0.6074105928347363,0.541846502958542,0.5646616061516413,0.9994517593706171,0.9767293702619192,0.9266896974609538
486,14659481673699353887,0.9964641944879247,0.9293508669013534,2.1607890020973652,0.9671560301955279,0.8741048614816054,1.6960357117683864,0.47750737122400794,0.5950794702786674,0.6030713720727657,0.9671560301955279,0.8741048614816054,2.2307559388907077
487,5279032682082289262,0.8450259996569705,0.9529698059331032,1.44101348017803,0.7172713150025887,0.9280451284280828,1.075601124480767,0.08563467112040801,0.5589296532484229,0.4680089814319419,0.7172713150025887,0.9280451284280828,1.484120984659231
488,15863422332476284217,0.9997097766222669,0.9626424775651391,1.1992847376269498,0.9922616222604381,0.9481318068555001,0.7919636400579732,0.1506694553691598,0.6960532733761721,0.4861841370798091,0.9922616222604381,0.9481318068555001,1.26187914944129
489,2415736517358496035,0.7443378458268611,0.8276477783378432,4.706222716853621,0.6629186539500762,0.7683892773488263,4.321133119510562,0.9909358692222268,0.5555096880112859,0.6641935553100349,0.6629186539500762,0.7683892773488263,4.771123961647639
490,14090751517633040256,0.9719217959976314,0.9603423082848328,1.4927945718728437,0.9739538278408535,0.9520800363292119,1.1411130843135768,0.8201885374567847,0.4591037063287361,0.46948375313142776,0.9739538278408535,0.9520800363292119,1.570761449725868
491,8222486568452904703,0.5145931924795815,0.8722942560238792,3.048853359183194,0.41764253187041706,0.8458851078384799,2.656304844225887,0.40769380923366816,0.6405852323276304,0.5144526320472955,0.4176425318704169,0.8458851078384799,3.07353965774597
492,15021279521109316669,0.9968726620653151,0.9102271448578119,2.020312202562235,0.9996052718794922,0.8679616492895564,1.622030345519253,0.0002095053035235639,0.4252266406289296,0.45046321024122343,0.9996052718794922,0.8679616492895562,2.013586086477843
493,1488771107544621802,0.9850997975279613,0.962312698047798,1.4728046509369404,0.9890343748994437,0.9561480107205227,1.0418064992532894,0.7055610031318854,0.623665351017668,0.5406203325930344,0.9890343748994437,0.9561480107205227,1.5645618804006443
494,1634835341283891232,0.8593676355334471,0.9463006747051703,1.2561288734914928,0.7769281629310916,0.9294596640111746,0.9162864120437144,0.9859131375185558,0.7042042286465405,0.37501639417739374,0.7769281629310916,0.9294596640111746,1.2645713371097353
495,2923300904342661652,0.746320689221595,0.893875754219147,3.263022806786087,0.7610962079332828,0.8952126257897618,2.8209152975074967,0.21530807587883444,0.543437454415907,0.7062647425535402,0.7610962079332827,0.8952126257897618,3.397108697269589
496,14792431945354329965,0.9976925939379123,0.9474783241978272,2.190980553398404,0.9963491905835191,0.9345532613615118,1.7902792908398992,0.2897149669383308,0.5752789588909967,0.5707493577358702,0.9963491905835191,0.9345532613615118,2.2798279900173726
497,4832638214510669940,0.9912054236139595,0.9853763069314758,0.6863516563292194,0.9919882025557449,0.9818447456697608,0.33899610554421217,0.038313948440319184,0.4379597805825791,0.42239171634800304,0.9919882025557449,0.9818447456697608,0.7510693168148108
498,6416493669217085554,0.91709860260997,0.7270359911710325,7.567103888326891,0.883781336402183,0.6596122063421495,7.244685869536942,0.9943896473708166,0.5520177669323799,0.69580966044871,0.883781336402183,0.6596122063421495,7.604044488747717
499,166091797771555766,0.7579770340026833,0.9087873957541102,2.391860233841131,0.6174638357350601,0.8699047814684174,1.9916692293804825,0.019777774818650323,0.6399141998680195,0.3983622987005306,0.6174638357350605,0.8699047814684175,2.3168387945097115
500,13021734825020894070,0.964561595152947,0.9740240901487847,0.9675488947465397,0.8612744766159681,0.944654289255886,0.5548054421476093,0.12089596923349316,0.7480976942183876,0.4792646589263352,0.8612744766159681,0.944654289255886,1.0223456701478304
501,16250752620076550586,0.8881406827165256,0.9290836614112155,2.157760168083718,0.8212120639071617,0.8870386050574204,1.8425130716333196,0.9574767579307418,0.5977829758010863,0.37010201703250273,0.8212120639071617,0.8870386050574204,2.1421576795901496
502,10305438498719396634,0.9994043788951256,0.9545391498183601,1.1200814311826643,0.9825582032821113,0.8838727754843276,0.734877297760074,0.26413987298858904,0.65533646309057,0.5060649269190161,0.9825582032821113,0.8838727754843276,1.2071405399874606
503,15221820204930826440,0.8493936825488687,0.8077660261795764,5.2334098224823995,0.7002337531014095,0.7317005545596639,4.762003145544855,0.6847783687020537,0.48081303645049794,0.5794952867058136,0.7002337531014095,0.7317005545596639,5.161573854394335
504,5810667369256474062,0.9581827535288449,0.9153577809248884,2.454792165804713,0.9648218128168677,0.8876746758831799,2.0514476220861626,0.15786954649534385,0.5549377888632462,0.5847527469811598,0.9648218128168677,0.88767467588318,2.548187616930808
505,1294407639520615758,0.5944156557402873,0.7269481918526449,7.347660624638641,0.2996700889071103,0.6152415749857021,6.801290327961828,0.15745054195885647,0.4139715060736832,0.5380943515837637,0.2996700889071103,0.6152415749857021,7.104391143332796
506,12077437496916740669,0.6707931151356081,0.8964331603773991,3.780602252561473,0.5587190196962639,0.8470036839935138,3.314063006755043,0.18483075140110444,0.4268771383446121,0.5811709579053506,0.558719019696264,0.8470036839935138,3.7588655668537965
507,43840941271345130,0.8725646179040878,0.7174726475645398,7.733666929352424,0.898761777504123,0.6729035891708558,7.34742299038688,0.756994434793953,0.5111030026258384,0.9240586405684896,0.898761777504123,0.6729035891708558,7.893266079818315
508,17731157813933029930,0.7974490236565345,0.8879981472784306,2.8681619764750486,0.7903394846201266,0.8861757981594657,2.442744805683469,0.8762812797474459,0.5470913712782484,0.5670268069870669,0.7903394846201263,0.8861757981594657,2.909680079875372
509,7619875495303934697,0.9945947210577499,0.9549039963337898,1.4806075518259736,0.9947766226363123,0.9464822787533789,1.1469424975972262,0.8665915362520876,0.6360513573118838,0.43437024911790195,0.9947766226363123,0.9464822787533789,1.5364212221379816
510,4019702949075556531,0.9963128881432071,0.9365612270190679,1.5892622009166923,0.9999521319150685,0.8843601425417683,1.1825249271412206,0.030090285260329367,0.44823570724329415,0.5135850199610239,0.9999521319150685,0.8843601425417683,1.6502783588460186
511,9015094677733073088,0.9965938717672689,0.9689326523320894,1.4049026966054412,0.9725954323231599,0.9366181661844284,1.0273639868927116,0.11504092191905826,0.5883890972939815,0.4717378803263251,0.9725954323231599,0.9366181661844284,1.4653683021698316
512,16578566025892634641,0.9960782695449633,0.9769584450402018,0.7517810263915252,0.9635961937729771,0.9633089954674516,0.4090024767600814,0.745616658764096,0.8183747460185863,0.3799464560941882,0.9635961937729771,0.9633089954674516,0.7892872032163911
513,11372596514982820403,0.993603247138777,0.9806605561131835,0.8091522344676895,0.9999801927556007,0.9790617852534671,0.446444237203043,0.4508738868010926,0.25956728341885227,0.47631262628730253,0.9999801927556007,0.9790617852534671,0.9052057179283084
514,4350878995790940498,0.9176450511203427,0.9864197065722576,0.5284293384038449,0.9104543688622935,0.983844026896882,0.23350511043898814,0.8816412056194315,0.6695087848713274,0.34214874647981036,0.9104543688622935,0.983844026896882,0.567780662747331
515,3121184180418696548,0.9789520165563971,0.9739103456384661,0.9248250363440769,0.9197721383534254,0.9544172431951427,0.6065424306542655,0.8022431499196055,0.5197527101183251,0.4158852256575155,0.9197721383534252,0.9544172431951427,0.989378927415441
516,4583022943194557167,0.7276837045870608,0.9248270610159336,2.699538756861574,0.6669018621871325,0.9073823923630723,2.3653304596223945,0.3138236844023318,0.655730944328022,0.4282485803473031,0.6669018621871325,0.9073823923630722,2.697830744383771
517,15489788975572080544,0.9997477823033732,0.8962665535423587,2.274552182556319,0.9948058489068365,0.8770244133495179,1.943201809908054,0.17692477920184171,0.4972587673571341,0.4854534420575755,0.9948058489068365,0.8770244133495179,2.3361963675196717
518,9887767929651902453,0.8251481354325589,0.8538803126281093,4.088838176122982,0.7524191536311946,0.8101278115935077,3.719796872804652,0.3208250139619503,0.5757307996498909,0.5298410415717424,0.7524191536311948,0.8101278115935077,4.091230484878087
519,4436681381270241302,0.7164439320675298,0.6325450430811895,8.548089066177003,0.5225770062444968,0.5145032021785655,8.056019043823152,0.5747541270627199,0.5722561983035972,0.7093046355081533,0.5225770062444965,0.5145032021785655,8.446372783541843
520,10075575991459451212,0.8701677722871576,0.8940838248024687,2.689786031767628,0.8582970275899848,0.8782295666614448,2.3053361678707924,0.2127417339777531,0.6436462311641411,0.4946921994200342,0.8582970275899848,0.8782295666614448,2.708608910880792
521,9349890625690572007,0.9930222672285853,0.9435561543285729,1.6633745294404652,0.9719164503926031,0.9296543805795404,1.2912487849059484,0.9756181976043102,0.841730128832756,0.5184560880376323,0.9719164503926031,0.9296543805795404,1.7485438840256289
522,9452340259809273234,0.5897779459815452,0.768302027694356,3.9837536273369456,0.4656750516641731,0.7063385952433082,3.604707963633166,0.6434194843269206,0.5388631104800823,0.465968648521606,0.4656750516641732,0.7063385952433082,3.910847612352345
523,15260964844265577520,0.8068711842777927,0.9299200648698407,2.112299253302283,0.7262902160620373,0.8936246825378736,1.7184421122803637,0.9821649344826637,0.5093844259596184,0.48369100479174276,0.7262902160620373,0.8936246825378736,2.146283589198448
524,13735614597164928365,0.9559215885482604,0.9199475925697158,2.1656459256425102,0.910886545512702,0.876069044640013,1.6952191654958964,0.8656954667383733,0.5909881405907129,0.5540967530778766,0.910886545512702,0.876069044640013,2.1863987212284117
525,13762067545601052695,0.7111961707604697,0.9580700951880119,1.2016391687771648,0.6170272998829348,0.9473882804403373,0.7936619191594184,0.9945704354049097,0.7292793807363973,0.42366872467934047,0.6170272998829348,0.9473882804403372,1.193234230379052
526,8599091300143999679,0.9148203483447926,0.9258115930929728,2.011913148996935,0.9223896770479634,0.9275918097683399,1.6845141555899215,0.6276339977656404,0.5109538056380742,0.476664006854549,0.9223896770479634,0.9275918097683399,2.0849804345592906
527,11532837775121007059,0.9760036628615647,0.9830668990787479,0.6246250594005494,0.9960596757177682,0.9827908370662788,0.28400589942461174,0.9863581012527998,0.8787179062674074,0.37960584199116326,0.9960596757177682,0.9827908370662788,0.663433131788325
528,16851953231538899810,0.8303436160408789,0.8078255372093863,5.449905133758838,0.8263219568543871,0.7739798719947999,4.991897985879142,0.8307770812795184,0.6491852661997503,0.722253203083025,0.8263219568543867,0.7739798719947999,5.527151823805625
529,875103941859447840,0.7537590103155044,0.9123632852437621,2.2204298447609214,0.728594701699051,0.9133855987481672,1.72597086186992,0.019037656192520208,0.739891703793234,0.633470830690848,0.728594701699051,0.913385598748167,2.288521202797727
530,12804916881161176703,0.9920513352279583,0.9262324886774553,2.212378204461204,0.9967499564225037,0.9007602248535027,1.8281549002604356,0.6369465578142814,0.4985752962174387,0.5319154229933359,0.9967499564225037,0.9007602248535027,2.2808817611671626
531,15199240855099127286,0.9363855147512521,0.942682180776993,1.4172247566884277,0.911080124710615,0.9362695379672967,0.9436004452661171,0.8932439256463001,0.5617929504088617,0.5347645728665503,0.911080124710615,0.9362695379672968,1.4591107204671265
532,11382434622861062409,0.9624083932753473,0.9594779880959465,1.261868190490674,0.9312577093217858,0.9374804094002492,0.9321769116811143,0.17164616079744616,0.6010126117825405,0.4086099973461188,0.931257709321786,0.9374804094002492,1.2975858297925758
533,9957870349608219825,0.975245376170678,0.9218450448063076,2.75625845325268,0.9927915025833663,0.8848344905936988,2.3461413847635035,0.965660162374208,0.5110052498618047,0.5120676379628208,0.9927915025833663,0.884834490593699,2.7702208662412304
534,13309795912815449574,0.9598981240668685,0.9172517353775925,2.3216193743559717,0.9515807606059625,0.8987959038095394,1.9190007543962342,0.9611270951090878,0.5794172687128597,0.5945459554501922,0.9515807606059625,0.8987959038095394,2.4423117491348587
535,9320864874528393205,0.9991241948465913,0.892167594781764,3.3392342344363093,0.9972823575417294,0.8649657539585162,2.9668814416481086,0.7858555257467391,0.6784518147343611,0.572492350956479,0.9972823575417294,0.8649657539585162,3.401854569866418
536,12973501943895067399,0.7138681201073969,0.889180415612641,2.56338197438764,0.6770885008345985,0.8443680797176513,2.159498174056721,0.9847713304091654,0.6058554965122122,0.4625838132335846,0.6770885008345985,0.8443680797176513,2.54169494770222
537,6079796915569425614,0.6662682305431037,0.9268863978383527,2.1806935732148394,0.49433449285722775,0.8909509358483244,1.7508303091168531,0.20595294727521432,0.7593972142510943,0.4622387743786581,0.49433449285722786,0.8909509358483245,2.1537597945347837
538,13231057306604622027,0.8663564656109267,0.9395099673461603,1.7420623143745737,0.8169587882224022,0.922742505472754,1.2908875651858627,0.11216436735935958,0.49365718477483317,0.4997605127971811,0.8169587882224022,0.922742505472754,1.7555736463511422
539,2152205474242920824,0.978618927619656,0.9490667100037056,1.3369555920880443,0.9655589956164311,0.9374937254085072,1.0218678154874383,0.22650119755419895,0.5591753431170179,0.3772419898311882,0.965558995616431,0.9374937254085072,1.3698864946399705
540,6828448805814209396,0.849390137862378,0.9783004214136819,1.2901320682281046,0.7524883102061279,0.9621862357692924,0.9251398806755301,0.5978297707512902,0.5922138776766405,0.36303017456974374,0.7524883102061279,0.9621862357692924,1.2553600739622608
541,17366329776574435480,0.6837050436600198,0.7568112996199672,7.506442133399715,0.5851210136080541,0.7134784068280347,7.072357646252228,0.9724275983232045,0.7303331344603653,0.6623887497893456,0.5851210136080541,0.7134784068280347,7.416571670813242
542,9344367564931871374,0.5542260385234697,0.9146367906973081,2.46509451616405,0.5592261675608963,0.9020712326846275,1.948280870709733,0.7012347277556988,0.4212988746813565,0.5952947317170796,0.5592261675608966,0.9020712326846275,2.4828014200616613
543,14581877485242917530,0.9978501650608981,0.9735778298368949,1.3558206247304896,0.9995177443300352,0.9568452068798002,0.9852261751950177,0.9807328024189716,0.802047515927417,0.4541720082540178,0.9995177443300352,0.9568452068798002,1.3940101255293424
544,54940292299951271,0.9440905788371232,0.9359880540906065,1.993703613873283,0.8798873324779303,0.8961678713735367,1.5963028710362897,0.2177729968998907,0.6137653075331893,0.4523389020365534,0.8798873324779303,0.8961678713735367,1.9619200671398715
545,1966088254169068301,0.9997061652659024,0.899865198607883,2.2560352401705286,0.9930024219222587,0.8674052276970026,1.8971520334946896,0.6659976783257885,0.6079987916685018,0.43058939553549486,0.993002421922259,0.8674052276970027,2.2513063142433456
546,2311144415160141367,0.5814390645157561,0.8938344903086713,3.1352437254533974,0.46333080493183154,0.8606022174830361,2.693824961514803,0.9801184953386783,0.7226755485651595,0.5509161050079681,0.46333080493183154,0.8606022174830361,3.133162623125033
547,13542635111462182045,0.9776663688049751,0.9626888539457162,0.9100560050053336,0.9724263176986514,0.9567040782944175,0.593961980596609,0.40591080833261606,0.2595331172676057,0.359441699405896,0.9724263176986514,0.9567040782944175,0.9413726931632477
548,14531148211835779634,0.7799161182511933,0.9220222353155364,1.9231192395996344,0.7228652645997766,0.8946922387748611,1.5241305511436998,0.10600024337373047,0.49015603803192326,0.4067229534234999,0.7228652645997765,0.8946922387748609,1.8556243635510772
549,5426511039259352362,0.990916165014985,0.9933228636248039,0.42935626016115286,0.9666133141716338,0.9864343504266053,0.08764171574715812,0.7218320495901521,0.9303532150999636,0.40954860063857945,0.9666133141716338,0.9864343504266053,0.49618111212727745
550,17188682834211131629,0.9062662363209087,0.9458762190291091,1.9650027949135094,0.8432941360227957,0.9107336502120035,1.6497163137408695,0.024527933178918437,0.7222920946371805,0.4190528743921765,0.8432941360227957,0.9107336502120035,2.0021601557666013
551,464560455542596229,0.9960957189951704,0.9674328395202216,1.158941321781031,0.9577180719060018,0.9687524426277524,0.8287818774461273,0.04907569907506665,0.4654635963636711,0.50251485947341,0.9577180719060016,0.9687524426277524,1.2991281854895367
552,14606121305577656846,0.8689575060726044,0.9042324793099678,2.3095473565137445,0.7850596355795872,0.8646875907767385,1.9624339956074752,0.7959317717817289,0.48350004778622924,0.3603515648613613,0.7850596355795872,0.8646875907767385,2.2481404014276194
553,12529382464695318334,0.9998815976047174,0.9311890130287354,2.046865926166082,0.9805130814335257,0.8987453793929805,1.637681984849475,0.2011235668923373,0.4516449758183768,0.4794622025870963,0.9805130814335257,0.8987453793929805,2.0672613026627196
554,13312657997872451361,0.9999899460877784,0.98496993487025,0.8149586897642451,0.9990419068329484,0.9815195576975235,0.36640065819811674,0.011171951088933275,0.35423213668662695,0.5871512195730069,0.9990419068329484,0.9815195576975235,0.937260142153439
555,4001788563550100010,0.9752356024704675,0.9712018314978358,0.9128939257703343,0.9594980701877495,0.9607963041490779,0.5243333402433507,0.9419661584612276,0.5902069914124418,0.5091197443021551,0.9594980701877495,0.9607963041490778,1.0172805630966917
556,5727312387538625498,0.9134000975780269,0.9193319254933298,3.1308569340689627,0.8379008863804706,0.8860194257882266,2.8384119730319566,0.5177043517496879,0.6773384223747118,0.33912761514955614,0.8379008863804706,0.8860194257882266,3.0705897289132476
557,4081953031959412870,0.9741079709482502,0.9702526351766252,1.2630052509390541,0.9557908463576685,0.9610789554280276,0.8066281930518051,0.03251930345039165,0.4702566930628355,0.5487721034433142,0.9557908463576685,0.9610789554280276,1.3324138005631316
558,12270547456044995922,0.9999710725095726,0.9153281090496911,2.217687411603965,0.9947621618479715,0.8812869450560421,1.7928681714863295,0.3090001830252502,0.4789558224879855,0.5987835945627189,0.9947621618479715,0.8812869450560421,2.287860884230767
559,1962284969067292385,0.48192619006927423,0.7051848534370897,9.680621785268261,0.3844878131490824,0.63262897690762,9.166136951766008,0.001192994651305521,0.5263835872821454,1.0172143245045153,0.3844878131490823,0.63262897690762,9.746716658042617
560,14547378190826125279,0.5070662379457787,0.9393289626610343,1.4090613665071534,0.4004845595080967,0.9233430327925596,0.9589875112917844,0.7468951088225345,0.808377623284697,0.5555187963087358,0.4004845595080966,0.9233430327925596,1.4860236700485239
561,15577973443287441380,0.89293987122723,0.9802147880415891,0.7139364007021008,0.9153754460178588,0.9862731410691084,0.336867132561421,0.07783565239767014,0.6586085662053711,0.4677970355313932,0.915375446017859,0.9862731410691084,0.7996444857076672
562,12743367056003531781,0.9925514793305683,0.9518723770558474,1.6904024089475735,0.981133959088974,0.933630539937721,1.1738020924129575,0.7619331810128789,0.558930253675065,0.7574693235899701,0.981133959088974,0.933630539937721,1.8677213607986995
563,17338156039260340342,0.9944516193243903,0.8391568158625443,4.205198858169355,0.9865768883526238,0.7860031320199197,3.7872545760897047,0.8586004639667673,0.6705846232092123,0.5359265524833534,0.9865768883526238,0.7860031320199196,4.170542357471491
564,17950591346653570946,0.6973848508751821,0.9123319594530729,2.4800240301504504,0.5531937575450843,0.8586501729609725,2.1057428394283613,0.8814508311338444,0.4295871934346226,0.4799413663243752,0.5531937575450844,0.8586501729609725,2.499424371088624
565,11235814814180230014,0.8666169659386365,0.9215815341162409,2.1713078441286964,0.8529566020348096,0.8950668141646912,1.7620761737931427,0.46396063234593155,0.8070523017676299,0.44130306430437066,0.8529566020348096,0.8950668141646912,2.14328274374888
566,8661623135777027487,0.995485379155407,0.9673406625418508,1.0807726267975446,0.9619327228916794,0.9542778956292072,0.7260102503060438,0.9546554074977461,0.6414533820395036,0.3395496161404861,0.9619327228916796,0.9542778956292072,1.054522445849528
567,7370283392535928735,0.8513830613635414,0.9198903770198823,2.1722082912246803,0.7481849219553112,0.9053898747588601,1.7447541554387374,0.19538981262760916,0.6247567122805174,0.5159364600689068,0.7481849219553112,0.9053898747588601,2.204739258212182
568,3041428940161430510,0.9916497946608234,0.9859866032463115,0.6979184176072162,0.957263644009194,0.9822171676312949,0.2787119276155758,0.7460346350991096,0.837952740539636,0.5180662556869894,0.957263644009194,0.9822171676312949,0.7845998911536448
569,8600227613353338206,0.9125432584646388,0.9528486611293224,1.5230346926441707,0.9100925724081181,0.9542339134775247,1.1375522047524689,0.8056622198497617,0.593585422641814,0.45190443776567246,0.9100925724081181,0.9542339134775247,1.5576276716184296
570,9733819600803115267,0.9941828109419065,0.8887293503999678,2.619421102926648,0.9606064259970936,0.8463275971299117,2.137397211549227,0.005205389174672723,0.4520018506526479,0.5794208509887766,0.9606064259970936,0.8463275971299117,2.6605890978554023
571,6799596145905428182,0.9732225858635379,0.9676483862970553,0.9835289724928064,0.9513304421173524,0.9635533253329911,0.5792826618539747,0.0206690598795792,0.2929703752933335,0.5178732767963198,0.9513304421173522,0.9635533253329911,1.0881274365274003
572,8005451436763813240,0.365293721851422,0.7972520683913639,3.2698615899929377,0.2862500468682923,0.7937324821221307,2.7853242989903166,0.011496286853006845,0.6208128082480632,0.6084018570935018,0.2862500468682921,0.7937324821221307,3.280398624423088
573,8058308018209209500,0.978038393314559,0.9746157652251187,1.0081621520484443,0.9703752096848455,0.9716143301208218,0.6358263132122457,0.2473123261748993,0.38093770956157313,0.48877140043863615,0.9703752096848455,0.9716143301208218,1.0990941538207655
574,9330587490260791955,0.8240277054993496,0.842670135798542,4.4026906487380595,0.8083262637550737,0.8177156544495006,3.8514120686491222,0.5136822377521572,0.5028211838113146,0.8893544972596092,0.8083262637550737,0.8177156544495006,4.580677507711215
575,579999117410727283,0.9971219863766182,0.839294225911541,5.583496035251787,0.9911172075986335,0.8350030330166547,5.021202276892633,0.2905695145262831,0.6720527553061976,0.8983686800109331,0.9911172075986335,0.8350030330166547,5.726685284635913
576,6473204848599887427,0.5961491742537147,0.9352351088493361,2.19498120893854,0.6037378020174224,0.93888307422152,1.6883041511479389,0.7838174811359956,0.6220074925332152,0.5508254742378864,0.6037378020174224,0.93888307422152,2.1821229616417526
577,8425265558125713912,0.6880725187259885,0.9238349346256448,2.1606612190455903,0.6655585960356615,0.9041061174841014,1.7912250694838037,0.6652468605582234,0.5247998511824395,0.4210155637065903,0.6655585960356614,0.9041061174841014,2.1624263203249874
578,8809244084778880590,0.9834954900458465,0.8723758410173964,3.331039512628247,0.9871350600601084,0.8435868577417192,2.980014132510004,0.9997089207532676,0.6511842470261463,0.5275777701875392,0.9871350600601084,0.8435868577417192,3.3822575966733637
579,2553887293831923233,0.9999002318209771,0.9953787749969515,0.4155453772839145,0.9987467405661165,0.993896199149017,0.11314595041538997,0.45541221035973656,0.7281106340664408,0.3463058788850791,0.9987467405661165,0.993896199149017,0.4568977117778135
580,5524741125395207507,0.9480686093102029,0.9645802890951697,1.215734587956266,0.9030998671362938,0.9367894415654674,0.7941562666792108,0.3748603301179345,0.6369840665611051,0.5730702348903886,0.9030998671362938,0.9367894415654673,1.3297754336638967
581,14826478391826936392,0.9064449426788175,0.9390230234935646,1.8329453025744409,0.8509589256366019,0.9230680697117963,1.4579062716210929,0.13900394448571743,0.45305210240664484,0.4885548192646063,0.8509589256366019,0.9230680697117963,1.884101640929531
582,16109443856177034903,0.594951515165189,0.8215263400444115,5.52325062844503,0.32388202066276167,0.7132810306936548,4.975466953330306,0.978116873141016,0.5297074704515172,0.5777038064907095,0.32388202066276195,0.7132810306936549,5.374317627961683
583,818527533232789991,0.9947502374860581,0.8782385970914796,2.810364312752366,0.9996793870717245,0.8784615048475902,2.435434933086361,0.34934915390325094,0.5374343398981021,0.6028662949407836,0.9996793870717245,0.8784615048475902,2.9192911312166934
584,6397059928722977989,0.8610743773748901,0.8319879154784566,3.552982903195077,0.8881751516538745,0.8377486878422294,3.1304544259572586,0.4940563942634413,0.4189625368571033,0.5781024003364065,0.8881751516538743,0.8377486878422294,3.5853602520106294
585,2212540355780608412,0.8643791963993204,0.9314875932096894,2.0257008064193505,0.8876921246826471,0.9082938888038588,1.5732355825012792,0.327757919452001,0.4191603007636555,0.6081406945846001,0.8876921246826471,0.9082938888038588,2.113401674591449
586,4990304045902972673,0.9963478565384937,0.9229413855463932,2.760484911560411,0.9802454245671994,0.8878836163642412,2.301085074868721,0.24522382877246687,0.6319801045432297,0.5848509711474098,0.9802454245671994,0.8878836163642412,2.7951734627947227
587,14062238824194747084,0.905600350615577,0.9141388752743038,2.194183107314427,0.892471923137072,0.8944473571074527,1.7909107423963708,0.01047258024632654,0.7022005748091095,0.619217263226084,0.892471923137072,0.8944473571074526,2.330785381414838
588,5824408717442163553,0.9578270803414097,0.8649544808610308,3.896066675112911,0.937362707252054,0.8206243801774729,3.5480546838059155,0.18943529743579265,0.5215774187311182,0.550987714829734,0.937362707252054,0.8206243801774729,3.9345092018211534
589,9146871570299621804,0.9999988619435392,0.9514119504885797,1.327476014293083,0.9882550066525665,0.9125129707926034,1.0064883926026176,0.6675740170538537,0.697659064122588,0.4079759712589958,0.9882550066525665,0.9125129707926034,1.3827991674051412
590,14095914796974911864,0.7925669586566024,0.9387017467959087,1.9892027805801298,0.7678962226034342,0.9317127134772689,1.5300758735630582,0.3582039500595537,0.39794930089095265,0.624242030974657,0.7678962226034339,0.9317127134772689,2.0982454385462117
591,6342204345728019503,0.9587795096363457,0.8004712089548776,4.786112114776963,0.9132321919803374,0.7339634802478009,4.4763336925300665,0.9023189930206106,0.5269092541042386,0.4160493807486546,0.9132321919803377,0.733963480247801,4.698294556257603
592,9196580693597327962,0.9915892053377576,0.9597196516065238,1.3218281698174812,0.9447437397010306,0.9146073520564513,0.929604303003091,0.231230112513857,0.6408659100658869,0.4286132558782441,0.9447437397010306,0.9146073520564513,1.3255814342447427
593,8783034143839971727,0.9335856506615099,0.9598157199743829,1.6757315438266729,0.8552627508931514,0.963369180186519,1.3385177454757042,0.13496770636047853,0.44066544004529623,0.4745871060848141,0.8552627508931514,0.9633691801865188,1.740589862366686
594,17175499449147919287,0.8125294336794686,0.9716677571589432,1.1256168137209412,0.7835178441757664,0.9650019016162842,0.6430761845309937,0.05868569193309343,0.8436084263455171,0.577850114388847,0.7835178441757662,0.9650019016162842,1.2017502153440291
595,140460546768828449,0.9696557497487582,0.9697637728299286,1.3202413252506449,0.9655859072565517,0.9644508812236559,0.8429446366357971,0.7230823807437262,0.7724994903195269,0.6047073763459432,0.9655859072565517,0.9644508812236559,1.4250333097271004
596,13263718196573355284,0.9354646991238215,0.9809533639058238,0.7167045888836671,0.9460713347252184,0.9759428803320471,0.36022152456068773,0.7680182739766036,0.42410402500238314,0.39411882380353835,0.9460713347252184,0.9759428803320471,0.7452083519812331
597,17814009153607297971,0.9665766013029219,0.9050645824395075,2.2201867993287063,0.9695371587152029,0.8927320881815037,1.8359010003650256,0.00031937805583897054,0.6392357539179481,0.4857681371097803,0.9695371587152029,0.8927320881815036,2.2517145910325382
598,11982221968748410997,0.9714769491383906,0.9726344539094222,0.9186419744685898,0.9306485147096648,0.9607707203019177,0.5666287160844317,0.5605083595650218,0.522667258449952,0.41127545032858487,0.9306485147096648,0.9607707203019177,0.9496271824996777
599,14141670111076455147,0.7300060600047542,0.968566326633745,0.945066199551325,0.6428520763870895,0.9609850393079867,0.5772105514806631,0.6904846190293343,0.29631936112817875,0.40537647335940896,0.6428520763870893,0.9609850393079867,0.9774183568322583
600,16863833774561576968,0.9726398505347471,0.9741657268657581,0.9537594460150206,0.9726899797754175,0.9672636056007884,0.5676984955276253,0.9861037059625947,0.6337814318691651,0.46025177982444676,0.9726899797754175,0.9672636056007884,1.0082015601976575
601,3491501092205455381,0.6883295800818083,0.7736861733766107,5.996438229612491,0.5698175672925919,0.7010157610452972,5.65297631467472,0.9711169044601233,0.6673890922459252,0.5064923446150931,0.5698175672925919,0.7010157610452972,5.925342686889244
602,7174588795304265769,0.6809922366925609,0.962537825332403,1.1526204470832702,0.6357254076383848,0.9589224241509998,0.7776440387753333,0.7217682938136747,0.8079723637878992,0.4567449384425084,0.6357254076383849,0.9589224241509998,1.2090367975660485
603,844059915429164009,0.667777565666542,0.8313969093209329,4.89275068006672,0.4547680912069946,0.7428582571162436,4.404332435007089,0.004171962570763788,0.4077657915319488,0.6106700020603637,0.4547680912069946,0.7428582571162436,4.828878121039191
604,8101750890964246401,0.995141185891299,0.9786202585633317,0.7724650881096574,0.9792742446761239,0.9760720596562759,0.4546561180224849,0.9881166901524808,0.8687257275530215,0.33703874924712457,0.9792742446761239,0.9760720596562759,0.7905644529153806
605,3023919975931776655,0.9304098690976758,0.9437392837113958,1.9995566758634082,0.928324272099671,0.9196537250326675,1.6552909124934028,0.29266691459016647,0.4535339943619595,0.46723465815817705,0.928324272099671,0.9196537250326675,2.0452325789314525
606,6592527489832008785,0.9891682297930766,0.9179221679123442,2.4818371551871787,0.9976273349655802,0.8852469282388221,2.0294808543973293,0.8471217846405693,0.6663548871893478,0.5410758922289405,0.9976273349655802,0.8852469282388221,2.4953222879183867
607,18296773425254985711,0.969514848134433,0.9866343564536825,0.6582139994743869,0.9160103939471705,0.9730452580339776,0.32640284136143444,0.12682628190524572,0.4798447217266812,0.379240798294546,0.9160103939471705,0.9730452580339776,0.7006788251737538
608,15619855404932184472,0.9570240539018968,0.8469960990720128,4.488166288012605,0.992499359629552,0.8620847873822098,4.0820515904539025,0.028692999219991622,0.5243035581860542,0.7658611327598683,0.992499359629552,0.8620847873822098,4.651132119687322
609,11515965946319249906,0.794404119128476,0.9186772329995401,2.146716808274387,0.6738833895996669,0.872570494071187,1.8060342342232083,0.8257270371648897,0.5021504999225848,0.4415237704957228,0.6738833895996671,0.8725704940711871,2.166902973250372
610,9527869300128404414,0.9999978384727645,0.8897769879474493,2.40789759203209,0.9934051865109743,0.8273970425475776,2.0549344396720852,0.9756590580311283,0.5907617295252927,0.39852606022041437,0.9934051865109743,0.8273970425475776,2.3788470207426458
611,14162734194049041261,0.9161052884461279,0.8413440111050154,4.090526423893602,0.9596440880246642,0.8633569134413851,3.6792822018090057,0.3468125405960248,0.6939990243310521,0.7062134749727047,0.9596440880246642,0.8633569134413851,4.213282456723219
612,16401635738360885033,0.9578830719469315,0.9703922956726233,0.9914008639320018,0.9603754965290708,0.9673104182573471,0.6207638432484944,0.3799000497378473,0.5305030518946826,0.429665493572982,0.9603754965290706,0.9673104182573471,1.0426869355264894
613,15633217671947097814,0.9838253495799657,0.8507193986243651,5.048819087946985,0.9863243427785501,0.7957539329681509,4.634478781950004,0.12507820257949648,0.39889429955122974,0.6466592625408133,0.9863243427785501,0.7957539329681509,5.080750485652151
614,9364546286017074846,0.9936347221473354,0.9586475715765151,1.4760242601254914,0.9984074456044231,0.95271578214991,1.0241962575820565,0.10176999102606528,0.5017828225567603,0.6116469820437023,0.9984074456044231,0.9527157821499102,1.5881774091878111
615,1325151521873013335,0.9152425003320055,0.9159922617828314,2.6208262988467923,0.8668783459623866,0.8777861544886009,2.2458778040551146,0.7495974017542981,0.5488041177790166,0.4768302360411592,0.8668783459623866,0.8777861544886008,2.64475421307081
616,18023014324598562399,0.36910584741919894,0.9208981064464455,2.5986452084375737,0.38475723428656317,0.9257412081927597,1.9302099265407573,0.008041718724073886,0.4182831218306962,0.8273672718809452,0.3847572342865627,0.9257412081927596,2.6918814102847315
617,17198297652376148652,0.5635624300005356,0.8953046336186543,3.5824464216211735,0.4504577396770157,0.8683597420344676,3.0777655961713166,0.28938903020788237,0.5859992107820382,0.603263549616933,0.4504577396770157,0.8683597420344676,3.56829715319727
618,4161725183487227667,0.8558387730637925,0.866638480570408,3.726007248476818,0.8413284033308286,0.841212465582262,3.347605500210998,0.04796607143989739,0.6021638252948944,0.41352035831713085,0.8413284033308286,0.841212465582262,3.652010311261103
619,16540870033721415013,0.9985003699024422,0.8887572883337594,3.5166261752385597,0.9993832806335207,0.8539374701666685,3.1168641124274954,0.8414908086022667,0.6703104189005541,0.5551881933991929,0.9993832806335207,0.8539374701666684,3.5625348103212526
620,13632762582393126259,0.9986010613028796,0.9225296908846613,2.8985658995777475,0.9999629802131499,0.905813225560334,2.4737024845683955,0.913051656944728,0.6178470522430389,0.6324883155189517,0.9999629802131499,0.905813225560334,2.981122421501207
621,13943338418667820683,0.9520510982696989,0.9562566639927396,1.2338688435848422,0.8717290646242691,0.9266606517575894,0.8268425288019199,0.03470480249083263,0.692051593546191,0.4920541728725506,0.8717290646242691,0.9266606517575894,1.2828874777106811
622,17105339022237807189,0.8449524691823553,0.8636737512413262,4.07771906031726,0.7498047310740865,0.8107839847705639,3.710803540896781,0.9980334264070466,0.4895126306981804,0.4871247078461804,0.7498047310740867,0.8107839847705639,4.0456948608627545
623,17506790911897401486,0.7752029805798217,0.8703425337121992,4.157197442581173,0.8863120850321878,0.8959785405025315,3.6479652998074594,0.39915663239293353,0.5423932490351902,1.0976510216546334,0.8863120850321878,0.8959785405025315,4.523537505179103
624,15045852088813052635,0.9994263686451429,0.9578110198767915,1.5004793167431567,0.9899764831116574,0.9542985676221528,1.164446155471601,0.4512910318131849,0.6828407138928886,0.5035121232400689,0.9899764831116574,0.9542985676221528,1.6027243652055745
625,13802206036621823271,0.9997068442750096,0.933207262621455,1.9425279882661883,0.998786436477208,0.9292936318978938,1.5321555693664346,0.9832554745616756,0.8413424882630681,0.4614149947895978,0.998786436477208,0.9292936318978938,1.9545977581840297
626,8165575348203093617,0.9472256894407868,0.7765290267264878,5.874114479986618,0.9166022296950378,0.7516979445897396,5.472101900177268,0.2499326819400632,0.5363050821429279,0.7426316467911058,0.9166022296950378,0.7516979445897396,5.956443677312378
627,9992766012332963053,0.9539142438143391,0.9312371814243111,1.9241610374345144,0.8753147037703862,0.8738016317313535,1.598552609212434,0.8948496796222396,0.4961500365869643,0.3641240168794589,0.8753147037703862,0.8738016317313534,1.909099367253088
628,10037987945725651630,0.789656954691068,0.9349491092950888,1.7465338977658056,0.7399959000930152,0.9263454521636927,1.3948427662839615,0.5966359207583394,0.7110767618075297,0.3664773407057078,0.7399959000930152,0.9263454521636928,1.725922419364827
629,6672200337500447966,0.9859420650780081,0.9345347890399602,1.9851930202346917,0.9985310951893605,0.9296144010400832,1.4794324910954137,0.9503285532004554,0.4763677965642065,0.6115686267179374,0.9985310951893605,0.9296144010400832,2.050778116772469
630,15962931625490243983,0.8125868975621715,0.7560909868000543,5.726209680162595,0.6957191571984334,0.6713862190857388,5.347175712544471,0.13054537364438157,0.5664014006854494,0.4587119398790491,0.6957191571984331,0.6713862190857387,5.609160755692271
631,14292526546492271140,0.7062116132577272,0.9685581799187962,1.2550900793343835,0.6215456119425398,0.9570275658745132,0.8925223636245522,0.6375791522624411,0.7173333313968598,0.37837073081653716,0.6215456119425399,0.9570275658745132,1.2425512944598653
632,15754005849540548705,0.9794360330861173,0.7750286426756932,7.43040279687199,0.9303575527390194,0.6718622614763811,7.036545630426347,0.15764689748413663,0.5034853241714827,0.6322699824134063,0.9303575527390197,0.6718622614763811,7.368016201357914
633,15647271236146037411,0.9634352254699547,0.9016525892618066,2.348555054845962,0.9824071970123467,0.8880177319397407,1.9817651886028504,0.8291715390391021,0.5714244589342663,0.5626982242743508,0.9824071970123467,0.8880177319397407,2.4389202780864463
634,2929430524821066227,0.9175406679486328,0.9665619798628331,1.2325760752837391,0.8840985260246902,0.9550505379002343,0.738205994817606,0.9724262978341919,0.4780288533954324,0.5548044265673946,0.8840985260246902,0.9550505379002343,1.2713437107299217
635,7154057942980713688,0.9903263790050658,0.9287017290265728,2.0641326714661843,0.9819947477492592,0.9075587390803953,1.6108490018700385,0.8983767994293418,0.4929560635232876,0.6331278365984522,0.9819947477492592,0.9075587390803953,2.161017873246591
636,8575348291844703663,0.9182851891899991,0.9798185282222328,0.8911956426296,0.9293875829014132,0.973511892656451,0.46690834177937907,0.1870607841657878,0.7350482300740978,0.46256191223663723,0.9293875829014134,0.973511892656451,0.9303314101562333
637,1099949952846313172,0.48798195427415714,0.6671473239862672,8.657468625139149,0.301970576013638,0.570932590858874,8.217686087989021,0.8947906476797788,0.6061900690182985,0.6465703516379657,0.301970576013638,0.570932590858874,8.516333546705754
638,16958359536025569211,0.8737371269099934,0.8452398778452693,3.954974801668347,0.7453100803591329,0.7646540526406369,3.6003529756590553,0.0726474769194689,0.5580985020502349,0.4720086294956518,0.7453100803591327,0.7646540526406368,3.9184004945448305
639,15987733517370697080,0.997176279709035,0.815553170699139,5.823139204934368,0.9999737151275833,0.7522038829052649,5.338870945012629,0.6478383092240477,0.6432231121523,0.705873750895054,0.9999737151275833,0.7522038829052649,5.827882319221725
640,9432253482144170998,0.9974442202578706,0.9155906740569343,1.6757311438777733,0.9988705344668792,0.9171181622290354,1.2880043498233624,1.690871185433192e-05,0.4335798535818395,0.5173015740343189,0.9988705344668792,0.9171181622290354,1.7614480336835965
641,1756678805211141607,0.995505565723637,0.9531242930924189,1.4824869896631832,0.8415292542080889,0.9057322421275368,1.0367811397255287,0.5610142802355483,0.43495260311634654,0.6209877754950986,0.8415292542080887,0.9057322421275367,1.5999256617724429
642,18446237862235138414,0.978989244921172,0.967020238764808,1.2008155626764903,0.9921932996697705,0.957676683266516,0.7928405315027607,0.05972028370155441,0.4272991183478405,0.5219398733808348,0.9921932996697705,0.957676683266516,1.291933210105511
643,11635623879067535676,0.9988376852580678,0.7097275857264417,6.816442495345913,0.9388975824780563,0.5264091158086471,6.261000635358372,0.1935701254129688,0.4624872114524746,0.5739940442955519,0.9388975824780565,0.5264091158086472,6.598121524497478
644,8454143270650749450,0.9200214404558534,0.9699635030157929,0.8912901451458681,0.9432824093691939,0.9536759015082446,0.5518621199323406,0.17819560859199607,0.4080612906088842,0.3457654072850479,0.9432824093691939,0.9536759015082446,0.8837735902951437
645,9196246620489767385,0.8756616376819348,0.9397178112933452,1.7054267862707497,0.8622874635182883,0.929347027456353,1.3222259282176283,0.21308881012152167,0.6191480861159351,0.4661772295786597,0.8622874635182881,0.929347027456353,1.7362570152316965
646,9108763375793987982,0.7915856102858572,0.8438015143288978,3.743129509070996,0.6272174077720467,0.7358601450231544,3.2604891626508046,0.4717391234924378,0.506373840688647,0.6097957285861589,0.6272174077720467,0.7358601450231544,3.735309046233961
647,2398543283194598751,0.954076439353909,0.8366427284450875,4.581183803630246,0.9263726228424549,0.7878553070810106,4.093497009470886,0.2406926215712224,0.4443989517578448,0.7593046891568771,0.9263726228424549,0.7878553070810106,4.652112437860332
648,9751884328612092921,0.9988856377872272,0.9849996329166918,0.9048926923256471,0.9751213132714663,0.9802258349852974,0.4175390273284425,0.013757570490603294,0.5688596138591958,0.6187094973599255,0.9751213132714663,0.9802258349852974,1.0394194266001262
649,17951664731553983608,0.9996837705821553,0.8408161636882038,4.452832395367523,0.9904185378985977,0.828220465294096,4.0310184313340605,0.11778500599994222,0.6078944806904455,0.7841589870307906,0.9904185378985977,0.828220465294096,4.615782966133898
650,11935097967902240221,0.8916119656970116,0.9606511247032418,1.096636170945248,0.8726064510093535,0.9509535852199401,0.7633682059149967,0.4325908031243979,0.4867917417654984,0.403514095366346,0.8726064510093535,0.9509535852199402,1.1355570175609198
651,5179330727055090370,0.7215499720491059,0.8939471051888027,3.1580688012482034,0.5562450720326007,0.7992151123048895,2.705491342236794,0.9186099131082874,0.6301977930872027,0.5486593954053808,0.5562450720326009,0.7992151123048895,3.1282202789270896
652,197636462933447877,0.5659555436107105,0.8868756244905549,3.9379275388068473,0.45559291820680226,0.8551118403983682,3.344112460531322,0.04452423483210958,0.6001029851167711,0.8697704968403478,0.4555929182068024,0.8551118403983684,4.062187096513398
653,2509364917824458192,0.7895838255434122,0.9638686069777963,1.3012664729684449,0.7253660498614531,0.9475458504807506,0.8841787701616416,0.30211167832196567,0.6196806074165697,0.5481469595248719,0.7253660498614534,0.9475458504807506,1.39114880347246
654,11093521830610696440,0.9659869230887257,0.9345733409302712,1.804651804576724,0.918304174201539,0.9006864183810124,1.4066467196787291,0.8371583897654332,0.7404569776919712,0.4353873879514598,0.918304174201539,0.9006864183810124,1.7855260894795348
655,18075715959642221018,0.7421910479639002,0.9171322126550819,2.903837060743014,0.7043466796137187,0.9047744195849172,2.3919857934349986,0.4326985996807579,0.4463926392280656,0.7066014371177936,0.7043466796137188,0.9047744195849174,2.996076969571543
656,1592594051541035301,0.9831888726018477,0.8961242555693583,2.701268077941753,0.9924690315875204,0.8626808166935618,2.2687274147641325,0.1363109899228059,0.6070908165889046,0.4492998933642553,0.9924690315875204,0.8626808166935618,2.6478037131251004
657,7315278688498438444,0.9865728664389345,0.9628029876730885,1.1696459203319813,0.980371614542253,0.9506647943784706,0.7424262287493896,0.856513101343897,0.6830002238323445,0.5100865387618241,0.980371614542253,0.9506647943784706,1.221684481976182
658,15720276772588105520,0.979960058834581,0.8303964843922519,3.8723131339171113,0.9737972180640577,0.7719854070277518,3.5596902573015448,6.581356744666796e-05,0.4278451663599489,0.4357625809346117,0.9737972180640577,0.771985407027752,3.831782946952688
659,1847781770549428555,0.8185761985837307,0.9522624860042757,1.2511972928341115,0.7758078049383471,0.9315703137016834,0.9577008324846061,0.2786666350253445,0.4991350215004039,0.295321790933646,0.7758078049383471,0.9315703137016834,1.2200315581469932
660,9567309991373095000,0.9997889968645253,0.9000799713247408,2.7444494553620262,0.999929163885281,0.8812810098945973,2.287691822284642,0.28256544267168526,0.5631517884598058,0.5230219629860543,0.999929163885281,0.8812810098945973,2.7358907391799927
661,17364243041522285171,0.9070158265011264,0.9266326761468652,2.0104076937819295,0.7895576781071231,0.8910182256786269,1.7020823101764118,0.3438219370927782,0.6205847042011986,0.41228825134633895,0.7895576781071231,0.8910182256786269,2.034690039532576
662,6989895597137660525,0.9857141696417792,0.9184903499518244,2.1320832614830154,0.9976612761348217,0.9273551792074303,1.6976060036342648,0.1606438430865622,0.4999938581435592,0.6742046717171424,0.9976612761348217,0.9273551792074303,2.2875710223768113
663,12567872375702236785,0.9392743380720412,0.9255591459846616,2.315349719430277,0.9704976591769894,0.9297376564483419,1.8961321194392535,0.0154121241042894,0.5412872934904617,0.6314778305610176,0.9704976591769894,0.9297376564483419,2.441899195468103
664,2327468090871017678,0.37812542187299325,0.5064030420180659,16.846229915462175,0.2930773584384019,0.4333658656080226,16.34466422169624,0.8596371818484216,0.511615311558243,1.3371357384505804,0.2930773584384021,0.4333658656080226,16.890741876440636
665,6445237050818698828,0.8200890794444035,0.816945117202778,4.501112196943139,0.7968491065464426,0.766493918104586,4.09577686629475,0.3407484430451587,0.5065958900510102,0.7242440830468093,0.7968491065464426,0.766493918104586,4.623421037444929
666,8232720365742927674,0.7417285225931605,0.8582239835407315,3.84521112925909,0.802592322792522,0.8588119083145389,3.3731587552046904,0.1760031311863522,0.5725204743685036,0.899543863116484,0.802592322792522,0.858811908314539,4.082508932852165
667,17621689147510930602,0.9928373078072449,0.9672050104412594,1.3474275767927153,0.93392501262952,0.9093460322090219,0.9084994847226081,0.4155557482858513,0.6593099181326681,0.48513442905168747,0.93392501262952,0.9093460322090219,1.3690772661064394
668,5213728269712150330,0.9978405805162387,0.9189219034793571,2.1375024247680514,0.9959206022625537,0.9108411456436236,1.7454388448358462,0.7725192547295717,0.5126154430412162,0.5224889299912615,0.995920602262554,0.9108411456436235,2.20667698937114
669,3615132071756985093,0.4696121363498873,0.8908670201723935,3.2736795907784977,0.2903634692695729,0.8485001343989481,2.713624806203469,0.014491019440673738,0.464209280816525,0.6895281168047501,0.2903634692695729,0.8485001343989481,3.290818904664145
670,15103326146892276978,0.8124001579279778,0.8631378223093533,3.5344498732099976,0.7371494404396595,0.8044521910284916,3.144792495203183,0.21525692585512832,0.44433682371889593,0.4921061441143026,0.7371494404396595,0.8044521910284916,3.4965370096471915
671,999440960556986403,0.6356882837575629,0.8871481998114155,2.5760866862706218,0.5894417696498719,0.8766096042593682,2.215689695292142,0.659579654117091,0.6250415766674763,0.47707727640511927,0.5894417696498719,0.8766096042593682,2.608402048867296
672,12149592641086997911,0.9999514614319367,0.9931686984211898,0.4801966111456009,0.9769962278250778,0.9930552423880649,0.12031101331133509,0.9667247525646958,0.936732251841983,0.4639628158106115,0.9769962278250778,0.9930552423880649,0.5774940320890489
673,17858003304385249750,0.9566477749546364,0.9035488812451516,2.1354913363440917,0.9168568168825412,0.887020912271361,1.672696140508978,0.9228842961150281,0.5381520281267363,0.487062239544223,0.9168568168825412,0.887020912271361,2.121671454217852
674,14097493120864547790,0.9966296878919151,0.9251728791058439,2.77775681937774,0.9830370985193743,0.8788873862354378,2.3200856220071486,0.9988571167848368,0.607313972210021,0.6390381100698156,0.9830370985193743,0.8788873862354378,2.853768059321162
675,9049911381091955634,0.9916138081018148,0.9818596984737614,0.8633428553664388,0.9690468871550961,0.9711257732946501,0.4609951190610854,0.996278797567075,0.5360233260300582,0.5160713424621541,0.9690468871550959,0.9711257732946501,0.9564128533288523
676,11742161236609294458,0.9996480366759931,0.9728396905551993,1.0269791731787121,0.9932448110858135,0.9510350678444283,0.5832829120683891,0.8843041263349732,0.5770336779769845,0.6026703332495521,0.9932448110858135,0.9510350678444283,1.1474322717213028
677,5233698416456002235,0.4841146690698113,0.6224556066876409,10.365669348589227,0.3792321492247513,0.575774164792392,9.866941657018995,0.4888445747663619,0.5110332725410847,1.0143714600722682,0.379232149224751,0.575774164792392,10.438960937614358
678,7565663145769152222,0.9055278858387971,0.9854364182851062,0.771980351065756,0.7264039638791875,0.9589536961628143,0.29704102859021286,8.341675333413969e-06,0.671163651102958,0.5605431748997046,0.7264039638791875,0.9589536961628143,0.8544649310998794
679,15209771511696163970,0.9489615020416795,0.9682460604300551,0.9272405213608715,0.9633037674538169,0.9605537877510432,0.5654733677896574,0.18078749988337378,0.43237911029271375,0.41650726059790427,0.9633037674538169,0.9605537877510432,0.9689842871726693
680,6101542965939337452,0.9966908482450272,0.9532934698324614,1.561428993428736,0.9874096229687364,0.9419879483867728,1.1698748609050742,0.7189580416505394,0.6099941491198794,0.5201266814111111,0.9874096229687364,0.9419879483867728,1.6304050958939453
681,9350875102165424224,0.938219591739571,0.8888971092240031,2.7630953479293963,0.9042383984680802,0.8505025297463671,2.401156290059209,0.983278304391951,0.35367880733003326,0.5013797572791011,0.9042383984680802,0.8505025297463671,2.7997718729576895
682,17423796243889299620,0.9520827639402117,0.9705307571244324,1.0516649762359647,0.8705118428634039,0.9299227515511024,0.5626902009956706,0.9225976030328704,0.629483061100803,0.6354564173807069,0.8705118428634039,0.9299227515511025,1.176816593086883
683,3984218262790834891,0.8080636447375674,0.8091237649238935,5.809952226145092,0.7306905972779655,0.7450156730071662,5.343512138124225,0.13136546134276839,0.5672576463975277,0.7162812300834981,0.7306905972779653,0.7450156730071659,5.812490290755291
684,13224559278917677069,0.9257533382586327,0.8904935148982328,3.3680172973758222,0.8937580921813079,0.854594748592982,2.9805011201028675,0.12649050426634442,0.5209610937871301,0.5427856013175618,0.8937580921813079,0.8545947485929821,3.4010820304783227
685,12390441546041482244,0.7496483663916457,0.8444894975880062,4.179712297393255,0.5656121643160517,0.7246973273897289,3.7128003250661172,0.27347897190742626,0.6410156731290608,0.5461763934027641,0.5656121643160518,0.7246973273897289,4.0980931159231115
686,17400847672839486233,0.9995612496684518,0.929368383748539,2.2538737046931048,0.9969668960295202,0.9247159307240534,1.8084931080758488,0.41347769721915506,0.5296074160754798,0.6023667933186477,0.9969668960295202,0.9247159307240537,2.3539994941149196
687,16312586537875647846,0.5459924635211857,0.8193243913081562,5.229840363145799,0.4830689515640131,0.7902201590269448,4.77788700139101,0.6129284865332717,0.5722638252183027,0.7560803483220476,0.48306895156401275,0.7902201590269446,5.303249551003254
688,10716404126047257749,0.997979335491916,0.9898762002669017,0.547092272665408,0.9963349507381865,0.9895694534538808,0.20370024456311003,0.2146471937416313,0.5468661853776724,0.41405740473119246,0.9963349507381862,0.9895694534538808,0.6126530605206105
689,5827742497790134555,0.7592900943905516,0.903402503430427,2.6942367988623728,0.8340409221533078,0.908673060899055,2.1538023803713244,0.41185577636245196,0.7291362548941512,0.8412476719543851,0.8340409221533078,0.908673060899055,2.893565312606086
690,16611488757166747261,0.6666227400736939,0.8299679655763585,4.204174175805856,0.4295693925430525,0.7191422748782261,3.682984482738112,0.2163235877723953,0.5633061985636706,0.55643000418018,0.4295693925430525,0.7191422748782261,4.09738426459589
691,12509925317095491002,0.9379086749663494,0.9802876823001638,0.7422886999934762,0.9419332014899671,0.9712629613569794,0.40615429908271206,0.7747322025601228,0.8663673877234904,0.40682809596013786,0.9419332014899671,0.9712629613569794,0.8072037699078372
692,4083738655283354487,0.9999957897804727,0.9046598564598152,2.893057008796418,0.9866268053596757,0.8754401021380512,2.448928960115171,0.15035559419939712,0.5072009700291668,0.7067205550151814,0.9866268053596757,0.8754401021380512,3.0721981162428924
693,16172967445933685398,0.8512848197770214,0.9875978540918511,0.596624118760976,0.8978231300586156,0.9891169994327562,0.22575299056752848,0.9960329179056305,0.7994152323358229,0.43672893775960236,0.8978231300586156,0.9891169994327562,0.6653555529250971
694,4868963953350665748,0.9001375263829601,0.9755696262429758,0.7757281186196815,0.8217575360793372,0.9645405298139311,0.43882517503085766,0.03878357054287941,0.8056280587201772,0.3811369221590193,0.8217575360793372,0.9645405298139311,0.8090098956360631
695,16986835716550933912,0.8360920947866796,0.8692629006017617,2.968828853723546,0.7682329173156061,0.8428338792327958,2.5392484991393034,0.38816047092840206,0.532273802993992,0.463857232211618,0.7682329173156063,0.8428338792327958,2.908707464142464
696,1008127712124199261,0.994421690542731,0.9938467359850941,0.6001066825120506,0.960701206495263,0.9873176144595239,0.11167394461655501,0.9035512209549844,0.9598031931725847,0.5555606702890471,0.960701206495263,0.9873176144595239,0.6696764999312791
697,5082344239343974233,0.9969938745549852,0.9538386638181995,1.2082817102941672,0.9568116426337892,0.9107118175695845,0.8185519541853886,0.4039347072101345,0.7055045309394925,0.43680159817325104,0.9568116426337894,0.9107118175695847,1.2346739924340229
698,13650701977615946109,0.8522853490880455,0.8658745848550496,3.7281164245631975,0.8243144695130485,0.8311360937017532,3.316153794899534,0.9014787824301941,0.32007712827160184,0.41900694316748144,0.8243144695130487,0.8311360937017532,3.6398696759834324
699,7387676460342031720,0.8147150759742503,0.8782065035985781,2.9232484239169927,0.6561774912819931,0.8249664625910692,2.4897229972019637,0.9471415506663949,0.25987708745538696,0.454129663676744,0.6561774912819929,0.8249664625910692,2.8506768889494647
700,8206038685545357477,0.9411107306094854,0.8427033166678137,3.71957969132238,0.8911698680094843,0.8008044104999317,3.234162571039877,0.514037495660454,0.43559184773116544,0.8535979166282366,0.8911698680094843,0.8008044104999318,3.9173048990581227
701,18272593267851344315,0.9996756458804535,0.956752838859129,1.9552138675122253,0.9998041476159486,0.9375368285003987,1.563618761799341,0.025020526094101502,0.5511655872781449,0.5281218342261172,0.9998041476159486,0.9375368285003988,2.019344554600795
702,15557367446302880623,0.9207287939624109,0.9826336020064211,0.7264922949104413,0.9399978528742935,0.9840378615909261,0.2762810495588217,0.07697759858145775,0.7932852244408374,0.5347131980403986,0.9399978528742935,0.9840378615909261,0.7994379600739843
703,17859610127986240219,0.7523160049230233,0.8098397323357955,4.501265087687697,0.6619191118138913,0.7479907357893787,3.979839304971681,0.8261605315528583,0.5168538968162043,0.7048884757017086,0.6619191118138918,0.7479907357893791,4.52196924575954
704,13968359947900072244,0.9142045475519581,0.7856273891009066,6.154918304002092,0.8694024893739293,0.7373667978610924,5.62753073386405,0.012533706473919413,0.5333501779479138,0.855204750413224,0.8694024893739293,0.7373667978610925,6.2192441271993335
705,4374362134486771123,0.9896636987681411,0.933948172908222,2.0695810458702097,0.9211601619430775,0.8707044187599356,1.5453727807687794,0.6701415191027341,0.48480616067302135,0.5754025297288169,0.9211601619430775,0.8707044187599356,2.054810880879208
706,14696221024024116900,0.7521508724614515,0.9684400497474932,1.0213955843149827,0.8621972415611704,0.9680808143440595,0.5403657913751138,0.9993620254292792,0.34702509851063057,0.5610989845992629,0.8621972415611704,0.9680808143440595,1.0998640041733987
707,14032539487685137002,0.7300630268381074,0.8888550893234924,2.505725734603037,0.6018538976743856,0.8505695932002788,2.107572847352974,0.7987438114651071,0.5115068155105323,0.473813207004874,0.6018538976743858,0.8505695932002789,2.508356388088617
708,6048508782195563370,0.8497939772478836,0.9644473484768343,1.1187521576166324,0.9221651570315493,0.9643716392721656,0.6957234071151084,0.021047075850659742,0.8512477603218358,0.496384055806498,0.9221651570315493,0.9643716392721656,1.1760678629680552
709,1925955861025418479,0.9946767302042936,0.969390316135218,1.4044617408256772,0.9953913822134554,0.9212607655668503,1.0268086644280854,0.30945782677411887,0.4535613278387097,0.420587551011917,0.9953913822134554,0.9212607655668503,1.4175627046366668
710,5283233715579912483,0.7776654852040354,0.8855321479579897,2.1864942838519257,0.7919035723695438,0.8893811082760377,1.8406555772277347,0.09102654288488403,0.685722759874585,0.48464473722224855,0.7919035723695438,0.8893811082760377,2.2441310229893783
711,13682840594815355878,0.674082888965502,0.9356362547872481,1.7991613928969914,0.5305745881390656,0.9060900673938527,1.3572309920585746,0.9370970369882577,0.5666700841154889,0.49145573722606967,0.5305745881390656,0.9060900673938527,1.8068907908230243
712,13323025480987452010,0.9728488377391306,0.9244284544662743,1.9997881237076809,0.9781474607966125,0.9035753449283322,1.6598195771907902,0.5384663386679268,0.7180883317483493,0.38358285073839027,0.9781474607966125,0.9035753449283322,1.9874576037715335
713,15307096777434946075,0.8241428660883408,0.89618478442565,2.8888571454082097,0.6648365586530284,0.8408302348823539,2.5162905033628515,0.7495652630060803,0.688532317300465,0.39278548129881524,0.6648365586530284,0.8408302348823539,2.8059630702610665
714,2394898579393485575,0.8102602323422965,0.8684529813383758,3.937681156832557,0.8242441173570925,0.8802495246430705,3.4609507153749766,0.019638195483473786,0.5292260739189679,0.7776959721472321,0.8242441173570924,0.8802495246430705,4.078119716358019
715,16762176323316980859,0.9821466443038465,0.9130337483052132,2.4033550704005933,0.9566631573309003,0.8807140372808144,2.038157780977503,0.934960421348124,0.5204205898840996,0.4809967943902999,0.9566631573309003,0.8807140372808144,2.44053470302992
716,8010438330253297721,0.9648840001377217,0.9810343511156338,0.925065094942017,0.9592028068929211,0.9787389207488206,0.5568887575640215,0.15648360973432016,0.5432900834892346,0.4791304988431847,0.9592028068929211,0.9787389207488206,1.0324700544451326
717,12945329316823245548,0.9569727752041081,0.9029290530477551,2.606511052096238,0.959157920981688,0.8859917924115893,2.1852725417307455,0.9957687794296877,0.5421496728356686,0.5619474775184506,0.9591579209816877,0.8859917924115892,2.679521848956748
718,16381465710185385247,0.9967848814896716,0.9480594327863401,1.4951148528516098,0.9978215024549478,0.8951412660016628,1.0975250627416009,0.3041155150789586,0.5187378045478983,0.4253554812573423,0.9978215024549478,0.8951412660016628,1.4867807050154553
719,12393920362340022604,0.2780805812010917,0.8581488183517268,5.090150535277495,0.1397879671788791,0.8307380285947722,4.51222039948331,0.9272881430333422,0.8447383879529812,0.719947561615569,0.1397879671788791,0.8307380285947722,5.071744300875282
720,11519884274165302740,0.8913819965305299,0.9864848582742319,0.6837998340008972,0.8091134193321714,0.9781008274708963,0.2785890820306828,0.0013337795774234881,0.7206301489262745,0.4623857014728034,0.8091134193321716,0.9781008274708963,0.7229773047159495
721,5194151582828740497,0.9630486090970167,0.7843292518663676,6.262768636098776,0.9323018621897006,0.7219908037607022,5.923488689672251,0.23808062581635409,0.5720990658911924,0.5964463783643499,0.9323018621897006,0.7219908037607023,6.254081301230079
722,15550307121747118388,0.9501238194436227,0.847455421932421,4.7897712983484135,0.9010740974328031,0.8009310876417437,4.417019974021621,0.6180663741200587,0.5663998266586615,0.5397547072802594,0.9010740974328031,0.8009310876417437,4.780874041128135
723,12906388039760045221,0.9996531583236843,0.8707424182560399,3.7496389525974023,0.9974293929132013,0.8257724718776361,3.3570609859961253,0.4015597829829353,0.6058027021970918,0.6697018320238799,0.9974293929132013,0.8257724718776361,3.842308938270162
724,17019348239935132841,0.9132279204767128,0.956795623005018,1.3066979411403274,0.8358440140361149,0.9273029167457094,0.9216798912245225,0.9790037483628967,0.5360131481297579,0.43806051617236685,0.8358440140361151,0.9273029167457095,1.3341584017545405
725,11745474505257647875,0.8242138482229495,0.9037662734885691,2.6839724113580985,0.7123446407817315,0.8758153662288374,2.2504167213808715,0.9576572542587538,0.5408601199204599,0.49880285609799774,0.7123446407817313,0.8758153662288373,2.6725815825126493
726,3959252560807296160,0.863272891497642,0.8258188819226358,5.191581042652979,0.7857846485890515,0.776441027725768,4.690323744952696,0.3772404451510719,0.5117621466083851,0.7367787129135384,0.7857846485890515,0.776441027725768,5.223057306324256
727,991518393219000866,0.5432870069470027,0.898136508505284,3.1116312797578476,0.4313023221409058,0.8690714732270227,2.600689133679902,0.1467099183214468,0.5830883303275989,0.5680879687481197,0.4313023221409058,0.8690714732270227,3.0828576456232994
728,15993631561743959386,0.9990804593163818,0.957413471684691,1.1019794207394036,0.9997958320147302,0.9395072633124925,0.6001078459685862,0.814949904075467,0.6037376480433924,0.5914045428503303,0.9997958320147302,0.9395072633124926,1.1716116441890199
729,9912025011323849240,0.9901886791506247,0.9603286165707691,1.1964147924634974,0.9963511107560984,0.9444866219631276,0.8881910299901131,0.6501359070315836,0.5396823110490991,0.33820241216734825,0.9963511107560984,0.9444866219631276,1.2004091602406748
730,10438180686266287117,0.4351638309304616,0.40655060844621477,21.688667711703374,0.3358782280908513,0.31628844303172365,21.139585759151608,0.9946462732878663,0.5144453206253906,1.6479980078803846,0.33587822809085105,0.31628844303172354,21.78445446096097
731,8557127844238309081,0.9944845074408452,0.951865974603686,1.2891382527713577,0.9992714923711122,0.9466145750105021,0.8193951134083926,0.9818102540949457,0.7342131753319502,0.651308070452,0.9992714923711122,0.9466145750105021,1.4331999942643419
732,4065603658864991562,0.9987658325956923,0.9904578804777684,0.5196411302035815,0.9998178308299714,0.9879011366467346,0.24219549017940725,0.8587819189105885,0.8819806176265156,0.3155072841829743,0.9998178308299714,0.9879011366467346,0.5521362108514161
733,15261136464712781397,0.9698519406650421,0.9695839805920169,1.011503189269757,0.9623235376536605,0.961590748441255,0.6977747076543006,0.0034769530661932484,0.2714817856263617,0.47007554600046864,0.9623235376536603,0.961590748441255,1.131902495232091
734,2081221316178006057,0.949520638067917,0.9138708345962887,1.9831726789605808,0.8452596357617465,0.8358656159153083,1.6726166746410878,0.7559723589942294,0.3690111436024333,0.31186998770392754,0.8452596357617466,0.8358656159153083,1.9355240062429078
735,1506223942236565957,0.9990643566992867,0.9658500636892938,1.0424859656857626,0.9974926998168894,0.9624773307688782,0.6921445243462053,0.19795542828691035,0.5705200617467036,0.4295632557606612,0.9974926998168894,0.9624773307688782,1.101732110374444
736,8613222857171216947,0.7450877426711969,0.9101972849199155,2.7382164814432315,0.6379283816163399,0.8877872279434145,2.2387622464535553,0.0699961347330979,0.5376413015123508,0.6769442819590732,0.63792838161634,0.8877872279434146,2.8223024120407127
737,10510760446711888556,0.923498470008379,0.9808388729298602,0.6853193981576057,0.8667132514103644,0.9734647438406336,0.3378559919391209,0.0323381512577469,0.5444509486628022,0.3978194521315688,0.8667132514103644,0.9734647438406336,0.7256248894420636
738,3874124882051473040,0.883399144502674,0.938353687851004,1.8221641037303542,0.8315148506982034,0.9193009311746276,1.4540801084257104,0.9984054232051812,0.7278673702131567,0.4046944586516768,0.8315148506982034,0.9193009311746276,1.8118685457715131
739,10530979767659094849,0.9854765687183729,0.9857199474041345,0.7457372052490626,0.9943674937291569,0.9850918764473361,0.34528876221616944,0.11369032997412049,0.8322623301872272,0.5299438674784769,0.9943674937291569,0.9850918764473361,0.8690049856864916
740,9529749242927002903,0.8765671782239333,0.9362553332436043,1.828625566022544,0.8605379135672673,0.9252467041959395,1.424455741139757,0.0029527763307447418,0.45948591331086575,0.6187705851335319,0.8605379135672673,0.9252467041959395,1.9835981953080464
741,12759232201333014960,0.9881967176348835,0.9147350957340586,1.8294632510652695,0.9678591394591459,0.8973952289421246,1.5155188597636515,0.9965311111575086,0.6952964850671773,0.4111399634446467,0.9678591394591459,0.8973952289421246,1.8692866204672367
742,2278364751845013735,0.41422576889558216,0.550988513941516,14.57957679766781,0.24789186276875236,0.45828637469063044,14.101146539586773,0.7070832488291101,0.6123838995204391,0.9314424993625641,0.24789186276875236,0.4582863746906304,14.404428673076255
743,11235574289722918364,0.7394523767558139,0.9509846800482857,1.4941165266730274,0.7587603312978664,0.9382092197124305,1.0866320608833537,0.9263605689072645,0.47238379398096847,0.3720421820158867,0.7587603312978666,0.9382092197124305,1.4414931096679577
744,7141904554661532070,0.9849765190694236,0.9711857398380628,0.9532284702603429,0.9998461672461347,0.9490798535625713,0.5301118532891526,0.3441606963270667,0.6310066403528246,0.46108862599595524,0.9998461672461347,0.9490798535625713,0.9925078019507441
745,18409591824606559197,0.9973117740298224,0.9613485298465421,1.3328210107733742,0.9876327921875935,0.9371071187674855,0.9267937396135542,0.7488591993428733,0.3618155801890307,0.5812541768729272,0.9876327921875935,0.9371071187674855,1.4482191128403377
746,14149587725067220623,0.9991323143084349,0.96963475270738,1.1946908666003464,0.9994951956420502,0.9696615000837812,0.7796377647534315,0.7298742428708659,0.6073797716014908,0.5827806800457916,0.9994951956420502,0.9696615000837812,1.329098062490312
747,12155560449264272554,0.43345599043868216,0.6818208745885724,8.964665538872563,0.2887412365029683,0.6128854840949337,8.390735886978494,0.28591657571076484,0.6675664539233708,0.8969171100297385,0.2887412365029685,0.6128854840949337,8.9193544882572
748,14797531267354014644,0.8654096514680172,0.9589469279092863,1.2602506821467199,0.865894619355269,0.9417723330788197,0.8840124747331702,0.5658395976316634,0.6416318291021413,0.4203693395610894,0.865894619355269,0.9417723330788197,1.2799858662011068
749,17238295048973147259,0.9231992295708051,0.8898162338382787,2.9495389470993523,0.8926058490875676,0.8468014589602028,2.4329274954497455,0.8462585311336347,0.6551010848954738,0.7518607783141064,0.8926058490875676,0.8468014589602028,3.0771044725956744
750,4336691538806713864,0.9401892444718645,0.9911404119398635,0.5664149271952758,0.9279966440490733,0.9889572743761936,0.2248657066827431,0.0018239888805724376,0.7620465735320683,0.4526765412809405,0.9279966440490733,0.9889572743761936,0.6769959132974575
751,968430335992515795,0.9960232919160424,0.9821281772891289,1.437135217437672,0.9976910476552759,0.9651691313365016,0.9505953383663119,0.563396577777009,0.6364562790843604,0.677755648296264,0.9976910476552759,0.9651691313365016,1.5809179966239206
752,13926663497406853251,0.8886829589597915,0.8855708024391913,2.703988182356575,0.8954659284495741,0.8456206396809324,2.2660610406719193,0.9719009141070417,0.34904336149166554,0.4618930249513255,0.8954659284495741,0.8456206396809323,2.6618432773241496
753,18084543948123745786,0.6135404274454335,0.9039167948369626,2.591123490404184,0.6298490314453663,0.8980367765648137,2.185966468108815,0.9866009720292875,0.5634767191977997,0.5591465415096547,0.629849031445366,0.8980367765648136,2.6541643893450755
754,6817018740099559490,0.9257053714063748,0.981230360221655,0.7355327866504001,0.9640329259715048,0.9819974297412559,0.3697492764468391,0.6545021399516349,0.9091849087954043,0.48625233751793734,0.9640329259715048,0.9819974297412559,0.8486489347700376
755,7000758739292608526,0.9941280121568534,0.9491131279566853,1.872509275749439,0.9801444450745279,0.9276909436149066,1.5120358255794704,0.12357436840559678,0.4567858670496309,0.47779346836987974,0.9801444450745279,0.9276909436149067,1.9205601537010757
756,14952360215470357256,0.35109163030208174,0.8827887510735916,3.887844102494698,0.2994231651895087,0.8850187583009103,3.367272948971542,0.04419071027654984,0.5169478757716849,0.6981380293836998,0.29942316518950857,0.8850187583009103,3.9256175409812455
757,7759497276541388107,0.9998069722444941,0.986570920647351,0.5264158666459523,0.9995521631005734,0.9852268267059556,0.2103002546616572,0.11584364110548995,0.507237750717192,0.39706714713030894,0.9995521631005734,0.9852268267059556,0.5943662230872767
758,17963057298840621437,0.9404057485593234,0.8914083329547363,2.6188859023042474,0.9133135938975084,0.8461626145399497,2.2738321829400876,0.01412629067624739,0.4455600664436422,0.43598389226322204,0.9133135938975084,0.8461626145399497,2.6084536024700364
759,16979998420296226308,0.9991742962551974,0.9758410163637954,0.8486846061287143,0.9994351217783184,0.9709973790107422,0.5064105903008914,0.9851364946691906,0.5114697950841575,0.4188567281487996,0.9994351217783184,0.9709973790107422,0.9199082558222353
760,15484956544322386205,0.9978965661469213,0.9606085011642326,1.1886210898793548,0.9939431634827696,0.9487707971234319,0.7689200596125816,0.9258248908501417,0.70862257181366,0.5506074506580546,0.9939431634827696,0.9487707971234319,1.2916561764109704
761,16813810644305003766,0.9770888104429408,0.984136538164465,0.716035150456498,0.9710080190008226,0.9800769881777235,0.28511241529614517,0.7350102505345915,0.9201181341171171,0.5553872922049374,0.9710080190008228,0.9800769881777235,0.8409473757625155
762,12583283401541468722,0.9431013089909642,0.973666266466546,0.7774106177930759,0.9170064709076968,0.9653255004684442,0.46900887432102456,0.2069706889990709,0.2854714162618086,0.3828836305003582,0.9170064709076968,0.9653255004684442,0.8337187520303672
763,7848799500808439402,0.8356427756013177,0.9416481266947939,1.6763217185631147,0.837998377003846,0.9318893443496475,1.2297092369785079,0.1891163727117816,0.733748689493144,0.5927002961415497,0.8379983770038463,0.9318893443496475,1.7638878355072127
764,15326045979734974538,0.9925200916899332,0.8772859798318362,3.3215685590919897,0.9824015667739369,0.8299618156429744,2.9153197749043174,0.24729344224391622,0.49989052693264424,0.4848760921378897,0.9824015667739371,0.8299618156429744,3.2860635661657076
765,10263635872243021275,0.4799427573408078,0.8613494523060296,4.534733132396969,0.28439562818056374,0.7995578003219639,3.973574048973001,0.9811943701423149,0.46793078646868086,0.613298661580509,0.28439562818056374,0.7995578003219639,4.446417912483035
766,14004827658438362883,0.9282717505037359,0.9166163532460254,2.746272847893145,0.9632860243314181,0.9301140146145693,2.272079501008735,0.8824855268653593,0.4194014352686866,0.7373806965491243,0.9632860243314181,0.9301140146145693,2.900744338577499
767,4469830069073435368,0.605941507404296,0.94634395477653,2.07167968163543,0.27903596913506523,0.8903232287226435,1.521524093018686,0.5364584956497676,0.5116858391328704,0.4740451890935206,0.27903596913506523,0.8903232287226435,1.9459426349117592
768,10324736617522633238,0.9199118011148953,0.9664451481206078,1.1355827812895394,0.8246348796494039,0.9611863144988289,0.7107784725938712,0.6197619436922104,0.5853155633972958,0.6290539660302198,0.8246348796494039,0.9611863144988289,1.3008211232724483
769,15402406568686451967,0.7427433820923522,0.9598692180111448,1.4482380732199291,0.7538610687441578,0.963716331777914,1.0179026626263972,0.06413461557315117,0.645951476630426,0.5434810298403548,0.7538610687441578,0.963716331777914,1.5127438137757903
770,15189432791101263192,0.8188554037461426,0.9486625416440383,1.260260343209869,0.7373237528249725,0.9090860795823306,0.9029651231433247,0.0315641788638117,0.48310433284019466,0.42342556732817904,0.7373237528249725,0.9090860795823303,1.3001575037594484
771,10589170412958659715,0.8844245081752284,0.9200972358945366,1.3428659600540152,0.8523724103282826,0.8806432782662178,0.9098632267133471,0.8863066635449696,0.7005284678478301,0.5439017088302401,0.8523724103282826,0.8806432782662178,1.4114679226694677
772,6762437127101019949,0.8262380072703407,0.9597276614986802,1.2124776826821893,0.7618745508527037,0.9501054020997394,0.8851490697977196,0.9717520501492872,0.5877374318294419,0.4217028180475003,0.761874550852704,0.9501054020997394,1.2876002090688314
773,5099119898359951561,0.9227732706026779,0.8849152435820877,3.3714412392023387,0.9508464725592292,0.872708620151284,2.9362739393113615,0.6633254503231585,0.6273255317091067,0.7682997444365767,0.9508464725592292,0.872708620151284,3.545538846138254
774,6076553015227767874,0.8610645755812056,0.9527466100934278,1.4507953025290117,0.7665981491069075,0.9232674368648859,1.0011832841078534,0.9280693321939684,0.7068018137788026,0.46172987337098925,0.7665981491069076,0.9232674368648859,1.4300194925162846
775,14636596770609464019,0.9954315018764789,0.9636946409965058,1.2367894183046197,0.9999058885889842,0.9599880711119266,0.8901450853312891,0.9862196940593568,0.4943325453488135,0.3972254364729186,0.9999058885889842,0.9599880711119266,1.2661149910423732
776,3857311475241298619,0.8194763914697935,0.9404392693865903,1.7967929420938134,0.8833376310139087,0.9544721456017115,1.3695047648127259,0.04477900068918571,0.33006788477213905,0.5784618787021877,0.8833376310139087,0.9544721456017115,1.886935688432456
777,9486076112811050552,0.9833821822908485,0.8468384897277185,4.953857622400474,0.9924977503314255,0.8416429154632021,4.531166332638822,0.04188799117932223,0.5767207996201168,0.7585173994192963,0.9924977503314255,0.8416429154632021,5.069269231608357
778,11242483871138522631,0.9409163133374737,0.9642125014071482,1.4628175128444543,0.8611167825857554,0.9642677433167495,0.9371952559376309,0.03448546106935344,0.5781046018676236,0.8062474374411436,0.8611167825857554,0.9642677433167495,1.7187771085339363
779,8199968352920792019,0.4303136321229039,0.8019436636460198,5.317767473471744,0.35317722360470166,0.7573196095282623,4.843844273332747,0.9744203052549186,0.5788384387635491,0.7828603799034698,0.35317722360470166,0.7573196095282623,5.397189299802873
780,8870846114594122648,0.9843943642671268,0.9771111840555798,0.8779221358103771,0.9688276621383577,0.9633543314206221,0.4991726057134631,0.019980598928364346,0.3529394948920506,0.41615431590187085,0.9688276621383577,0.9633543314206221,0.9001572274637127
781,10377020024776926951,0.9693840925458961,0.9601915235877378,1.1466719286633418,0.9588729803316716,0.9504702801033957,0.7434370682600208,0.8239898950118749,0.6246376457363919,0.5069561699200189,0.9588729803316716,0.9504702801033957,1.2205829108569795
782,11010729687028371182,0.5574667980038783,0.9281910202239775,2.4418206845828494,0.43853172022583414,0.9107038445658944,1.8931495584981815,0.6756557491419114,0.5125561906112394,0.6351227856443269,0.43853172022583414,0.9107038445658944,2.4742179345616506
783,4622591103638667444,0.9337489747823196,0.7866084507955339,6.279242514443377,0.852884601809209,0.6962465156763626,5.898489454784709,0.38281539874217513,0.6359724843708784,0.5602606083780949,0.8528846018092088,0.6962465156763625,6.210669020881423
784,7077589352714959330,0.8356904469086811,0.5795186052771508,11.162917787707805,0.6963206531568588,0.4605676894963794,10.685754291338862,0.7001930349812943,0.4696531478922246,0.801630697343384,0.6963206531568589,0.4605676894963794,11.012311975686346
785,11673064303522991462,0.9562180406021172,0.9462377099667152,1.4212635993418516,0.9443402566339263,0.9349315778067594,0.9324990442808371,0.9873512997012469,0.5518341430964135,0.6728686589034665,0.9443402566339263,0.9349315778067594,1.5607003997865017
786,17497801915181287641,0.9433577304839738,0.9366670838112516,2.523697005762868,0.9455469659294552,0.9067208903190291,2.141729434133568,0.9337653319748248,0.6578675560869743,0.6877310799830458,0.9455469659294552,0.906720890319029,2.716760183622488
787,1560283956679229059,0.9306080246260009,0.8891087994743325,3.2030432120504684,0.8791500345933163,0.8575974195931505,2.7232968829998043,0.8735507599989034,0.5364091304301309,0.6019189795129984,0.8791500345933165,0.8575974195931505,3.2106085325959897
788,8515976458467903713,0.8861400564150564,0.8024813625422215,5.088237501658308,0.8300794294802417,0.7548397722044533,4.6312600137688715,0.882464144122245,0.5806593821901059,0.6621415285489667,0.8300794294802416,0.7548397722044533,5.087946795355525
789,2431489348404880657,0.9970874727370574,0.96513549144,1.0311598376853195,0.9999685645999232,0.957171101187955,0.6316555903779464,0.4736106155138661,0.24676082337355998,0.47520447938660404,0.9999685645999232,0.957171101187955,1.0940109268346032
790,3549867725371814859,0.8448789498064927,0.8075153324914598,4.876540173876252,0.7444305501956989,0.7376606966961664,4.557109805886013,0.4087261983415137,0.5465294987986321,0.48106954337977914,0.7444305501956987,0.7376606966961664,4.825593274185388
791,4912271725344907745,0.9927415345913734,0.9828775134423812,0.7357616825876466,0.97287064011299,0.9688672779164701,0.39714869095358196,0.5506623843036264,0.6354173308158554,0.38793883026912546,0.97287064011299,0.9688672779164701,0.7769206278841427
792,6632373877157647180,0.9142489343066573,0.913172933400364,2.348419903546657,0.9257934384940791,0.909415852655466,1.9647885072940912,0.9928423220927305,0.5643103390338858,0.5415205718910487,0.9257934384940789,0.909415852655466,2.4218361461930638
793,17123514730105613174,0.9145251467715172,0.8932839804846383,2.366223664363148,0.862341722623226,0.8608788020979904,1.9417205525463657,0.7955941631030223,0.5868401222004581,0.5500868878159427,0.862341722623226,0.8608788020979904,2.4066069671019736
794,6238523086344895235,0.8550825056089986,0.9363018007763184,1.6727796387869958,0.8135389585635798,0.9199001190577519,1.3773286344112399,0.2845040477375327,0.6926740584311092,0.3885453766917146,0.8135389585635798,0.9199001190577519,1.7062755741504851
795,11131472185386810003,0.9331747660155477,0.9439047611610365,1.5454633877824813,0.9552281499142832,0.9333758953261935,1.17015848417651,0.1741517470017306,0.6754374607680511,0.4309933160262703,0.9552281499142832,0.9333758953261935,1.5816887216165936
796,13581507113101529810,0.9012304757833226,0.8582102623488467,3.879600856026231,0.8319871971126434,0.8031518933408075,3.4696458759416875,0.5050336167890382,0.6782863155446336,0.6182701970179705,0.8319871971126434,0.8031518933408075,3.925181614778939
797,13409485424818427767,0.9833247034006914,0.9663035596493031,1.1787056747881142,0.9672803909117196,0.939989255463252,0.8529936864175248,0.8905226450641489,0.7424847241950627,0.3972327667857444,0.9672803909117198,0.939989255463252,1.21243717477709
798,17727545565425006140,0.9548191725377239,0.8239654611152147,4.644823300034478,0.9527830808759593,0.7891224164346843,4.228562437994856,0.8385525818616315,0.504446195675709,0.7096265540657857,0.9527830808759595,0.7891224164346844,4.729136430553755
799,9020317589442926608,0.9910443632063103,0.9869568667506831,0.6061716590054971,0.9720390671029585,0.9811236992016779,0.29264296803382145,0.8761589165306296,0.898935547010934,0.38556597539679305,0.9720390671029585,0.9811236992016779,0.6737408990020571
800,10227958748397009098,0.999977996577136,0.9447968728987853,1.4793777007109026,0.9730698681192969,0.9358689005518392,1.0652854160074288,0.9171534419748002,0.7254584224186744,0.5815261585706953,0.9730698681192969,0.9358689005518392,1.59375779463056
801,6323475716751886824,0.9057747272841977,0.8780362525322365,3.630618513517799,0.8528928139249978,0.8521997846803097,3.259503234457901,0.49329061043724287,0.6794304239760895,0.6220028289391037,0.8528928139249978,0.8521997846803097,3.7204836487292106
802,16629265452960572687,0.09836641128190964,0.7364358860285191,6.642353054554721,0.016732724549530988,0.6817255952541238,6.084836847691475,0.43963078394590166,0.5513158767371228,0.6718069343518767,0.016732724549530988,0.6817255952541238,6.514169481566183
803,7923928145261609517,0.9917334118592472,0.8544499868230221,4.026574995977271,0.9944619189946824,0.7977986477722234,3.5636552826306995,0.32402959303484574,0.6262436736371311,0.5403952031400666,0.9944619189946824,0.7977986477722234,4.012761850472608
804,6275022649711600681,0.9951567194074709,0.8635817144356132,3.9975452127227684,0.9712792244731897,0.8031465011501027,3.6058630882793428,0.16423119005192666,0.47362844179646435,0.48497675115609534,0.9712792244731899,0.8031465011501027,3.9630350666863325
805,4336237603141641612,0.967909698394438,0.954719941262928,1.6387379469102505,0.9723219499357075,0.9413947774282011,1.3058417162459302,0.0030820580409696464,0.423491877063563,0.4515861467665573,0.9723219499357075,0.9413947774282011,1.6981738165248472
806,4582121302618540703,0.9819645086005432,0.9806483931867871,0.8504941523747013,0.9811041386971135,0.9777308584720471,0.4480490088292157,0.15771789192872518,0.358103805465741,0.508635117523251,0.9811041386971135,0.9777308584720471,0.9394546584310179
807,16832806481468003222,0.538262313408821,0.954429002630345,1.3170034867127605,0.42695081151702674,0.9399862268968503,0.9060662082333688,0.9899507393541884,0.46323015242495497,0.41664580605854257,0.4269508115170271,0.9399862268968502,1.2994816896684727
808,9333131170637464189,0.7979251368262648,0.9179398029859688,2.224680527984566,0.7248319716446605,0.8969013703838712,1.879069974175638,0.05238453781669313,0.7499402091989477,0.4680976289844565,0.7248319716446605,0.8969013703838712,2.2716631675908747
809,6532962305552642604,0.9956239713460352,0.9739458144439569,0.9768149382301028,0.9999880166356238,0.9730946324401896,0.6120061334557805,0.10827199255794262,0.5362684082855199,0.5012543920114818,0.9999880166356238,0.9730946324401896,1.0891279575478605
810,9290905129189038405,0.9940747471725904,0.9663801985732364,1.061835326066223,0.9995526295840634,0.9723997384575419,0.6906267146252025,0.3756624204075218,0.45284001872676366,0.5749780145371014,0.9995526295840634,0.9723997384575419,1.2380962216754348
811,16663296600981643783,0.9970002633122683,0.9291431425494322,2.423529051319571,0.9678766440580905,0.8461540027507384,2.0660851869024475,0.9962962771293342,0.6208218641948716,0.42106072966038083,0.9678766440580905,0.8461540027507384,2.398198822340775
812,14881824042269938206,0.9665313758609846,0.9574708339932552,1.1717562560381747,0.9394704801916631,0.9343218995691978,0.7920796721085622,0.38200753727556125,0.5371134794167838,0.4656384058893848,0.9394704801916631,0.9343218995691978,1.2294310553882783
813,2276350229923883112,0.9910937607799248,0.969173220297716,1.032572918935721,0.97841833816669,0.956119798396753,0.6850505993189426,0.7048816412855017,0.4012965558958635,0.45247994171488054,0.97841833816669,0.9561197983967531,1.117431867572285
814,9295026321276060100,0.8300309721475906,0.9664217995645841,0.8150869371436715,0.7265138135924987,0.9495506241270332,0.4194309730830421,0.92467544749186,0.57563419687498,0.45681560440237895,0.7265138135924989,0.9495506241270332,0.8654818849740353
815,4886010586067799209,0.9187616296213442,0.9636652388093135,1.1304530228674243,0.8787200064848387,0.9538214855437962,0.6864512693465218,0.08568676693110579,0.5731301082695845,0.5067989548394123,0.8787200064848387,0.9538214855437961,1.1831035806909647
816,5205793163415888285,0.9699944004681945,0.8791583153110153,3.0635440626839125,0.9672299549841776,0.8258313315021051,2.6949283996938993,0.40502096101965235,0.6400086834886974,0.5180575722077877,0.9672299549841776,0.825831331502105,3.076040360408749
817,17259177257549044858,0.9987027916953193,0.9584707417304251,1.2945432897245461,0.9892446789071165,0.9441893327912775,0.8886414462436835,0.008009033411038972,0.4311363870213769,0.41582245790615224,0.9892446789071165,0.9441893327912775,1.2818276274350404
818,15447199496758064137,0.8301950897260143,0.8908322586078855,3.1357105445276123,0.6665095734003005,0.8449382539652815,2.760899366970229,0.4916056230606061,0.48028418290278174,0.3528571341186755,0.6665095734003007,0.8449382539652817,3.014297073073091
819,10559395171753214719,0.9991802343878355,0.9120627929255939,2.5807128945507825,0.9989887815738633,0.8870162907122311,2.2279172916401135,0.9996105346148466,0.5421901933587041,0.5047233763253663,0.9989887815738633,0.8870162907122311,2.6384714366494375
820,300482690080040705,0.3963893853046081,0.8952144851010052,3.059466213751701,0.21125727673420214,0.8552886632732902,2.6101971287308112,0.9878212599840077,0.48161908416655613,0.4061415446910781,0.21125727673420194,0.8552886632732901,2.928549477062133
821,12923064721569062961,0.8738425004719794,0.641370112764239,9.88913946177517,0.7319536542430161,0.4949351464671493,9.451779950672172,0.4253058223804265,0.6007718566097916,0.6395091868849647,0.7319536542430162,0.4949351464671493,9.708112884413362
822,5389357951497354701,0.9573419630759741,0.8267510118438931,4.40046069738049,0.9793754958035105,0.8212294687418029,4.008730978050232,0.10638601515856551,0.4790685981714373,0.800108248438224,0.9793754958035107,0.8212294687418029,4.6135575962226
823,16073133219508849248,0.9862895124621806,0.9574190139427853,1.3204639755929795,0.9974558786176692,0.9480171918901982,0.9345948026521561,0.9632259608348954,0.746145065306163,0.6026628165880263,0.9974558786176692,0.9480171918901982,1.4849105693157758
824,11194095762698863901,0.9737266126565121,0.9642891970987584,1.3813445803236668,0.8677162907463392,0.9539312387266344,0.9650144643790879,0.16007680070075592,0.5453519817652304,0.5695178914803916,0.8677162907463389,0.9539312387266344,1.4859348921706754
825,8558398704440319308,0.7796418252072298,0.9056398497933896,2.5202911168548328,0.6499853952943561,0.8597345224497343,2.010770231827564,0.30377784017783244,0.4332341062254728,0.5705765023790111,0.6499853952943561,0.8597345224497343,2.521849211202083
826,10226463877671811222,0.9798087214712634,0.9682086893380093,1.098715515427703,0.9176808070856318,0.9543039223069028,0.663838070614707,0.7241906035717827,0.6540970907516287,0.5007837538975579,0.917680807085632,0.9543039223069028,1.1531844734702392
827,1258012860824191500,0.7436374468677323,0.9470508125798612,1.6647914827463675,0.7142834157187958,0.936850465473371,1.2525238888400707,0.5401350244621457,0.6742717680870679,0.5753143735011269,0.7142834157187958,0.936850465473371,1.7801464475077773
828,9931377762836158689,0.9914459178278466,0.9783248737827835,0.8706643523176354,0.9999958796060366,0.9665178725259034,0.5345142141276321,0.7520787455233134,0.47842560160401376,0.3588382330293866,0.9999958796060366,0.9665178725259034,0.8789966828826484
829,17773891767097901215,0.3658979046646619,0.5693600781215223,12.8528766080785,0.2230979909630175,0.49887233514455753,12.44791138830037,0.5979084947271393,0.54798479328623,0.7986789533504116,0.22309799096301772,0.49887233514455753,12.708035752731627
830,12334813929226310112,0.9787924595040206,0.9715032728909937,0.8454342927948093,0.9520997167628001,0.9544014380199923,0.4322545769590457,0.03636474362476383,0.6480906539863535,0.4847559703785676,0.9520997167628001,0.9544014380199924,0.9000742229725558
831,11302526769948410800,0.643586558359631,0.9476072690268126,1.6365592446680297,0.45106962662952904,0.9268582575010649,1.220679736011567,0.08573415153275069,0.7786994615852726,0.4090163286286939,0.45106962662952876,0.9268582575010648,1.5891872928139519
832,4120196176245728751,0.4328096995702303,0.7103016086430526,8.948709739893502,0.41224593415397964,0.6810136661383228,8.433378265988987,0.891509212057365,0.6340381251334749,1.1703950233990763,0.41224593415397964,0.6810136661383228,9.18947901071932
833,17066366966970610598,0.9992948978023469,0.9559736245995701,1.4741673079486572,0.9962815574320983,0.9546137270562387,1.0862597845485817,0.7049386029697129,0.6818289019484479,0.5376078993985675,0.9962815574320983,0.9546137270562387,1.5742248330129878
834,7544820491085210517,0.9559866599464976,0.9789021290302531,0.9096573515626573,0.9624433578623339,0.9746619775574092,0.540259674914362,0.2705878041871281,0.46619680305400185,0.46184040567024554,0.9624433578623339,0.9746619775574092,0.9938318768745841
835,409942714073737168,0.992384321724134,0.9550114403390502,1.439267295299309,0.9812730843062316,0.9387585367946798,1.071161709010538,0.8548548975459018,0.6793189592798833,0.4821543362386004,0.9812730843062316,0.9387585367946798,1.5255664496477945
836,8478538209070896511,0.9997252567950544,0.9884910028623634,0.6462929681312507,0.9993739197591961,0.9830337268119865,0.33769048554691794,0.001961638090157308,0.7416260107131261,0.38763449854255677,0.9993739197591961,0.9830337268119865,0.7058747187170523
837,14499153322191339249,0.6767375816340268,0.8972275474405975,3.6246103935006766,0.641048816287467,0.8911383194362481,3.1343334412250248,0.6027676346217259,0.47631617175966084,0.6226649882558102,0.6410488162874668,0.8911383194362481,3.641071080615447
838,17488239018540166415,0.6712978039870542,0.7800253616512047,5.06148447769707,0.501342817230002,0.710722041736883,4.637684429066868,0.9980855821562382,0.6454162068224782,0.5333411305228369,0.501342817230002,0.7107220417368831,4.999937816767267
839,5524668303837166248,0.9080504240821744,0.7807954868049746,6.136435700259687,0.7664628295412498,0.6641705044287523,5.661262592603314,0.0026751761023067542,0.5053645873387388,0.6091284419994536,0.7664628295412496,0.664170504428752,6.041035527555713
840,16796223231439148005,0.6185939795230281,0.8640739823076099,4.414684845363674,0.37281496172719214,0.7704915018001688,3.9251304443752333,0.10889956492933266,0.44832668587917524,0.6040728246287135,0.37281496172719203,0.7704915018001687,4.376691636631283
841,14409657202956698856,0.7825633943428646,0.7985170643200928,4.983282198950771,0.7286017674852472,0.7441290327171686,4.5706460043910395,0.3199157291231079,0.4847527419553998,0.722547981390109,0.7286017674852472,0.7441290327171686,5.0888025051254715
842,15430088128121388163,0.8702046361607634,0.9158672475683874,2.473488789200944,0.8175284885247565,0.8883405417140824,2.0648997858147338,0.9888351097801068,0.6437681032975895,0.5734770091176827,0.8175284885247562,0.8883405417140824,2.549850243312025
843,5417907283749605402,0.4623040147041384,0.8457221407595651,3.6312509199549807,0.3073259469908202,0.798154019854018,3.1206543358479673,0.41260670451870723,0.5071171662964736,0.5930840723080372,0.30732594699082033,0.7981540198540181,3.6050798220494142
844,6994449251314284168,0.8543853111209648,0.9525035376043662,1.4886856031340163,0.7014863913369099,0.9160499637804863,1.1281201045947742,0.7102791053541424,0.7458726841581025,0.3412119339028555,0.7014863913369099,0.9160499637804863,1.44664301158612
845,3253341957747225961,0.761506763516215,0.9151217887596254,2.4181428151264277,0.8763302530733037,0.9473564673203755,1.9713452640930584,0.9702781046193812,0.47020851404031433,0.7668782727517174,0.8763302530733037,0.9473564673203755,2.62402659999416
846,2590223723336880148,0.9633326469900105,0.9899342379574925,0.6062715612566377,0.9628177838799162,0.9872077738135019,0.2418560711780638,0.12797708530506674,0.8524747988577095,0.41231417401823467,0.9628177838799162,0.9872077738135019,0.6498130972224944
847,7813720660788867051,0.9776108598633897,0.8988340392441079,2.630100123947311,0.9452027134261728,0.8702314998859031,2.2696739343711765,0.132668226933543,0.5300188528061615,0.3396631691033371,0.9452027134261728,0.8702314998859031,2.5534002084024405
848,8303849917985254754,0.955156653438124,0.9593528868570355,1.3219125609481872,0.9378405636136417,0.9428583520570845,0.9540661316031357,0.3554259274132056,0.6118741645717012,0.45722922014842904,0.9378405636136417,0.9428583520570845,1.3674984977179836
849,2538001314423622315,0.8710486314957092,0.8612808007055309,5.024934969478341,0.8761132960884029,0.8435689723358858,4.5566219552387235,0.11821822253659887,0.6171180099162378,0.8176908908133029,0.8761132960884029,0.8435689723358858,5.149134256630417
850,3898910074781555618,0.5119145849928779,0.8517933723718463,4.330560114687928,0.2906183995266679,0.7981322633766899,3.744180276130553,0.48727430173183717,0.6998879379030178,0.6642418798483342,0.2906183995266679,0.7981322633766899,4.267852036949601
851,12465950784125835987,0.9955097596517318,0.9847625056394719,0.7615506547452429,0.9909973571321616,0.9817293847327103,0.3911032447255416,0.1724550746921519,0.6858257246969534,0.38443491197038715,0.9909973571321614,0.9817293847327103,0.7809128578180992
852,18026844473863929677,0.9984386590263326,0.966290075648047,1.3001210635138807,0.9875040929826313,0.9390167475161466,0.8873054201673755,0.7713127255531235,0.7966083138793433,0.607193769658149,0.9875040929826313,0.9390167475161466,1.4577547951610248
853,14634780374231962142,0.9459100532549743,0.7959037146964051,6.257369885700038,0.8100316280719834,0.6782143874178469,5.748606422096382,0.618686358562439,0.5643435784115576,0.5205704694970924,0.8100316280719834,0.6782143874178469,6.041986443952796
854,5234932575672295683,0.6541675937176661,0.779918359658163,6.550319978411517,0.6072796805069344,0.7629636511873884,6.076595405205425,0.8060667376891667,0.6685227085919924,0.7901876884884055,0.6072796805069341,0.7629636511873884,6.594388679597014
855,4691160382479412537,0.9021410644343203,0.9279484743458362,2.3407197982926298,0.8079261414595602,0.8996648054205764,1.8442411424761087,0.7793888689944971,0.6741425711366915,0.5796116538115288,0.8079261414595602,0.8996648054205764,2.365308415926433
856,2346159039114697826,0.9666688246205841,0.9261583968419401,2.3970571426350222,0.9598547420667328,0.9131050959529553,2.0846451590240864,0.030587733222860448,0.6529735266852178,0.45441119305864325,0.9598547420667328,0.9131050959529553,2.454022621496586
857,8651754488094345822,0.9005197023884546,0.962678795988348,1.2610722190578525,0.8310850702831873,0.9456405126853269,0.897766466730379,0.12250296667876598,0.5266231505248925,0.38555625046985675,0.8310850702831873,0.9456405126853269,1.2592067934504412
858,2302335144509890891,0.9650822877923076,0.9849643951792224,0.5925655390350835,0.958196335703099,0.9818112412286049,0.24397068896236793,0.006500360612698086,0.33638594870103117,0.4335446224566182,0.958196335703099,0.9818112412286049,0.6688604409327803
859,14317888208683064119,0.7910311033928029,0.9481263274706228,1.4056970600629988,0.7214510307059298,0.9355702553409313,0.957402388734,0.9979752991329034,0.4059251334516845,0.5189284779236268,0.7214510307059298,0.9355702553409313,1.4530487693436511
860,7582215980160342486,0.2691461753028445,0.8538156618335677,4.339959981664121,0.18095931683863242,0.7943884220174923,3.871023043354902,0.9886781315776187,0.4738181589975293,0.7022100900971893,0.18095931683863223,0.7943884220174922,4.4152789482051835
861,5928670271477404375,0.8965293422752474,0.9634131818179343,1.165760538846088,0.9244759113634229,0.9562086909629959,0.6749947825229287,0.9339803733237698,0.27437854078199614,0.5815031350838106,0.9244759113634229,0.9562086909629959,1.2327728411747918
862,5148951154041470407,0.9570940128375917,0.9400483175312101,1.8794135936502234,0.7867098537765856,0.9150264184634158,1.425979663003266,0.6800559945708715,0.849457522893847,0.7077850631570229,0.7867098537765856,0.9150264184634158,2.0556330414357347
863,18144883456312149827,0.5420556324491194,0.8001350148893605,5.8025818233233135,0.3878111225535918,0.7725586797597593,5.162299327876982,0.12405671724348097,0.6791982992805179,0.682875430226314,0.3878111225535922,0.7725586797597594,5.6612639333787085
864,14125760933552970392,0.9018019398870573,0.7860215227446847,5.367383586831187,0.9101833124789881,0.7605384972611787,4.977538868998152,0.19596501103908007,0.5075217746196796,0.7492934891730654,0.9101833124789881,0.7605384972611787,5.485032736069291
865,8521378770825516519,0.48999932166445176,0.7743256966035527,6.8938579073570185,0.2928490687870197,0.689701956261375,6.409014131374994,0.43780130641702797,0.5358964271664036,0.6951790193759397,0.29284906878701994,0.6897019562613751,6.803828410085981
866,1544816104187742177,0.9923734844872568,0.8905280533791224,3.1234131184812837,0.972648833811875,0.8344473611816452,2.7748225978062857,0.7794304862241705,0.568131934039404,0.4741682328158773,0.972648833811875,0.8344473611816452,3.140831365510395
867,8989240612954995956,0.882436392618064,0.9219521407534146,1.9753588967254223,0.8771427568735796,0.9190082445789277,1.54643770387354,0.8183410309967539,0.5145029242592799,0.568261233729949,0.8771427568735796,0.9190082445789277,2.04758002922096
868,43738986713535047,0.9235950031302309,0.9208881663911508,2.5297850671001783,0.9078523800235477,0.9032438280328051,2.0822579163771002,0.26610061973973803,0.4076552283976207,0.5513814286260592,0.907852380023548,0.9032438280328051,2.5391600636811424
869,7396941729807012990,0.9492433559618709,0.8906471238752389,3.384232459268271,0.912413109252561,0.8370488758610205,2.806208121351816,0.9585221005233387,0.6866465739764548,0.8417698724297848,0.912413109252561,0.8370488758610207,3.510470648586069
870,2728853808149257538,0.8004901256930619,0.9043553683602469,2.2517813687751937,0.6255247897310469,0.8541022795123981,1.7623469238535325,0.3586607307638807,0.5892586859911406,0.5051340828199047,0.6255247897310469,0.8541022795123981,2.208003862782367
871,3869818771429577410,0.9641361419986951,0.9176753424746903,2.555463704428815,0.9491482863626735,0.8875232645526282,2.1649602988983303,0.7413746477257683,0.37841254067061125,0.48011536108897074,0.9491482863626732,0.8875232645526281,2.5532344316944067
872,328062217038802548,0.9898549751869984,0.9943774820845394,0.5525415233794417,0.9915068572532294,0.9931973125857898,0.17561941674036236,0.30310680501388054,0.8893261473242947,0.4358672636707786,0.9915068572532294,0.9931973125857897,0.6065420355180883
873,15491802900364926721,0.13204338146042666,0.8300569934102335,4.829933396920861,0.030675558835465227,0.8039608973871599,4.286809025156118,0.6958504742999512,0.6801242119169723,0.5143066604887528,0.03067555883546516,0.8039608973871598,4.658749805668048
874,2131464473506137671,0.9939128902787362,0.9734594220080811,1.0267056222097108,0.9961049181496374,0.9658511524878328,0.5954092162344551,0.86740699728465,0.6742474986164971,0.5291257605757546,0.9961049181496374,0.9658511524878328,1.110551052068507
875,2974380946040557506,0.9997483870746148,0.8927436229047946,2.9645081472322703,0.9999323266812196,0.8570345217783716,2.5851613829458997,0.9872734551178661,0.587914693310489,0.4676327430810679,0.9999323266812193,0.8570345217783717,2.9545646040364195
876,16220570211145275046,0.9876706630669615,0.9749401940804233,0.8495434298193301,0.9908002855380702,0.9636386097564991,0.5165010012004626,0.24161299770431174,0.3906568686802592,0.43887838253531325,0.9908002855380704,0.9636386097564992,0.9360544728293461
877,13118369202822846841,0.8803146175239517,0.923023042353804,2.4867691838189647,0.8512142338479964,0.9055548872206358,2.0649172347191223,0.9558051534725496,0.42135406813288845,0.5890460262275135,0.8512142338479964,0.9055548872206358,2.5634145910335997
878,8841200230129382540,0.8562991063912565,0.9576669924339304,1.4036355120413175,0.8511678439623717,0.9492459838871388,0.9960693211746209,0.007359015498558448,0.6336581911689669,0.5265401141747462,0.8511678439623719,0.9492459838871388,1.489145753183709
879,13182680461356369437,0.9981616197693775,0.9849390478729648,0.665879761307943,0.9900453501855241,0.9830725619774334,0.33370400802746425,0.8810623573772618,0.7184983659647229,0.40887217431252904,0.9900453501855241,0.9830725619774334,0.7462243113292036
880,2630259459217650973,0.4354567991037316,0.8135901584494026,5.2650780955613365,0.2853343313317959,0.771635394556441,4.803105248877613,0.9821085199202284,0.4615858528871932,0.6061795579679885,0.2853343313317964,0.771635394556441,5.2169116384710374
881,14255629075846132411,0.9970846687199421,0.9469736266727956,1.8818123607769863,0.9923425000110923,0.9394576013918294,1.5316000779485797,0.3582759058845573,0.5001683793566586,0.5081774512227726,0.9923425000110923,0.9394576013918294,1.9734030429813385
882,9761314076790092069,0.9686702020502003,0.9789163672135774,0.7536824741304455,0.9989688736123081,0.9817194952031391,0.2980839235195779,0.04381206586732051,0.24589826760928107,0.6101000016995777,0.9989688736123081,0.9817194952031391,0.8989297891570506
883,9418122595830857647,0.9815401242181526,0.970253616179055,1.045821426407123,0.9628062073803125,0.9586680086839904,0.6408678513498176,0.9263250339200482,0.5119877754353604,0.5401620236970311,0.9628062073803125,0.9586680086839904,1.164935410802679
884,6698055639499324311,0.8791757026781389,0.9267773171710446,2.7334899313408316,0.910565226354642,0.9278771207054118,2.1083580246249247,0.8416514761842793,0.5551994274296415,0.9615722739306122,0.910565226354642,0.9278771207054118,2.957263173223638
885,6992694264272639286,0.7009067784228388,0.7380035199235013,6.59577361766199,0.7196698716385935,0.7221588557456627,6.149163560721464,0.9966882276300475,0.6148814820220642,0.8990182461728999,0.7196698716385935,0.7221588557456627,6.749335339589682
886,13118963833743447351,0.5966213826100427,0.7400568769939013,7.675243034916667,0.4768541110992444,0.6612957337095522,7.302342227587456,0.5299095455197873,0.5641761646879071,0.7017427286435618,0.4768541110992446,0.6612957337095524,7.667449364316538
887,10912307856057444570,0.8214488765194112,0.9061451999381199,2.5155119896495073,0.6933269407283179,0.8417485277558753,2.1051940120883232,0.993042232198914,0.4159694387732063,0.5007389921983776,0.6933269407283177,0.8417485277558752,2.5212871004235224
888,9431911791276835894,0.7723118378186433,0.9622225128452323,1.3660655642574202,0.7852280626845881,0.966807711147762,0.9455492784404741,0.07216867360467799,0.5752385811964634,0.540198364603994,0.7852280626845881,0.966807711147762,1.4415449566485854
889,11437159523159525025,0.5812543850927427,0.7812890052559563,6.3369993021421225,0.4636202529881676,0.678134220781814,5.754001094957996,0.27098914564704546,0.5289755327700834,1.1177587624915735,0.4636202529881676,0.678134220781814,6.554743957698786
890,9407765804823724386,0.9999425854358646,0.9441688826204612,1.3743517351334869,0.9990907393802456,0.9340939816000187,0.962347240763309,0.027905219588418947,0.5248964603007276,0.4912500439064008,0.9990907393802456,0.9340939816000187,1.441121350912273
891,18312900139801385633,0.9591838671576178,0.9472243483477417,1.7236282084607877,0.9258317153864565,0.9410994483451701,1.3500212890532612,0.8623369019165916,0.8194747922366761,0.5424472071109907,0.9258317153864563,0.9410994483451701,1.833525407893648
892,4680687456826101670,0.9395970540456404,0.766202931402318,6.786735006818517,0.911779620477037,0.7161057297465565,6.340785919769641,0.17577114494891433,0.6326032779070262,0.7078656447174285,0.9117796204770368,0.7161057297465564,6.785888016327596
893,17752484561540025419,0.7932759323995929,0.8985936087706672,3.0134186308757624,0.6110469589486172,0.8127134125953825,2.618012580561273,0.785252032632567,0.6006862140578241,0.4029965617059632,0.6110469589486166,0.8127134125953825,2.9221385185684743
894,8553096205176412184,0.9817526007004767,0.9654338661560639,1.3305915814093792,0.918163749137138,0.9494625687786281,0.8672807009348846,0.8225953284799092,0.5680330077722169,0.6044000198002989,0.918163749137138,0.9494625687786281,1.4269990033244997
895,16955931137923403290,0.9383443085214538,0.9172720002877247,2.093700097476571,0.8471042414233868,0.8575728152892678,1.687910481250809,0.9758231216596555,0.6963146059517136,0.45159324235237425,0.8471042414233868,0.8575728152892678,2.0924027590300347
896,4131246498999505952,0.9700738944082999,0.9587289444191216,1.4081326921893067,0.9814017243843901,0.9475994160331244,0.9157899701421323,0.6895591075226742,0.46628125742255633,0.6799795091876988,0.9814017243843901,0.9475994160331244,1.568205813870566
897,5084078849621614029,0.5959633694966626,0.833353356888243,4.1762282616449475,0.34336315173052023,0.7617723512861304,3.6305837862081867,0.9992450024906521,0.7577895293167476,0.5594718882026524,0.34336315173052046,0.7617723512861304,4.048854473257691
898,14293032375931899782,0.29333564658989064,0.8368465109076781,4.950433095933427,0.10692700671343276,0.7731864565804255,4.384276981212433,0.42264522730546294,0.3967453941815784,0.653178141558572,0.10692700671343276,0.7731864565804255,4.872607778516551
899,13098211821465681805,0.8706736830200914,0.9798893908950929,0.75509795450424,0.8674386001505844,0.9785355380014306,0.41440761127706194,0.8172855489027253,0.35570332595755444,0.36801217696511274,0.8674386001505842,0.9785355380014306,0.7778011918238754
900,12008248078014753351,0.7489485768915912,0.9129251206111689,2.482224100347104,0.6254092604289987,0.8786384035791656,2.14974745838771,0.9024972870946701,0.5558206084170869,0.362747847483949,0.6254092604289987,0.8786384035791656,2.434658952815138
901,3996155816164321667,0.3710220984847226,0.7432324219198657,6.602487663654504,0.44439023846049597,0.770652344035261,6.036749100098336,0.34106328570799244,0.5438240732944716,1.2502564010204937,0.44439023846049597,0.770652344035261,6.95176768653328
902,11085367744202666278,0.6092409586782169,0.496601785805805,14.115447024459014,0.4896274467414263,0.386516598916712,13.65006079670477,0.0257137405060104,0.5197882571110838,1.1170490763035734,0.4896274467414263,0.3865165989167121,14.11000510326668
903,3894511191617886903,0.9994177766494393,0.9726142887025515,1.1868639845709794,0.9993982569196991,0.9671475138422129,0.8349581620764924,0.759792922983698,0.5615007621429664,0.43483308744377736,0.9993982569196991,0.9671475138422129,1.235867784185563
904,12927791170918457793,0.4863491938669843,0.8179207625632233,5.634134639787394,0.6825249493213527,0.8807579695465516,4.989537176034669,0.9722286814722337,0.5879735720761807,1.456482221986718,0.6825249493213529,0.8807579695465516,6.156252351666303
905,2042385615974304017,0.8230357296690831,0.9207282844856277,1.8976442262826871,0.6779402331844179,0.8796498060466296,1.5079890080993898,0.07020246734356309,0.5734055546928858,0.3629956066293384,0.6779402331844181,0.8796498060466296,1.8164118691277205
906,8119634301359137246,0.6410446669574787,0.9024731272586867,3.483079179273373,0.5502895914425936,0.8766542306687276,3.032993659456443,0.6548973380623248,0.6960566744306175,0.591324980961877,0.5502895914425936,0.8766542306687276,3.5056845729929793
907,7225642619815949064,0.8191552818155464,0.9577010484611509,1.2087490053498422,0.860648820102885,0.9676503073615255,0.8171616403071722,0.49865325844477154,0.5961586033806989,0.5343948529373947,0.860648820102885,0.9676503073615255,1.3194150860861988
908,5786252371146580805,0.9971030701877773,0.9786991765244064,0.8294790611503617,0.9980750120782774,0.9715509352059345,0.48819029387864976,0.18596295946800648,0.4431661668578852,0.3723613837316874,0.9980750120782772,0.9715509352059345,0.8472536474731273
909,8125145765828709936,0.8138817884003725,0.9237349879703689,2.2538899924245586,0.7732376514884304,0.912371671242182,1.8837406791218227,0.26485861657627763,0.6574958439364781,0.5014775224576986,0.7732376514884304,0.912371671242182,2.3323387892906884
910,4736671679847567312,0.9167088657490294,0.9507366870885786,1.5782928178182853,0.7932088694573515,0.8832336729705967,1.062889847462069,0.19862499163811054,0.73129061074837,0.5540810430723198,0.7932088694573517,0.8832336729705967,1.5915842160927511
911,1125019019922834525,0.9794917180816847,0.9799664372927755,0.8817295851451266,0.9767271355641799,0.9704154796546188,0.48110915517314085,0.5787867852602578,0.5333207208250411,0.49876019144277767,0.9767271355641799,0.9704154796546188,0.9542863709167908
912,1343534700748326117,0.9642525078584615,0.9785791109715165,0.8582685916471864,0.981269673818149,0.9813658604164637,0.47174139665206394,0.42117929810443994,0.6877047617363663,0.4221276634673501,0.981269673818149,0.9813658604164637,0.8858754000091774
913,2088699791895365576,0.9386551326090873,0.8515203562732878,4.106695263708822,0.8575238126434127,0.782566558081223,3.7040619279730342,0.015673426660791356,0.6211557714481456,0.48599886259334135,0.8575238126434125,0.782566558081223,4.052306277296352
914,2611681049367565668,0.11176678346904662,0.6637710413962312,10.433355680584194,0.041538484565523774,0.6191577364703984,9.785692838775635,0.45954772947590805,0.6104649540098613,1.1363216615176877,0.041538484565523594,0.6191577364703983,10.504105472973274
915,12547460057471548337,0.9916958699207608,0.9028955344515472,2.2252820674672154,0.9996865107422408,0.9090145745416495,1.865811889834015,0.7650635363133212,0.586375256562007,0.5866192368508698,0.9996865107422408,0.9090145745416496,2.3520657747761997
916,11197464817530029511,0.9774582399187539,0.9235221185008481,2.62492605194883,0.9614594400554577,0.8973006004687512,2.212704451280281,0.8566736775275353,0.4467272944324194,0.5448556607871498,0.9614594400554579,0.8973006004687513,2.6661654924064333
917,18423630525152548003,0.7177591575030473,0.8117149601028284,4.381317752859636,0.7784001001098141,0.8336407704718778,3.914592454514699,0.08305612843666133,0.693698929560563,0.7837759196788823,0.7784001001098143,0.8336407704718778,4.527698770334186
918,5635911402722992901,0.4720309063335798,0.7958318347812979,4.811375452046491,0.42765774263065254,0.7860023394075354,4.326101044472085,0.7751103092730888,0.5402339832747851,0.7257816520487401,0.4276577426306527,0.7860023394075355,4.860723261510233
919,12253735925814940979,0.855000330859217,0.754435190391752,6.1514317959658555,0.7386242332504145,0.6656580922652249,5.742710928004435,0.02691419711921684,0.5850275971234854,0.5600701131114655,0.7386242332504147,0.665658092265225,6.072547634401339
920,12361045782646980624,0.9958243325634293,0.9871575239059688,0.6558032068543038,0.9984358608590619,0.9845374180454213,0.2728695307636956,0.82894346844556,0.6750930105767182,0.49197159347425795,0.9984358608590619,0.9845374180454213,0.7534974227879937
921,1175279170095700002,0.6651448354984604,0.9191376940855619,2.360417300749305,0.5528035702391105,0.9048253323713027,1.9289771905857236,0.9519075667451368,0.43892833886817423,0.5341067198937339,0.5528035702391105,0.9048253323713027,2.3929861690822882
922,4180030101179085035,0.8464264696864876,0.9537026727829276,1.3685847383994068,0.8294648782014158,0.9447645370255917,1.0434937249413865,0.7356394008068114,0.3856027449240811,0.42316219398343585,0.8294648782014158,0.9447645370255917,1.4316156973380496
923,16227564711543474216,0.8184398621984736,0.6868968991727687,9.522730090962146,0.6526310245368091,0.5821548585569858,9.031611686479739,0.46220980763488234,0.5106947826820111,0.6685663890343884,0.652631024536809,0.5821548585569857,9.371009073847855
924,12338444897783003317,0.9446261412659149,0.9710322563581285,0.8477191580735701,0.8925645291966565,0.9566510734342515,0.4398087318114882,0.9740177956049552,0.4086245819004738,0.5062176657442697,0.8925645291966565,0.9566510734342515,0.9319660301470214
925,1821063342910440920,0.9281642919051238,0.9001333227054578,2.3994103946564875,0.934825020666482,0.8858994213272723,1.9485813045611933,0.02384420456000093,0.4502294013415989,0.6130092470353589,0.9348250206664822,0.8858994213272725,2.4932018713087176
926,17386683464868005930,0.8095479365117918,0.8877013647784114,3.3275756983477134,0.573114342983144,0.7818825361083659,2.8950927206279333,0.8916072539748614,0.6475935583088694,0.5085555084022845,0.573114342983144,0.7818825361083658,3.312736562115859
927,8468707321238790851,0.999916241504769,0.9751951012332802,1.047051059152365,0.9957622787388561,0.97639467454327,0.5937899688707743,0.9752883158041655,0.3867181746922108,0.5434291827273362,0.9957622787388564,0.97639467454327,1.1286439136098874
928,10410807895453366512,0.9734881869697585,0.970989139885534,1.1566618485721902,0.8815514095240894,0.9431117973012234,0.7687741697519739,0.9527059409537905,0.38344163076553134,0.3995295473539796,0.8815514095240893,0.9431117973012234,1.162177447743705
929,16993864307611454270,0.9511494721730427,0.8774471161221851,2.781890803246854,0.9549870359765653,0.8694942791960074,2.4613786860540765,0.7611353954873634,0.5625983574033692,0.5625035640004701,0.9549870359765651,0.8694942791960074,2.8980893307674713
930,6047224991962566613,0.9064732291371131,0.9418968300755108,1.7690594192809879,0.9021373830072283,0.9311690502635628,1.3959109032256036,0.21716506660659515,0.5374063626810259,0.43160037173638177,0.9021373830072283,0.9311690502635628,1.7866489582829295
931,6962138228242449963,0.9444903953674066,0.9367024769435927,2.0694462694677473,0.9248910801740663,0.9047739652893249,1.6821176281965942,0.9870943940620929,0.43555886896741763,0.5050576974394492,0.9248910801740663,0.9047739652893249,2.114573165754036
932,10841223404758984399,0.9999864376427087,0.9687159464159756,1.0636533757586761,0.999419985971193,0.9650417448304144,0.551639794491598,0.054246288875038656,0.5731012552897357,0.5888604564084747,0.999419985971193,0.9650417448304144,1.128921307041145
933,17380320759171526031,0.619624418180814,0.7840839030197663,4.879953792824402,0.4308569960232026,0.6969341164543482,4.414421891971831,0.018758378638318175,0.628467741640437,0.6527444313869789,0.43085699602320277,0.6969341164543482,4.8791813280170855
934,5087173435574401372,0.9444902090106476,0.9362840221485869,1.5389107084687912,0.956493196613027,0.9301173560836743,1.2225775295091483,0.2007736256496664,0.51894787887934,0.410738490305157,0.956493196613027,0.9301173560836744,1.594947265017263
935,4724230617988788502,0.863009139658763,0.9804137493475779,0.7548275008328793,0.8489499675556629,0.9732001263555258,0.44523737127398216,0.009467797449064029,0.5496706623613731,0.35233490274857543,0.8489499675556629,0.9732001263555258,0.7846243464908806
936,15381925140345744384,0.5295345780084159,0.8901047034885643,2.831074410495386,0.3999921813286456,0.8615303177290211,2.39267599506785,0.023662760524038384,0.4439126584022291,0.558176217470716,0.3999921813286458,0.8615303177290211,2.8582049551743736
937,16610889447049359675,0.9962213392466774,0.9618748832185096,1.3356189695155267,0.9997080570769521,0.9427732829447558,0.898082306554916,0.9911306094272035,0.6446181857275474,0.47927124780315855,0.9997080570769521,0.9427732829447558,1.3607825302579153
938,2090629675020086749,0.912901150297452,0.876766036382314,3.2562722849398362,0.8415359687333631,0.8358890712490196,2.889231191786039,0.3875277313022277,0.48401422069410593,0.46246980215243544,0.8415359687333631,0.8358890712490196,3.232184034385558
939,5684588164884515137,0.9657988868714942,0.9091904524851144,2.118823964604368,0.8981645988575911,0.8719257675579466,1.705905804431919,0.9206388901571392,0.5409787197216979,0.555639440563948,0.8981645988575911,0.8719257675579466,2.200376781011898
940,1949502999256387406,0.9338042523573419,0.9816711921958313,0.7557892207057003,0.8841476583997377,0.978859615719183,0.27488991580291916,0.03566951813833804,0.7265062028707662,0.5896506313312052,0.8841476583997377,0.978859615719183,0.8640137041137526
941,5713734454299354080,0.6096236011365901,0.94148637593063,2.2846756384329865,0.5379122634651285,0.9341264237250311,1.8727899411974707,0.07983663063886348,0.5914146917012426,0.47235353803920616,0.5379122634651285,0.9341264237250311,2.2739815232157423
942,13984822477255377749,0.9669014788329685,0.9562449916685075,1.2158169199493054,0.9787104447341239,0.9400668994718712,0.8512068967313907,0.5431535664728399,0.4775398438481198,0.42896798491275123,0.9787104447341239,0.9400668994718714,1.2508504700573582
943,5371166829511990678,0.993582881243579,0.8085829671381725,6.428341414615328,0.9831615990697445,0.7443140049832867,6.057198010053866,0.0996714169490295,0.5501922510781173,0.674235637227174,0.9831615990697445,0.7443140049832867,6.445745679037473
944,18342844612636061356,0.8395941289704485,0.8873832169817298,2.9950682005805183,0.738483982774543,0.8357055085982947,2.662394002944239,0.2447711941502875,0.649924769534566,0.4564269771818991,0.7384839827745432,0.8357055085982947,2.999834788881436
945,7916291811557328273,0.9264560603752017,0.9071576610853669,2.8145409199497085,0.8861495331368706,0.8845628307134655,2.4526583820760925,0.9993305869322088,0.4810014139650869,0.5387713272463809,0.8861495331368706,0.8845628307134655,2.896522448221711
946,1735002996424953020,0.747536661234911,0.857846626102683,3.5279349472957144,0.6764556800354997,0.8185930995576224,3.053839654882628,0.10853318604842388,0.5624995599508369,0.7019697641176575,0.6764556800355002,0.8185930995576224,3.623294814663478
947,10454054189552656231,0.7938392655238501,0.8551133096844616,4.370132522354495,0.6127918283106448,0.7577021645790575,3.901643850123844,0.25986441363832924,0.5335743993589533,0.5476267440513041,0.6127918283106446,0.7577021645790574,4.304023001864781
948,8915619341135237392,0.9654655618236864,0.9161106633603581,2.736083337968806,0.9555085977757667,0.8901826697849828,2.411983583668937,0.8005907892562257,0.5794686741949359,0.43465789551968637,0.9555085977757667,0.8901826697849828,2.7524970868242726
949,17316744224131626066,0.8103462037771009,0.9723966011991678,1.1138007510987176,0.7946716367927728,0.9678320752215978,0.5630678209402882,0.19233601179706267,0.6904768574654205,0.6488862231354773,0.7946716367927728,0.9678320752215978,1.1988978718888297
950,11647696315581579368,0.9686119239452267,0.9793809667471851,0.573479657437517,0.9463025126231395,0.9703523627502281,0.1885085130815601,0.10822245611201399,0.7490147017702822,0.47117970190176434,0.9463025126231395,0.9703523627502281,0.6586905917999392
951,6090505931989634117,0.867218663254378,0.921270442314223,2.44365227116473,0.831417682792144,0.9045887395141554,2.0268207248164987,0.7433642161145652,0.4618596822786325,0.5533330859026379,0.831417682792144,0.9045887395141554,2.4968586013534266
952,5512817208440912259,0.9914897799193756,0.7691329240145579,6.570584999972068,0.9761945324888031,0.6939320670635296,6.19118906853885,0.08353293211090271,0.5473611215914895,0.6058356636736768,0.9761945324888031,0.6939320670635295,6.531061204972531
953,1333963958014216741,0.6918770624182948,0.9148596685165988,2.08012645568501,0.5088929159554083,0.8617628710646476,1.6966162352927376,0.9980838338232845,0.5357795175423131,0.436283899518038,0.5088929159554082,0.8617628710646476,2.0626700770716115
954,14584450695687557731,0.9998690425087714,0.9769816421980071,0.8212860986280424,0.9824153063005736,0.9574305165448038,0.47088101817750744,0.38040412678800184,0.5105644796258536,0.37864505458099884,0.9824153063005736,0.9574305165448038,0.8445308906178938
955,18348673192856495248,0.8574771069248976,0.8495723744515978,4.574117190625997,0.8184915078008471,0.802024184595074,4.237300655280437,0.9965063789883483,0.5093996938415591,0.576064849564259,0.8184915078008469,0.8020241845950739,4.607634314322557
956,5680622974344580266,0.9978907378348818,0.9689798052869025,1.1782191539754767,0.9999225934626476,0.9406857609763917,0.6811695814705464,0.6643523304163366,0.6489064108137259,0.5914616897326284,0.9999225934626476,0.9406857609763917,1.2413586325315686
957,9816926254703751749,0.7139520772384802,0.9185254878094312,2.239491307321117,0.5850458326741841,0.891085477014815,1.873529795880424,0.9515076835788107,0.6001954333569166,0.39482955369065453,0.5850458326741844,0.8910854770148149,2.2038806065358623
958,6706972025071184962,0.8558928555814693,0.9641740199864521,1.1498949598166481,0.890518398404652,0.9667168075627136,0.7402028844646659,0.9254369000527791,0.33789483743573284,0.4692018525133904,0.890518398404652,0.9667168075627136,1.192493132913677
959,10421322621344300921,0.8617435495358928,0.9184187856768932,2.198942962337945,0.7273778118429877,0.8603095126104333,1.777402906460107,0.2570011028368526,0.6697439793636742,0.43149073208261673,0.7273778118429874,0.8603095126104333,2.1530825353927017
960,2303336885370880680,0.9022074582961856,0.956246030592194,1.2001304828779493,0.9507346038511391,0.9758069116364027,0.8231108403751117,0.8735533097549127,0.6595083846451547,0.5514293870284986,0.9507346038511391,0.9758069116364027,1.3350206785759469
961,14354039113805633852,0.8705567541448371,0.9062033250113103,2.1732443031517277,0.8266580273987632,0.8662172598162425,1.7746051352795775,0.9610345259758237,0.47162362750914466,0.5315772044236441,0.8266580273987632,0.8662172598162425,2.225805084601803
962,13714133686480640890,0.6211696450876824,0.8037100637433696,4.976085376041492,0.5239497223686149,0.7698780109163664,4.396382300239474,0.8215367759366098,0.7767053779087694,0.8281920694229797,0.5239497223686149,0.7698780109163664,5.038277445938478
963,7116040741975806900,0.8611482412765941,0.9580385762614304,1.1668513291907343,0.7309028474909217,0.9476481437993265,0.8122285428173626,0.9965791537873138,0.6474220625751236,0.42918206925888835,0.7309028474909217,0.9476481437993265,1.2137027275788206
964,11021424905338650572,0.8876185794376252,0.9333631250785361,1.8601889107947411,0.8269321311025691,0.9102853280200315,1.4924106085729072,0.1575740334312338,0.5638141814470816,0.4179162067541284,0.8269321311025689,0.9102853280200314,1.864332708748539
965,7480736900860205512,0.9762835086599605,0.9436962372995381,1.61817819786636,0.9866795849450334,0.9223674047273975,1.218724386620739,0.5280551748134198,0.5810388456000475,0.52458654579242,0.9866795849450336,0.9223674047273974,1.6982639207447543
966,9230320145117658700,0.9997084497067353,0.9282491813295259,2.9491397533542543,0.9360387446820778,0.8560743923077422,2.5086732707414905,0.9816696333493632,0.5009261311670571,0.4100321941525583,0.9360387446820778,0.856074392307742,2.8504835281426066
967,17964515145039147107,0.9599633709661721,0.9311164673802371,2.2295987396134005,0.9494463857813167,0.9016413282689301,1.9123097107534046,0.12236276178144838,0.49975447629380376,0.46724359110551483,0.9494463857813167,0.9016413282689301,2.2832351842700183
968,8761031555663491115,0.7883460021381103,0.9679627657409647,1.3092182896902826,0.7767817118954048,0.9607629427171441,0.8956883120622546,0.9832288726850172,0.7034922248311677,0.499998036885529,0.7767817118954048,0.9607629427171441,1.3631636417405228
969,4476315015585774825,0.9998513798612882,0.9802939770134905,1.0409266127107901,0.9968627056140736,0.9622310329732113,0.7219836844334643,0.6442266177678108,0.6237204165897908,0.38973715915348994,0.9968627056140736,0.9622310329732113,1.0860593392169386
970,14782070696635139866,0.9607085541759434,0.9013875642393819,3.109211569813915,0.9482586354105725,0.8725649891886504,2.783328367621196,0.9958718148220168,0.6380628791261419,0.3744451389186561,0.9482586354105725,0.8725649891886504,3.068780337971518
971,5500016181754263623,0.93278542722422,0.9267666026631753,2.236093750463664,0.9361890067573638,0.9229269517315278,1.7704079460770243,0.14840684645265972,0.7710581303778193,0.6370372045899184,0.9361890067573638,0.9229269517315278,2.3264178895892322
972,7814561078467549769,0.9460563726519666,0.8785847574967174,3.6562360698576493,0.9496523479269646,0.818584074849153,3.3399488825089345,0.01817268643359286,0.5246950999013584,0.5537505056929601,0.9496523479269648,0.818584074849153,3.715922709181573
973,5787329757397832137,0.95939219178551,0.774322463809319,6.835395557226933,0.9255452356575025,0.7116679138559726,6.4165169109460125,0.4586566307922857,0.6551170615016784,0.7031163150177719,0.9255452356575027,0.7116679138559726,6.855355677748991
974,12197610177660415673,0.9957748360742293,0.9925546513063073,0.5154623283854683,0.9920866451453855,0.9788932522117791,0.13560712785058068,0.7313257725524607,0.7411637956137689,0.47523900520107143,0.9920866451453855,0.9788932522117791,0.6139857838006808
975,14776974354429240091,0.7166331624380043,0.735071112312795,7.013967409627644,0.5416408074728373,0.628868667335818,6.554135900891714,0.8373673699610087,0.5050889163144882,0.627645424909312,0.541640807472837,0.6288686673358179,6.928910586829773
976,9157025664516691586,0.7474382167053935,0.9273435159426344,1.462399740042087,0.5932225252737444,0.8893501287217807,1.0682170131301818,0.9977610926801121,0.7905558940675036,0.41211693806222105,0.5932225252737447,0.8893501287217808,1.4417900359842608
977,6971444805425697317,0.9945210374328519,0.9775835158571847,0.9345208689357832,0.9945041134394265,0.9734239294608218,0.511770196109279,0.2728699578124255,0.8256148365702349,0.45713483614806005,0.9945041134394265,0.9734239294608218,0.9559032711046486
978,7768576387286480603,0.9650400346190309,0.9589909452405198,1.8976498654347869,0.9895318916001757,0.9682866559653498,1.5102642583720312,0.38315524170534854,0.7651046617982047,0.6307877441837108,0.9895318916001757,0.9682866559653498,2.066577128526695
979,8414531594687300766,0.7526261586255031,0.9608581958974651,1.2740522261799805,0.6920530009028468,0.9555393414679972,0.9173503557591842,0.23283809186320276,0.5087051707687109,0.42060368359150296,0.6920530009028468,0.9555393414679972,1.3070772124489567
980,15202138411788451487,0.8274718127235051,0.9565847493893175,1.227682519870924,0.7951502342555101,0.952224755880374,0.8231761195081515,0.3475294985453811,0.33264205028253035,0.5085916802006869,0.7951502342555101,0.952224755880374,1.3178177410253995
981,5324041762796222641,0.5448862476104924,0.8306404010511078,4.51921536360341,0.3422993553641191,0.7885422950477318,3.9773308723498846,0.05134093516994405,0.35036492315201545,0.5213304082186339,0.342299355364119,0.7885422950477318,4.369017891355943
982,3613639679157881788,0.7934778566557028,0.9519778715974728,1.0902834345885384,0.6611710014440408,0.9237949841165112,0.7065598822055048,0.7948775186562963,0.7359224271196404,0.40604687383849103,0.6611710014440408,0.9237949841165112,1.091201993458328
983,8190668281802008088,0.07405232632317955,0.8450759345660981,6.216733115160943,0.00011127011735000943,0.7957640809872333,5.5058982665931655,0.10801820301097922,0.7277018391315555,0.8737189730046726,0.00011127011735000943,0.7957640809872333,6.167027092032538
984,5346795232332115448,0.990673246910064,0.9748019786791223,0.9182806728804195,0.997216132934296,0.95204388173876,0.5883684753253395,0.2111513835769058,0.6499553058955373,0.4068558293083133,0.997216132934296,0.95204388173876,0.9741465014627256
985,14368595873938390874,0.745183791305846,0.9221977466535201,2.0848710339538847,0.7577132065913422,0.9277759526100449,1.5654343866560345,0.021857458618880887,0.46154015925180897,0.702952482913466,0.7577132065913422,0.9277759526100449,2.1984985029544855
986,3899575843752625596,0.8910523656470736,0.8753069640591244,2.8982142043944465,0.7896616979116693,0.78762470128598,2.5230645334996917,0.06763247313181743,0.5477498766558225,0.4373651741396223,0.7896616979116693,0.7876247012859797,2.860364135604227
987,11670348248217968870,0.9439367136213226,0.9460858461749092,1.6033251138070383,0.9735965494817312,0.9015253772243312,1.1677440591193544,0.9570968433736924,0.7554801585683708,0.46018443270049486,0.9735965494817312,0.9015253772243312,1.588596685096713
988,13119207057551930649,0.7538634550461127,0.9460176517589834,1.6441410728941064,0.5330684688522815,0.9256717850551563,1.109801939964936,0.9891074698578552,0.3896757443556372,0.6166257211965848,0.5330684688522815,0.9256717850551563,1.682394024396663
989,11723674448665702100,0.8506630199332187,0.9236098890962537,1.5653223424804465,0.8694531460738658,0.9252718475463273,1.160222528389819,0.21473211508296167,0.5061458545275065,0.5379317913743545,0.8694531460738658,0.9252718475463271,1.6430073573237272
990,11308729711935707486,0.8985229769999367,0.8721506694780061,2.9194242911362913,0.9448946572040046,0.8281134627412089,2.5309562058342507,0.9998074362985951,0.6077104750330393,0.4525502923377791,0.9448946572040048,0.8281134627412089,2.9173579496313344
991,14678839686198619283,0.700907275837855,0.9448231778312478,1.5675522391945427,0.736201227115927,0.9511550262402985,1.0859305213784363,0.8021898545441983,0.8702027137810447,0.6409993509248999,0.7362012271159271,0.9511550262402985,1.6934206964040897
992,1015985349520060992,0.9998925375203697,0.9815990946226444,0.6762749432768479,0.9968803190990202,0.9776326382912274,0.37230908442337657,0.3290042314673708,0.321706149824139,0.36784490425800986,0.9968803190990202,0.9776326382912274,0.7310872019167801
993,4204761947398704142,0.6512712767182021,0.9278826526091024,2.1288750522845814,0.5334171865117848,0.8976036675288116,1.7286950896880147,0.9797354371538882,0.5313366289669081,0.511932780731462,0.5334171865117848,0.8976036675288116,2.1694899358700352
994,16376865778082693097,0.18993326862783652,0.24309570510372225,30.57794428275217,0.06926635175599444,0.19648675586144523,29.915844406789944,0.5383248895870966,0.5364416022981859,1.8979325038058446,0.06926635175599463,0.19648675586144523,30.43551143945351
995,8248255731692064783,0.9477945233654206,0.7535955245163215,6.497585330980259,0.9006471598829374,0.7245264187793433,6.012370076464949,0.9166627006360021,0.631790604671215,0.8389623084340174,0.9006471598829379,0.7245264187793432,6.5803257013035505
996,14080472461217817287,0.9491947308708593,0.9535869190400519,1.6031653062492834,0.973785335044767,0.9455828221261199,1.2014913557919802,0.1572177299760067,0.5135448276497387,0.638136923983868,0.973785335044767,0.9455828221261199,1.7634356551727044
997,5075661193622675922,0.9989463972919033,0.9618711369796261,1.1752187793263,0.9695983294683367,0.9499388766301243,0.8178271970066058,0.1620750887822223,0.33887857097420365,0.44270935848614457,0.9695983294683367,0.9499388766301243,1.2283365441539027
998,16010089654610909133,0.9404284747615271,0.8368928660344432,4.051893497148574,0.8145701508876549,0.7545085710883561,3.5536326934502704,0.0956517373506632,0.6303314275233518,0.5587812078248892,0.8145701508876549,0.7545085710883561,4.014142134812674
999,16222310838775219263,0.36452521967937446,0.7446327648310593,8.772478446010501,0.14632379260311051,0.6779224557939546,8.174672346783087,0.4853965929557106,0.5545748939102896,0.8472062634608665,0.14632379260311082,0.6779224557939546,8.686775035284958
